comment_id,video_id,author,author_channel_url,published_at,updated_at,is_edited,like_count,text
UgynfqSYr60ISsDqQC94AaABAg,iRVVXaU6zGY,@aliabdullah8508,http://www.youtube.com/@aliabdullah8508,2026-09-12T12:41:33Z,2026-09-12T12:41:33Z,False,0,"My EPL predictions for week 4

Bournemouth 2-1 Brentford 
Aston Villa 2-2 Forest 
Chelsea 2-1 Hull City
C Palace 2-0 Ipswich 
Liverpool 3-1 Fulham
Tottenham 1-1 Everton 
Sunderland 0-2 Arsenal 
Coventry 0-1 Brighton 
Man Utd 2-1 Man City
Leeds Utd 1-2 Newcastle"
UgzfzJQAWzbnvo7hCM14AaABAg,iRVVXaU6zGY,@antoninomassimovadala7431,http://www.youtube.com/@antoninomassimovadala7431,2026-09-12T12:37:11Z,2026-09-12T12:37:11Z,False,0,"Aston Villa 3 Nottm Forest 1
Bournemouth 1 Brentford 1
Chelsea 3 Hull 0
Crystal Palace 2 Ipswich 1
Liverpool 3 Fulham 0
Tottenham 1 Everton 1
Sunderland 1 Arsenal 2
Coventry 0 Brighton 2
Man United 2 Man City 1
Leeds 1 Newcastle 1"
Ugz6D6z9E4OcpoZ3yh14AaABAg,iRVVXaU6zGY,@elias6126,http://www.youtube.com/@elias6126,2026-09-12T12:24:25Z,2026-09-12T12:24:25Z,False,0,"aston villa 2-1 forest
bournemouth 2-2 brentford
chelsea 4-2 hull
crystal palace 1-1 ipswich
liverpool 4-1 fulham
tottenham 2-1 everton
sunderland 0-2 arsenal
coventry 1-1 brighton
man utd 2-3 man city 
leeds 3-2 newcastle"
UgwTnNp0gH3z9XeAAq14AaABAg,iRVVXaU6zGY,@28thJanuary2o17,http://www.youtube.com/@28thJanuary2o17,2026-09-12T12:08:46Z,2026-09-12T12:08:46Z,False,0,"Aston Villa 0-0 Nottingham Forest
Bournemouth 2-1 Brentford
Chelsea 0-1 Hull City
Crystal Palace 2-3 Ipswich
Liverpool 2-2 Fulham 
Spurs 0-4 Everton
Sunderland 1-3 Arsenal
Coventry 1-2 Brighton
Man United 1-1 Man City
Leeds 2-1 Newcastle"
UgwI-yKyLIsZkvN5D8Z4AaABAg,iRVVXaU6zGY,@doog-2,http://www.youtube.com/@doog-2,2026-09-12T12:06:17Z,2026-09-12T12:06:17Z,False,0,"Prem predictions!(GW4)
Villa 1 Forrest 1
Bournemouth 2 Brentford 1
Chelsea 3 hull 1
Palace 0 Ipswich 1
Liverpool 4 Fulhan 2
Tottenham 0 Everton 1
Sunderland 1 arsenal 3
Brighton 3 Coventry 0
Uinited 2 city 1
Leeds 1 Newcastle 1."
UgwgjJ3wyLupcRrZJkt4AaABAg,iRVVXaU6zGY,@pawaratharva6371,http://www.youtube.com/@pawaratharva6371,2026-09-12T11:43:16Z,2026-09-12T11:43:16Z,False,0,"Aston Villa 1-2 Forrest
Bournemouth 2 - 2 Brentford
Chelsea 2 - 1 Hull
Crystal Palace 2 - 2 Ipswich
Liverpool 1- 0  Fulham
Tottenham 2 - 1 Everton 
Sunderland 0 - 2 Arsenal
Coventry 1 - 3 Brighton
Man utd 2 - 1 Man City
Leeds 0 - 2 Newcastle"
UgyNGfNyiIlwdIdwiZN4AaABAg,iRVVXaU6zGY,@nguyencole6334,http://www.youtube.com/@nguyencole6334,2026-09-12T11:34:36Z,2026-09-12T11:34:36Z,False,0,"Villa 0-0 Forest
Bournemouth 1-1 Brentford
Chelsea 2-0 Hull 
Palace 2-1 Ispwich
Liverpool 2-0 Fullham
Tottenham 0-0 Everton
Sunderland 0-1 Arsenal
Coventry 0-1 Brighton
Man United 3-2 Man City
Leeds 1-1 Newcastle"
Ugz30WfRen3dfj0m5Sh4AaABAg,iRVVXaU6zGY,@spongeguybridankia8735,http://www.youtube.com/@spongeguybridankia8735,2026-09-12T11:33:45Z,2026-09-12T11:33:45Z,False,0,"Aston Villa 2 Nottingham Forest 1
Bournemouth 2 Brentford 2
Chelsea 4 Hull 1
Crystal Palace 1 Ipswich 1
Liverpool 2 Fulham 0
Tottenham 1 Everton 1 
Sunderland 0 Arsenal 3
Coventry 1 Brighton 2
Manchester United 1 Manchester City 3
Leeds 2 Newcastle 1"
UgzY02hQTNh09d198ah4AaABAg,iRVVXaU6zGY,@channelname9468,http://www.youtube.com/@channelname9468,2026-09-12T11:26:15Z,2026-09-12T11:26:15Z,False,0,"Aston Villa 1-0 Forrest
Bournemouth 2-2 Brentford
Chelsea 2-0 Hull
Crystal Palace 3-1 Ipswich
Liverpool 3-0 Fulham
Spurs 2-1 Everton
Arsenal 3-1 Sunderland
Coventry 1-2 Brighton
Man United 0-3 Man City
Leeds 2-1 Newcastle"
Ugx_8Y86NECg0yTFPE94AaABAg,iRVVXaU6zGY,@nickpro2899,http://www.youtube.com/@nickpro2899,2026-09-12T11:18:55Z,2026-09-12T11:18:55Z,False,0,"My predictions for Gameweek 4:

Aston Villa 2 Nottingham Forest 2
Bournemouth 1 Brentford 1
Chelsea 3 Hull 1
Crystal Palace 2 Ipswich 0
Liverpool 3 Fulham 1
Tottenham 2 Everton 1
Sunderland 0 Arsenal 2
Man Utd 2 Man City 1
Coventry 1 Brighton 3
Leeds 2 Newcastle 0"
Ugxvprws4l5FBfuQpYB4AaABAg,iRVVXaU6zGY,@6038am,http://www.youtube.com/@6038am,2026-09-12T11:13:40Z,2026-09-12T11:13:40Z,False,0,"Aston Villa 0 - 1 Forrest
Bournemouth 0 - 1 Brentford
Chelsea 4 - 3 Hull
Crystal Palace 1 - 1 Ipswich
Liverpool 2 - 0 Fulham
Tottenham 0 - 1 Everton
Sunderland 1 - 1 Arsenal
Coventry 1 - 2 Brighton
Man utd 1 - 0 Man City
Leeds 1 - 2 Newcastle"
UgzZ6UMibG8kiHed1Ux4AaABAg,iRVVXaU6zGY,@ГеоргиДимитров-н6л,http://www.youtube.com/@%D0%93%D0%B5%D0%BE%D1%80%D0%B3%D0%B8%D0%94%D0%B8%D0%BC%D0%B8%D1%82%D1%80%D0%BE%D0%B2-%D0%BD6%D0%BB,2026-09-12T11:13:11Z,2026-09-12T11:13:11Z,False,0,"Aston Villa 2:1 Forest
Bournemouth 1:1 Brentford
Chelsea 2:1 Hull
Crystal Palace 1:0 Ipswich
Liverpool 2:0 Fulham
Tottenham 1:1 Everton
Sunderland 1:2 Arsenal
Coventry 0:2 Brighton 
Man United 1:2 Man City
Leeds 1:2 Newcastle"
UgxeZop0-UEd3OHtb7p4AaABAg,iRVVXaU6zGY,@CuteBenji,http://www.youtube.com/@CuteBenji,2026-09-12T11:12:51Z,2026-09-12T11:12:51Z,False,0,"Aston Villa 1 - 2 Forrest

Bournemouth 2 - 1 Brentford

Chelsea 4 - 2 Hull

Crystal Palace 0 - 3 Ipswich

Liverpool 5-1 Fulham

Tottenham 0 - 2 Everton 

Sunderland 1-0  Arsenal

Coventry 1 - 4 Brighton

Man utd 2 - 2 Man City

Leeds 2 - 1 Newcastle"
UgyDd62me83lEfclE5t4AaABAg,iRVVXaU6zGY,@xygut,http://www.youtube.com/@xygut,2026-09-12T11:07:22Z,2026-09-12T11:07:22Z,False,0,"Aston Villa 2 - 1 Forest
Bournemouth 1 - 1 Brentford
Chelsea 3 - 0 Hull
Crystal Palace 1 - 0 Ipswich
Liverpool 3- 1 Fulham
Tottenham 2 - 1 Everton
Sunderland 0 - 2 Arsenal
Coventry 0 - 1 Brighton
Man utd 1 - 2 Man City
Leeds 1 - 1 Newcastle"
UgzoRuRYV8mPSjx5Mx54AaABAg,iRVVXaU6zGY,@Maritimer22,http://www.youtube.com/@Maritimer22,2026-09-12T11:04:04Z,2026-09-12T11:04:04Z,False,0,"Aston Villa 1-1 Forest
Bournemouth 1-2 Brentford
Chelsea 3-2 Hull
Crystal Palace 0-0 Ipswich
Liverpool 1-0 Fulham
Tottenham 0-2 Everton
Sunderland 0-2 Arsenal
Coventry 0-2 Brighton
Man Utd 1-2 Man City
Leeds 2-2 Newcastle"
UgxEivV1R378IuvoDdJ4AaABAg,iRVVXaU6zGY,@martinbrophy6898,http://www.youtube.com/@martinbrophy6898,2026-09-12T11:03:34Z,2026-09-12T11:03:34Z,False,0,"Villa 2-1 forest
Bournemouth 3-1 Brentford 
Chelsea 4-2 Hull
Palace 1-1 Ipswich 
Liverpool 3-0 Fulham 
Tottenham 1-3 Everton 
Sunderland 0-3 arsenal 
Coventry 1-2 Brighton 
Man united 1-3 man city
Leeds 1-1 newcastle"
UgzJFcdpi7xhtfJZnqJ4AaABAg,iRVVXaU6zGY,@isaacmuthu4377,http://www.youtube.com/@isaacmuthu4377,2026-09-12T10:56:40Z,2026-09-12T10:56:40Z,False,0,"Liverpool 3 - 0 Fulham
Palace 1 - 1 Ipswich
Bournemouth 1 - 2 Brentfoed
Villa 2 - 1 Forest
Chelsea 1 - 2 Hull
Spurs 0 - 0 Everton
Sunderland 1 - 3 Arsenal
Coventry 2 - 4 Brighton
Manchester United 2 - 0 Manchester City
Leeds United 1 - 4 Newcastle United"
Ugw27GBC7j79wgVKRY94AaABAg,iRVVXaU6zGY,@sweatycheerioman64,http://www.youtube.com/@sweatycheerioman64,2026-09-12T10:46:12Z,2026-09-12T10:46:12Z,False,0,"Aston Villa 3-1 Nottingham Forest
Bournemouth 1-1 Brentford
Chelsea 4-0 Hull
Crystal Palace 2-2 Ipswich
Liverpool 3-0 Fulham
Tottenham 1-2 Everton
Sunderland 1-2 Arsenal
Coventry 1-3 Brighton
Manchester United 1-2 Manchester City
Leeds 0-0 Newcastle"
Ugzj5v8wYecu0O53ELZ4AaABAg,iRVVXaU6zGY,@willrelf92,http://www.youtube.com/@willrelf92,2026-09-12T10:45:32Z,2026-09-12T10:45:32Z,False,1,"Aston Villa 2-1 Nottingham Forest
Bournemouth 2-2 Brentford
Chelsea 2-0 Hull
Crystal Palace 3-1 Ipswich
Liverpool 3-2 Fulham
Spurs 1-1 Everton
Sunderland 1-2 Arsenal
Coventry 1-2 Brighton
Man Utd 1-1 Man City
Leeds 2-1 Newcastle"
Ugw0x7mTv-R0oedfVOt4AaABAg,iRVVXaU6zGY,@nabilarufai6017,http://www.youtube.com/@nabilarufai6017,2026-09-12T10:38:21Z,2026-09-12T10:38:21Z,False,0,"My predictions:

Villa 1 Forest 0
B’Mouth 2 Brentford 2
Chelsea 2 Hull 0
Crystal Palace 1 Ipswich 0
Liverpool 3 Fulham 1
Tottenham 0 Everton 2(Insha Allah)
Sunderland 0 Arsenal 3
Coventry 0 Brighton 2
Man utd 2 City 1( Fingers crossed)
Newcastle 1 Leeds 1"
UgzUN_hOSVwVBtZwJEB4AaABAg,iRVVXaU6zGY,@xpertassassin8178,http://www.youtube.com/@xpertassassin8178,2026-09-12T10:37:51Z,2026-09-12T10:37:51Z,False,0,"Aston Villa 1 - 1 Forrest
Bournemouth 2 - 2 Brentford
Chelsea 3 - 1 Hull
Crystal Palace 1 - 1 Ipswich
Liverpool 2 - 1 Fulham
Tottenham 1 - 0 Everton 
Sunderland 0 - 2 Arsenal
Coventry 1 - 3 Brighton
Man utd 2 - 1 Man City
Leeds 1 - 2 Newcastle"
UgzI-oeHvmz_7ZGbVHh4AaABAg,iRVVXaU6zGY,@Jake_T05,http://www.youtube.com/@Jake_T05,2026-09-12T10:33:33Z,2026-09-12T10:33:33Z,False,0,"Week 4 Predictions:

Bournemouth 2-2 Brentford
Aston Villa 2-1 Forest
Chelsea 3-0 Hull
Palace 2-0 Ipswich
Liverpool 3-1 Fulham
Spurs 0-2 Everton
Sunderland 0-1 Arsenal
Coventry 0-3 Brighton
Man United 2-1 Man City
Leeds 2-2 Newcastle"
UgyLp7Ct5N1_QwBOjj94AaABAg,iRVVXaU6zGY,@DylanKenendy,http://www.youtube.com/@DylanKenendy,2026-09-12T10:24:12Z,2026-09-12T10:24:12Z,False,0,"Aston Villa 2-1 forest 
Bournemouth 2-3 Brentford 
Chelsea 1-0 hull
Palace 1-2 Ipswich
Liverpool 3-1 Fulham 
Tottenham 2-2 Everton 
Sunderland 1-4 arsenal 
Coventry 0-4 Brighton 
Man U 2-4 Man City 
Leeds 3-1 Newcastle"
UgzpbNN0d6Qp2z6_kuh4AaABAg,iRVVXaU6zGY,@Rambo11500,http://www.youtube.com/@Rambo11500,2026-09-12T10:11:40Z,2026-09-12T10:11:40Z,False,0,"My Gameweek 4 Predictions 

2 Aston Villa  Forest 1
1 Bournemouth  Brentford 1
4 Chelsea  Hull 2
2 Palace  Ipswich 0
3 Liverpool Fulham 1
1 Tottenham Everton 1
0 Sunderland  Arsenal 2
1 Coventry Brighton 3
2 Man United Man City 1
2 Leeds Newcastle 2"
UgxQ14U_RNvom331yLp4AaABAg,iRVVXaU6zGY,@DJK0704,http://www.youtube.com/@DJK0704,2026-09-12T10:11:25Z,2026-09-12T10:11:25Z,False,0,"Aston Villa 2-1 Forrest
Bournemouth 0-1 Brentford
Chelsea 5-1 Hull
Crystal Palace 2-0 Ipswich 
Liverpool 3-0 Fulham
Tottenham 0-0 Everton 
Sunderland 0-2 Arsenal 
Coventry 0-3 Brighton 
Man utd 1-3 Man City 
Leeds 1-2 Newcastle"
UgzBwWNzi_qULtEVcFp4AaABAg,iRVVXaU6zGY,@Lord_of_the_Pudding,http://www.youtube.com/@Lord_of_the_Pudding,2026-09-12T10:02:41Z,2026-09-12T10:02:41Z,False,0,"Villa 0 - 0 Forest
Bournemouth 2 - 1 Brentford
Chelsea 2 - 1 Hull
Palace 2 - 0 Ipswich
Liverpool 3 - 1 Fulham
Spurs 0 - 1 Everton
Sunderland 0 - 2 Arsenal
Coventry 0 - 2 Brighton
Man Utd 1 - 3 Man City
Leeds 1 - 2 Newcastle"
UgyEHLfiVS8MzY6M9aB4AaABAg,iRVVXaU6zGY,@_simon.k_,http://www.youtube.com/@_simon.k_,2026-09-12T09:59:39Z,2026-09-12T09:59:39Z,False,0,"Bournemouth 1 Brentford 1
Aston Villa 2 Nottingham Forest 1
Chelsea 3 Hull City 0
Crystal Palace 2 Ipswich 1
Liverpool 3 Fulham 1
Tottenham 1 Everton 1
Sunderland 0 Arsenal 2
Coventry 1 Brighton 2
Manchester United 1 Manchester City 2
Leeds 1 Newcastle 2"
Ugxia3EGfL66Euji7Rl4AaABAg,iRVVXaU6zGY,@leejohnmwadime3205,http://www.youtube.com/@leejohnmwadime3205,2026-09-12T09:55:03Z,2026-09-12T09:55:03Z,False,0,"Aston Villa 1 Nottingham 1
Bournemouth 2.brentford 2
Chelsea 1 hull 2
Palace 2 Ipswich 1
Liverpool 1 fulham 1
Tottenham 1 Everton 2
Arsenal 2 sunderland 0
Brighton 1 Coventry 1
Manchester united 1 man city 4
Leeds 1 Newcastle 1"
UgxEiaof2aXADWmxvLR4AaABAg,iRVVXaU6zGY,@LuisValex,http://www.youtube.com/@LuisValex,2026-09-12T09:54:34Z,2026-09-12T09:54:34Z,False,0,"Liverpool 3 Fulham 1 
Bournemouth 1 Brentford 1 
Aston Villa 1 Nottingham forest 1
Chelsea 3 Hull City 0
Crystal Palace 2 Ipswich 1
Spurs 2 Everton 2 
Sunderland 0 Arsenal 1
Coventry 1 Brighton 3 
Man Utd 2 Man City 0
Leeds 2 Newcastle 2"
UgxX8Xg5SPujoQWvyLl4AaABAg,iRVVXaU6zGY,@Kaiboi111,http://www.youtube.com/@Kaiboi111,2026-09-12T09:48:39Z,2026-09-12T10:24:16Z,True,0,"Aston Villa 0-1 Nottingham Forest
Bournemouth 1-1 Brentford
Chelsea 2-0 Hull
Crystal Palace 1-1 Ipswich
Liverpool 3-0 Fulham
Tottenham 0-0 Everton
Sunderland 1-3 Arsenal
Coventry 0-2 Brighton
Manchester United 3-2 Manchester City
Leeds 1-1 Newcastle

(Only edited as I forget to put in Coventry v Brighton)"
Ugwwqr_t7YgL3CsOZCl4AaABAg,iRVVXaU6zGY,@TawananyashaMufandaedza-c3k,http://www.youtube.com/@TawananyashaMufandaedza-c3k,2026-09-12T09:29:34Z,2026-09-12T09:29:34Z,False,0,"Liverpool 3 Fulham 0
Crystal Palace 2 Ipswich Town 0
Bournemouth 1 Brentford 1
Aston Villa 2 Nottm Forest 2
Chelsea 3 Hull 1
Spurs 2 Everton 1
Sunderland 0 Arsenal 2
Coventry 0 Brighton 1
Man United 1 Man City 3
Leeds 0 Newcastle 2"
UgzDF32gL1CKp97Ri3N4AaABAg,iRVVXaU6zGY,@hamzaelkholy3289,http://www.youtube.com/@hamzaelkholy3289,2026-09-12T09:21:31Z,2026-09-12T09:21:31Z,False,0,"bournemouth 0 - 1 brentford
aston villa 1 - 0 forest
chelsea 2 - 1 hull
palace 1 - 0 ipswich
Liverpool 3 - 1 fulham
spurs 0 - 0 everton
sunderland 0 - 1 arsenal
coventry 2 - 3 brighton
united 0 - 0 city
leeds 1 - 2 newcastle"
Ugx2LYMEmGqHKK0QCOR4AaABAg,iRVVXaU6zGY,@Kam08-r5u,http://www.youtube.com/@Kam08-r5u,2026-09-12T09:20:11Z,2026-09-12T09:20:11Z,False,0,"Liverpool 3-0 Fulham
Palace 2-1 Ipswich
Bournemouth 1-2 Brentford
Chelsea 3-0 Hull
Spurs 1-1 Everton 
Sunderland 0-2 Arsenal 
Coventry 1-3 Brighton 
Man United 3-2 Man City
Leeds 1-0 Newcastle"
UgypRd025V411aghBxJ4AaABAg,iRVVXaU6zGY,@Kreigsmun,http://www.youtube.com/@Kreigsmun,2026-09-12T09:14:43Z,2026-09-12T09:14:43Z,False,0,"My predictions for Gameweek 4
Aston Villa 2 Nottingham Forest 3
Bournemouth 1 Brentford 3
Chelsea 1 Hull 2
Crystal Palace 1 Ipswich 1
Liverpool 3 Fulham 0
Tottenham 0 Everton 0
Sunderland 1 Arsenal 3
Coventry 1 Brighton 2
Man United 2 Man City 2
Leeds 2 Newcastle 0"
UgzKqeyNVTOUzb_7tRJ4AaABAg,iRVVXaU6zGY,@vlaha420,http://www.youtube.com/@vlaha420,2026-09-12T09:10:20Z,2026-09-12T09:10:20Z,False,1,"Aston Villa 2-0 Nottingham Forest
Bournemouth 1-1 Brentford
Chelsea 3-0 Hull
Crystal Palace 2-1 Ipswich Town
Liverpool 2-1 Fullham
Tottenham 0-0 Everton
Sunderland 2-3 Arsenal
Coventry 0-1 Brighton
Manchester United 1-3 Manchester City
Leeds 2-2 Newcastle"
UgxtZA7HpteyEN1NfcV4AaABAg,iRVVXaU6zGY,@LXD6-r2u,http://www.youtube.com/@LXD6-r2u,2026-09-12T09:00:07Z,2026-09-12T09:00:07Z,False,0,where to give prdiction (yeah im stupid)
Ugw6oykZiCbNwxu1aOB4AaABAg,iRVVXaU6zGY,@dolphin088,http://www.youtube.com/@dolphin088,2026-09-12T08:53:08Z,2026-09-12T08:53:08Z,False,0,"Aston Villa 0 - 1 Forrest 
Bournemouth 0 - Brentford 2 
Chelsea 2 - Hull 1 
Crystal Palace 1 - 2 Ipswich 
Liverpool 2 - 0 Fulham 
Tottenham 1 - 1 Everton 
Sunderland 1 - 1 arsenal 
Coventry 0 - 3 Brighton 
Man United 1 - 2 Man City 
Leeds 2 - 0 Newcastle"
UgybLwQLyaG18qf7JQp4AaABAg,iRVVXaU6zGY,@DireSway,http://www.youtube.com/@DireSway,2026-09-12T08:47:06Z,2026-09-12T08:47:06Z,False,0,"villa v forest : 1-2
bournemouth v brentford: 1-1
Chelsea v Hull: 1-2
palace v ipswich: 2-1
Liverpool v Fulham: 3-1
Spurs v Everton: 2-1
Sunderland v Arsenal: 1-1
Coventry v Brighton: 0-2
Man united v Man City: 3-1
Leeds vs Newcastle: 1-1"
UgyOh0-gs3pnL9XwmrR4AaABAg,iRVVXaU6zGY,@Prod.Dizzy0nz,http://www.youtube.com/@Prod.Dizzy0nz,2026-09-12T08:44:47Z,2026-09-12T08:44:47Z,False,0,"Aston Villa 2 - 1 Forrest
Bournemouth 2 - 2 Brentford
Chelsea 4 - 1 Hull
Crystal Palace 1 - 2 Ipswich
Liverpool 3 - 1 Fulham
Tottenham 0 - 1 Everton
Sunderland 0 - 0 Arsenal
Coventry 1 - 3 Brighton
Man utd 2 - 3 Man City
Leeds 2 - 1 Newcastle"
UgxaDIwuEGZWdfEnqoZ4AaABAg,iRVVXaU6zGY,@WMSFAN205,http://www.youtube.com/@WMSFAN205,2026-09-12T08:23:09Z,2026-09-12T08:23:09Z,False,0,"Aston Villa 1-0 Forest
Bournemouth 2-2 Brentford
 Chelsea 2-0 Hull 
 Palace 2-1 Ipswich
 Liverpool 3-0 Fulham
Tottenham 0-1 Everton
 Sunderland 0-2 Arsenal
 Coventry 0-2 Brighton
Man United 1-1 Man City
Leeds 2-1 Newcastle"
Ugx_c_lg2sslvegwaUh4AaABAg,iRVVXaU6zGY,@alfredopergreno9543,http://www.youtube.com/@alfredopergreno9543,2026-09-12T08:18:55Z,2026-09-12T08:18:55Z,False,0,"Aston Villa 1 Forest 2
Bournemouth 1 Brentford 1
 Chelsea 1 Hull 2
Palace 2 Ipswich 1
Liverpool 2 Fulham 0
Tottenham 1 Everton 2
 Sunderland 1 Arsenal 0
Coventry 1 Brighton 1
Man United 2 Man City0
 Leeds 0 Newcastle 4"
UgzOeAjMNmZ1E_7-Y3d4AaABAg,iRVVXaU6zGY,@youngoriginal03,http://www.youtube.com/@youngoriginal03,2026-09-12T07:59:38Z,2026-09-12T07:59:38Z,False,1,"premier league predictions GW4:
Aston Villa 0-0 Forrest
Bournemouth 1-2 Brentford
Chelsea 3-1 Hull
Palace 2-0 Ipswich 
Liverpool 2-0 Fulham
Spurs 1-0 Everton
Sunderland 0-2 Arsenal 
Coventry 1-0 Brighton
United 2-2 City
Leeds 3-2 Newcastle"
Ugz4qMv6-0soALfmvpl4AaABAg,iRVVXaU6zGY,@AbdulHannan-pw7vn,http://www.youtube.com/@AbdulHannan-pw7vn,2026-09-12T07:50:17Z,2026-09-12T07:50:17Z,False,0,"Premier league predictions game week 4
Bournemouth Vs Brentford : 1-1
Aston villa Vs Nottingham forest : 2-1
Chelsea Vs hull : 3-1
Crystal palace Vs Ipswich : 2-0
Liverpool Vs Fulham : 1-1
Tottenham Vs Everton : 2-1
Sunderland Vs arsenal : 1-1
Coventry Vs Brighton : 0-3
Man united Vs man city : 3-1
Leeds Vs Newcastle : 2-1"
UgxWDNE-ts839ILIMYZ4AaABAg,iRVVXaU6zGY,@danielmag5883,http://www.youtube.com/@danielmag5883,2026-09-12T07:26:08Z,2026-09-12T07:26:08Z,False,0,"Bournemouth 1- 2 Brentford
Villa 1-1 Forest
Chelsea 1-1 Hull
Palace 1-1 Ipswich 
Liverpool 2-0 Fulham
Spurs 1-1 Everton
Sunderland 0-3 Arsenal
Coventry 1-3 Brighton
Man Utd 2-2 Man City
Leeds 1-1 Newcastle"
UgwtlMKb61M9_oEK0v94AaABAg,iRVVXaU6zGY,@Krish_Krishna_Roxxx,http://www.youtube.com/@Krish_Krishna_Roxxx,2026-09-12T07:21:47Z,2026-09-12T07:21:47Z,False,0,"Aston Villa 1 Forrest 2
Bournemouth 2 Brentford 2
Chelsea 0 Hull 1
Crystal Palace 1 Ipswich 1
Liverpool 3 Fulham 3
Tottenham 1 Everton 3
Sunderland 2 Arsenal 1
Coventry 1 Brighton 2
Man utd 3 Man City 4
Leeds 1 Newcastle 3"
Ugzkb2UTu-TFh5wXVxh4AaABAg,iRVVXaU6zGY,@heywho1139,http://www.youtube.com/@heywho1139,2026-09-12T07:19:50Z,2026-09-12T07:19:50Z,False,0,"Aston villa 3-1 forrest
Bournemouth 1-2 brentford 
Chelsea 2-1 hull 
Crystal palace 2-1 Ipswich 
Liverpool 2-2 fulham 
Tottenham 1-3 Everton 
Sunderland1-2 Arsenal   
Coventry 0-1 
Man utd 3- 2 city 
Leeds 0-1 Newcastle"
UgzbxVdaFITbiHMKHVR4AaABAg,iRVVXaU6zGY,@landon_emc13,http://www.youtube.com/@landon_emc13,2026-09-12T07:12:17Z,2026-09-12T07:12:17Z,False,0,"Bournemouth 1-1 Brentford
Aston Villa 0-0 Nottingham Forest 
Chelsea 2-1 Hull
Crystal Palace 1-0 Ipswich
Liverpool 3-1 Fulham
Spurs 0-2 Everton
Sunderland 0-3 Arsenal
Coventry 0-2 Brighton
Manchester United 3-2 Manchester City
Leeds 2-2 Newcastle"
UgyQ2vofgG-Ei2j6WAN4AaABAg,iRVVXaU6zGY,@Pokevlogster,http://www.youtube.com/@Pokevlogster,2026-09-12T07:08:28Z,2026-09-12T07:08:28Z,False,0,"Aston Villa 2-1 Nottingham Forest
Bournemouth 1-1 Brentford
Chelsea 2-0 Hull
Crystal Palace 2-1 Ipswich
Liverpool 3-1 Fulham
Spurs 0-1 Everton
Sunderland 0-3 Arsenal
Coventry 1-2 Brighton
Man United 1-2 Man City
Leeds 1-2 Newcastle"
UgyuhN79xp_mQyLl5UR4AaABAg,iRVVXaU6zGY,@Dr.CHANCHO,http://www.youtube.com/@Dr.CHANCHO,2026-09-12T07:07:25Z,2026-09-12T07:07:25Z,False,1,"Aston Villa 2 - 0 Nottingham Forrest
Bournemouth 2 - 2 Brentford
Chelsea 4 - 0 Hull
Crystal Palace 2 - 0 Ipswich
Liverpool 2 - 1 Fulham
Tottenham 1 - 1 Everton
Sunderland 0 - 2 Arsenal
Coventry 0 - 3 Brighton
Man United 2 - 1 Man City
Leeds 0 - 1 Newcastle"
Ugy2ONT053KlwAVeWFR4AaABAg,iRVVXaU6zGY,@u_s_man9610,http://www.youtube.com/@u_s_man9610,2026-09-12T06:50:42Z,2026-09-12T06:50:42Z,False,1,"Aston Villa 1 - 1 Forrest
Bournemouth 2 - 2 Brentford
Chelsea 1 - 1 Hull
Crystal Palace 1 - 2 Ipswich
Liverpool 2 - 2Fulham
Tottenham 0 - 1 Everton
Sunderland 0 - 4 Arsenal
Coventry 1 - 5 Brighton
Man United 3 - 2 Man City 
Leeds 2 - 1 Newcastle"
Ugy-4sCm2fnizl7fugx4AaABAg,iRVVXaU6zGY,@turtleking-t8u,http://www.youtube.com/@turtleking-t8u,2026-09-12T06:48:23Z,2026-09-12T06:48:23Z,False,0,"Aston Villa 0-1 Forest
Bournemouth 1-1 Brentford
Chelsea 1-0 Hull
Palace 1-1 Ipswich
Liverpool 2-0 Fulham
Tottenham 0-2 Everton
Sunderland 1-1 Arsenal
Coventry 0-2 Brighton
Man United 1-2 Man City
Leeds 2-2 Newcastle"
Ugwm9RYlsRJmqwZQG0l4AaABAg,iRVVXaU6zGY,@fedechiesaenjoyer,http://www.youtube.com/@fedechiesaenjoyer,2026-09-12T06:42:35Z,2026-09-12T06:42:35Z,False,0,"Aston Villa 2-1 Nottingham Forest
Bournemouth 3-2 Brentford
Chelsea 1-1 Hull
Crystal Palace 2-0 Ipswich 
Liverpool 3-1 Fulham 
Tottenham 0-2 Everton
Sunderland 0-3 Arsenal 
Coventry 1-2 Brighton 
Man United 3-3 Man City 
Leeds 2-2 Newcastle"
Ugya6SXB0UeoDqPVaCV4AaABAg,iRVVXaU6zGY,@TrashBoat2604,http://www.youtube.com/@TrashBoat2604,2026-09-12T06:39:36Z,2026-09-12T06:39:36Z,False,0,"Liverpool 3 Fulham 0
Palace 2 Ipswich 1
Bournemouth 2 Brentford 2
Aston Villa 3 Forest 1
Chelsea 2 Hull 0
Spurs 1 Everton 1
Sunderland 0 Arsenal 4
Coventry 1 Brighton 3
Man United 4 Man City 3
Leeds 2 Newcastle 3"
Ugy137AJ3-ECUbHmy354AaABAg,iRVVXaU6zGY,@Vicksk7iGoli,http://www.youtube.com/@Vicksk7iGoli,2026-09-12T06:37:50Z,2026-09-12T06:37:50Z,False,0,"My PL Predictions

Villa 1-0 Forest
Brentford 2-1 Bournemouth
Chelsea 1-1 Hull
Liverpool 2-2 Fulham
Tottenham 3-1 Everton
Arsenal 4-2 Sunderland
Brighton 1-0 Coventry
Man City 2-0 Man United
Leeds 1-1 Newcastle"
UgxGmocWEfbz4zh4Lg94AaABAg,iRVVXaU6zGY,@bengtgunnardereksson2090,http://www.youtube.com/@bengtgunnardereksson2090,2026-09-12T06:30:17Z,2026-09-12T06:30:17Z,False,0,"Aston Villa v Forest 1-0
Bournemouth v Brentford 1-1
Chelsea v Hull 4-1
Palace v Ipswich 0-0
Liverpool v Fulham 3-1
Tottenham v Everton 2-0
Sunderland v Arsenal 0-1
Coventry v Brighton 2-2
Man United v Man City 2-1
Leeds v Newcastle 1-1"
Ugx0gj5cxoXbQjc70p94AaABAg,iRVVXaU6zGY,@HectorGarcia-wr9sc,http://www.youtube.com/@HectorGarcia-wr9sc,2026-09-12T06:15:03Z,2026-09-12T06:15:52Z,True,0,"Gameweek 4 predictions

Aston villa 2 forest 1
Bournemouth 1 Brentford 1
Palace 2 Ipswich 0
Liverpool 3 Fulham 1
Sunderland 0 Arsenal 2
Coventry 1 Brighton 1
Man utd 1 city 2
Leeds 1 Newcastle 1
Tottenham 1 Everton 1"
UgynesK8hrKlxXdIxu54AaABAg,iRVVXaU6zGY,@ДушанРаковић,http://www.youtube.com/@%D0%94%D1%83%D1%88%D0%B0%D0%BD%D0%A0%D0%B0%D0%BA%D0%BE%D0%B2%D0%B8%D1%9B,2026-09-12T06:00:53Z,2026-09-12T06:00:53Z,False,0,"My predictions for gameweek 4
Bournemouth-Brentford 2-1
Villa-Forest 1-1
Chelsea-Hull 4-0
Palace-Ipshwich 2-1
Liverpool-Fulham 3-1
Spurs-Everton 1-0
Sunderland-Arsenal 0-3
Coventry-Brigthon 1-2
Man Utd-Man City 2-2
Leeds-Newcastle 1-1"
UgxdCtIuAZ9nlDm7zjx4AaABAg,iRVVXaU6zGY,@DummyMama-tv4hg,http://www.youtube.com/@DummyMama-tv4hg,2026-09-12T05:34:17Z,2026-09-12T05:34:17Z,False,0,"Aston Villa 1 - 2 Forrest
Bournemouth 2 - 2 Brentford
Chelsea 3 - 1 Hull
Crystal Palace 2 - 0 Ipswich
Liverpool 4- 1 Fulham
Tottenham  1 - 1 Everton 
Sunderland 0 - 3 Arsenal
Coventry 1 - 3 Brighton
Man utd 0 - 2 Man City
Leeds 2 - 2 Newcastle"
UgxwWIv2Yg8xkiAfDIZ4AaABAg,iRVVXaU6zGY,@snash8831,http://www.youtube.com/@snash8831,2026-09-12T05:11:55Z,2026-09-12T05:11:55Z,False,0,"Aston Villa 0 Nottm Forest 0
Bournemouth 2 Brentford 2
Chelsea 2 Hull City 0
Crystal Palace 3 Ipswich 1
Liverpool 4 Fulham 2
Tottenham 1 Everton 1
Sunderland 0 Arsenal 2
Coventry 2 Brighton 2
Man Utd 0 Man City 0
Leeds 1 Newcastle 1"
UgwBxz6J4_V4ybvz1nt4AaABAg,iRVVXaU6zGY,@ethanedwards1037,http://www.youtube.com/@ethanedwards1037,2026-09-12T04:58:16Z,2026-09-12T04:58:16Z,False,0,"Gameweek 4 Predictions:
Aston Villa 0 Nottingham Forest 0
Bournemouth 1 Brentford 1
Chelsea 6 Hull 1
Palace 1 Ipswich 1
Liverpool 5 Fulham 1
Spurs 2 Everton 1
Sunderland 0 Arsenal 1
Coventry 1 Brighton 0
Man United 2 Man City 2
Leeds 1 Newcastle 0"
UgwPT0Ykd3K6G3E1qmV4AaABAg,iRVVXaU6zGY,@Gullpatron,http://www.youtube.com/@Gullpatron,2026-09-12T04:11:28Z,2026-09-12T04:11:28Z,False,0,"Aston Villa 0 Forrest 1
Bournemouth 1 Brentford 0
Chelsea 3 Hull 1
Crystal Palace 2 Ipswich 0
Liverpool 1 Fulham 0
Tottenham 2 Everton 1
Sunderland 1 Arsenal 0
Coventry 1 Brighton 0
Man utd 2 Man City 1
Leeds 2 Newcastle 1"
Ugwpe1iJ1EDTDZAqP-p4AaABAg,iRVVXaU6zGY,@Pedro-st3pg,http://www.youtube.com/@Pedro-st3pg,2026-09-12T03:52:22Z,2026-09-12T03:52:22Z,False,0,"Aston Villa 1 - 0 Forrest
Bournemouth 2 - 3 Brentford
Chelsea 2 - 0 Hull
Crystal Palace 2 - 1 Ipswich
Liverpool 3 - 0 Fulham
Tottenham 2 - 1 Everton 
Sunderland 0 - 1 Arsenal
Coventry 1 - 1 Brighton
Man utd 1 - 2 Man City
Leeds 2 - 2 Newcastle"
UgxRJDAjG6K9UoqF5SZ4AaABAg,iRVVXaU6zGY,@LurDurr,http://www.youtube.com/@LurDurr,2026-09-12T03:32:58Z,2026-09-12T03:32:58Z,False,0,"My predictions

Aston Villa 2 Forest 1
Bournemouth 2 brentford 2
chelsea 2 hull 0
palace 0 ipswich 1
liverpool 4 fullham 1
tottenham 1 everton 0
sunderland 0 arsenal 1
coventry 0 brighton 2
man united 2 man city 4
 leeds 1 newcastle 1"
UgzJBsBE8oUrz3lAcl94AaABAg,iRVVXaU6zGY,@bingoper48_44,http://www.youtube.com/@bingoper48_44,2026-09-12T03:32:57Z,2026-09-12T03:32:57Z,False,0,"Aston Villa 1-2 Nottingham Forrest
Bournemouth 0-1 Brentford
Chelsea 3-1 Hull
Crystal Palace 2-1 Ipswich 
Liverpool 4-2 Fulham 
Tottenham 1-2 Everton
Sunderland - Arsenal
Coventry 0-0 Brighton
Man United 2-2 Man City
Leeds 0-2 Newcastle"
UgxhxV2Jguq-53ayMDh4AaABAg,iRVVXaU6zGY,@inzablia5520,http://www.youtube.com/@inzablia5520,2026-09-12T03:31:57Z,2026-09-12T03:31:57Z,False,0,"Villa 2-1 Forest
Bournemouth 0-1 Brentford
Chelsea 2-0 Hull 
Palace 0-0 Ipswich 
Liverpool 2-0 Fulham 
Spurs 0-1 Everton 
Sunderland 0-2 Arsenal
Coventry 0-2 Brighton
Manchester United 2-1 City 
Leeds 1-2 Newcastle"
UgwgM_ibhiBkTa6cD4R4AaABAg,iRVVXaU6zGY,@Kushlalwani22,http://www.youtube.com/@Kushlalwani22,2026-09-12T03:04:03Z,2026-09-12T03:04:03Z,False,0,"AVL 1-1 NFO
BOU 1-2 BRE
CHE 4-1 HUL
CRY 1-1 IPS
LIV 3-1 FUL
TOT 1-1 EVE
SUN 0-2 ARS
COV 0-2 BHA
MUN 2-2 MCI
LEE 3-3 NEW"
UgxvLq92UiK2GwQ7Q8d4AaABAg,iRVVXaU6zGY,@KillKvara,http://www.youtube.com/@KillKvara,2026-09-12T03:03:35Z,2026-09-12T03:03:35Z,False,0,"Aston Villa 3 - 1 Forrest
Bournemouth 2 - 2 Brentford
Chelsea 3 - 0 Hull
Crystal Palace 1 - 1Ipswich
Liverpool 3- 1 Fulham
Tottenham 1 - 1Everton 
Sunderland 0 - 2 Arsenal
Coventry 1 - 3 Brighton
Man utd 2 - 1 Man City
Leeds 1 - 2 Newcastle"
UgzdanfVPCAHrYyxbi14AaABAg,iRVVXaU6zGY,@majahki,http://www.youtube.com/@majahki,2026-09-12T02:46:32Z,2026-09-12T02:46:32Z,False,1,"My prediction

Aston Villa 1 - 0 Nottingham Forest
Bournemouth 1 - 1 Brentford
Chelsea 3 - 0 Hull
Crystal Palace 2 - 1 Ipswich
Liverpool 2 - 1 Fulham
Tottenham 1 - 1 Everton
Sunderland 0 - 1 Arsenal
Coventry 1 - 1 Brighton
Man Utd 1 - 1 Man City
Leeds 1 - 1 Newcastle"
UgzRBOs-7fybkeaZzo54AaABAg,iRVVXaU6zGY,@Anotherjuan0,http://www.youtube.com/@Anotherjuan0,2026-09-12T02:46:23Z,2026-09-12T02:46:23Z,False,0,"My predictions:

Aston Villa 2 - 2 Forrest
Bournemouth 2 - 2 Brentford
Chelsea 3 - 2 Hull
Crystal Palace 2 - 1 Ipswich
Liverpool 3 - 0 Fulham
Tottenham 1 - 2 Everton
Sunderland 1 - 3 Arsenal
Coventry 2 - 2 Brighton
Man United 3 - 2 Man City
Leeds 2 - 1 Newcastle"
Ugyk2pBsIvNvDE82Lad4AaABAg,iRVVXaU6zGY,@edi0157,http://www.youtube.com/@edi0157,2026-09-12T02:44:51Z,2026-09-12T02:44:51Z,False,0,"Finally we get an early video so I manage to get all my predictions in early lets goooo, thanks Irish Guy! If Hull actually gets the 4th clean sheet this will be the funniest thing of all time but I don’t think they will either. I also feel for Tottenham ever since the Poch days, it s CRAZY whats happening to them but I will back against them. Here we go with the predictions:

Forest 1 Aston Villa 0
Bournemouth 1 Brentford 1
Chelsea 3 Hull 1
Crystal Palace 2 Ipswich 0
Liverpool 3 Fulham 0
Tottenham 0 Everton 1
Sunderland 0 Arsenal 1
Coventry 0 Brighton 1
Manchester United 1 Manchester City 2
Leeds 1 Newcastle 1"
UgxU4fIngDT39-CvLhx4AaABAg,iRVVXaU6zGY,@sean4904,http://www.youtube.com/@sean4904,2026-09-12T02:41:09Z,2026-09-12T02:41:09Z,False,0,"Liverpool 3 Fulham 0
Crystal Palace 2 Ipswich Town 0
Bournemouth 2 Brentford 1
Aston Villa 2 Nottm Forest 1
Chelsea 3 Hull 0
Spurs 3 Everton 1
Sunderland 1 Arsenal 3
Coventry 1 Brighton 2
Man United 0 Man City 2
Leeds 1 Newcastle 1"
UgyzbtdHBFatqGsTdLJ4AaABAg,iRVVXaU6zGY,@MZAce,http://www.youtube.com/@MZAce,2026-09-12T02:01:49Z,2026-09-12T02:01:49Z,False,0,"Had 3 correct scores and a bunch of right results last week so following that up with a massive 0 points this time!

Aston Villa v Forest 3-1
Bournemouth v Brentford 1-2
Chelsea v Hull 2-0
Palace v Ipswich 0-0
Liverpool v Fulham 2-0
Tottenham v Everton 1-1
Sunderland v Arsenal 0-3
Coventry v Brighton 0-0
Man United v Man City 1-2
Leeds v Newcastle 1-1"
UgyQbssqLVngFTvRefR4AaABAg,iRVVXaU6zGY,@silversalamence10,http://www.youtube.com/@silversalamence10,2026-09-12T01:57:58Z,2026-09-12T01:57:58Z,False,0,"Liverpool 2 Fulham 0
Crystal Palace 1 Ipswich 1
Bournemouth 2 Brentford 1
Aston Villa 1 Nottingham Forest 0
Chelsea 2 Hull 0
Tottenham 0 Everton 1
Sunderland 1 Arsenal 3
Coventry 1 Brighton 1
Man United 1 Man City 2
Leeds 2 Newcastle 2"
Ugwfbbf0aAZh01MByBh4AaABAg,iRVVXaU6zGY,@Zeroisking0,http://www.youtube.com/@Zeroisking0,2026-09-12T01:48:19Z,2026-09-12T01:48:19Z,False,0,"My Prediction for Gameweek 4

Aston Villa 1-2 Nottingham Forest 
Bournemouth 2-1 Brentford
Chelsea 3-1 Hull
Crystal Palace 1-2 Ipswich 
Liverpool 4-0 Fulham
Spurs 1-3 Everton
Sunderland 1-1 Arsenal 
Coventry 1-0  Brighton
Manchester United 3-2 Manchester City
Leeds 2-2 Newcastle"
UgyBknPrXMswRCKvtwl4AaABAg,iRVVXaU6zGY,@choj619,http://www.youtube.com/@choj619,2026-09-12T01:09:34Z,2026-09-12T01:09:34Z,False,0,"Predictions 
Liverpool 2 Fulham 0
Crystal Palace 1 Ipswich Town 1
Bournemouth 2 Brentford 2
Aston Villa 2 Nottingham Forest 1
Chelsea 3 Hull 0
Spurs 0 Everton 1
Sunderland 0 Arsenal 2
Coventry 0 Brighton 1
Man United 1 Man City 2
Leeds 1 Newcastle 1"
Ugy0Udk00xGwkrcUz1F4AaABAg,iRVVXaU6zGY,@haamid4,http://www.youtube.com/@haamid4,2026-09-12T00:50:52Z,2026-09-12T00:50:52Z,False,0,"PREMIER LEAGUE WEEK 4 PREDICTIONS
Aston Villa 1-0 Nottingham Forest
Bournemouth 2-1 Brentford
Chelsea 2-0 Hull City
Crystal Palace 3-1 Ipswich Town
Liverpool 4-2 Fulham
Tottenham Hotspur 0-1 Everton
Sunderland 0-2 Arsenal
Coventry City 2-1 Brighton (my upset)
Manchester United 1-3 Manchester City
Leeds United 2-1 Newcastle United (Wilson to finally score)"
Ugxxr0WL758gZaSovWV4AaABAg,iRVVXaU6zGY,@dudeacus1,http://www.youtube.com/@dudeacus1,2026-09-12T00:34:01Z,2026-09-12T00:34:01Z,False,0,"Bournemouth 1-1 Brentford
Aston Villa 1-2 Forest
Chelsea 2-0 Hull
Crystal Palace 0-1 Ipswich 
Liverpool 3-0 Fulham
Spurs 0-0 Everton
Sunderland 0-2 Arsenal
Coventry 2-0 Brighton
Man Utd 2-1 Man City
Leeds 2-2 Newcastle"
UgygxtVllphTC8cmTzN4AaABAg,iRVVXaU6zGY,@dylanparker130,http://www.youtube.com/@dylanparker130,2026-09-12T00:27:48Z,2026-09-12T00:27:48Z,False,0,All the Predictions League needs now is for someone to go all Big Ange and tell everyone they always win a trophy in their 2nd season 😂
UgzVTJZPVZ8GOmZ3Aw14AaABAg,iRVVXaU6zGY,@dylanparker130,http://www.youtube.com/@dylanparker130,2026-09-12T00:24:23Z,2026-09-12T00:24:23Z,False,0,"GW4 Predictions:

Liverpool 2 Fulham 1
Palace 2 Ipswich 2
Bournemouth 2 Brentford 1
Villa 2 Forest 2
Chelsea 2 Hull 0
Spurs 1 Everton 2
Sunderland 1 Arsenal 2
Coventry 2 Brighton 2
United 2 City 3
Leeds 2 Newcastle 1"
UgzlGnXapwI-WHqD7bp4AaABAg,iRVVXaU6zGY,@natsuo6056,http://www.youtube.com/@natsuo6056,2026-09-11T23:56:48Z,2026-09-11T23:56:48Z,False,0,"Aston Villa v Forest 3-2
Bournemouth v Brentford 1-2
Chelsea v Hull 3-2
Palace v Ipswitch 2-1
Liverpool v Fulham 2-1
Tottenham v Everton 1-2
Sunderland v Arsenal 0-2
Coventry v Brighton 1-3
Man United v Man City 1-2
Leeds v Newcastle 2-2"
UgxfpHN5u6kbbYM7HZt4AaABAg,iRVVXaU6zGY,@chaitanyabahl3623,http://www.youtube.com/@chaitanyabahl3623,2026-09-11T23:33:34Z,2026-09-11T23:33:34Z,False,0,"AVL 0-2 NFO
BOU 2-1 BRE
CHE 2-1 HUL
CRY 2-0 IPS
LIV 1-1 FUL
TOT 0-1 EVE
SUN 0-2 ARS
COV 0-2 BHA
MUN 2-1 MCI
LEE 2-1 NEW"
UgxA6F-wkWkuFbYauqB4AaABAg,iRVVXaU6zGY,@ljrsavage6612,http://www.youtube.com/@ljrsavage6612,2026-09-11T23:31:12Z,2026-09-11T23:31:12Z,False,0,"Aston Villa 2 Nottingham Forest 1 
Bournemouth 1 Brentford 1 
Chelsea 4 Hull City 2
Crystal Palace 0 Ipswich 0 
Liverpool 3 Fulham 0
Tottenham 1 Everton 2 
Sunderland 0 Arsenal 2 
Coventry 1 Brighton 3 
Man United 2 Man City 3 
Leeds 2 Newcastle 2"
UgxrKd2RUxC2PdB-K2l4AaABAg,iRVVXaU6zGY,@thegeordieview9215,http://www.youtube.com/@thegeordieview9215,2026-09-11T23:05:51Z,2026-09-11T23:05:51Z,False,0,"My predictions:
Aston Villa 1 Nottingham Forest 0
Bournemouth 2 Brentford 1
Chelsea 2 Hull 1
Crystal Palace 3 Ipswich 1
Liverpool 3 Fulham 1
Tottenham 1 Everton 1
Sunderland 1 Arsenal 2
Coventry 1 Brighton 2
Man Utd 2 Man City 2
Leeds 2 Newcastle 2"
Ugw4oIV-wU_3Hjkwa_d4AaABAg,iRVVXaU6zGY,@janvragolovic8565,http://www.youtube.com/@janvragolovic8565,2026-09-11T22:56:16Z,2026-09-11T22:56:16Z,False,0,"Aston Villa 1 Nottingham Forest 1
Bournemouth 3 Brentford 2
Chelsea 3 Hull 0
Crystal Palace 2 Ipswich 1
Liverpool 1 Fulham 0
Tottenham 1 Everton 1
Sunderland 1 Arsenal 1
Coventry 1 Brighton 2
Man United 2 Man City 1
Leeds 2 Newcastle 1"
UgxZTF8T-lgsnodocAV4AaABAg,iRVVXaU6zGY,@dansims3857,http://www.youtube.com/@dansims3857,2026-09-11T22:54:16Z,2026-09-11T22:54:16Z,False,0,"My predictions for Gameweek 4

Aston villa 1 - 1 Nottingham Forrest 
Bournemouth 1 - 2 Brentford 
Chelsea 0 - 1 Hull City 
Crystal Palace 2 - 1 Ipswich 
Liverpool 4 - 0 Fulham 
Tottenham 1 - 1 Everton
Sunderland 0 - 3 Arsenal 
Coventry 0 - 2 Brighton 
Manchester United 2 - 1 Manchester City 
Leeds 0 - 1 Newcastle"
UgyD6embmZgfAPxzyJ54AaABAg,iRVVXaU6zGY,@1884suleman,http://www.youtube.com/@1884suleman,2026-09-11T22:52:43Z,2026-09-11T22:52:43Z,False,0,"02:07 Aston Villa 2-1 Forest
04:20 Bournemouth 1-1 Brentford
06:12 Chelsea 3-1 Hull
07:39 Palace 2-1 Ipswich
09:24 Liverpool 2-0 Fulham
12:13 Tottenham 1-2 Everton
13:28 Sunderland 0-2 Arsenal
15:33 Coventry 0-2 Brighton
16:40 Man United 1-3 Man City
17:49 Leeds 1-1 Newcastle"
Ugy97DXcGQ1C8R0cmqJ4AaABAg,iRVVXaU6zGY,@ollieoleary,http://www.youtube.com/@ollieoleary,2026-09-11T22:49:01Z,2026-09-11T22:49:01Z,False,0,"Predictions:
Liverpool 5 Fulham 1
C Palace 2 Ipswich 1
B'mouth 2 Brentford 1
A Villa 2 N Forest 1
Chelsea 2 Hull 0
Tottenham 2 Everton 1
Sunderland 0 Arsenal 2
Coventry 1 Brighton 3
Man Utd 0 Man City 1
Leeds 2 Newcastle 2"
UgzYQcz8eH0QPTKlzKx4AaABAg,iRVVXaU6zGY,@fironex,http://www.youtube.com/@fironex,2026-09-11T22:38:38Z,2026-09-11T22:38:38Z,False,0,"Aston Villa 4-1Nottingham Forest 
Bournemouth 2-2 Brentford 
Chelsea 3-1Hull
Crystal Palace 1-1Ipswich
Liverpool 3-0Fulham
Tottenham 1-2 Everton
Sunderland 0-2 Arsenal
Coventry 0-2 Brighton 
Man United 2-2 Manchester City 
Leeds 1-1 Newcastle"
UgwH3tryfjWVd4R-7wN4AaABAg,iRVVXaU6zGY,@Jovani-j3k,http://www.youtube.com/@Jovani-j3k,2026-09-11T22:36:34Z,2026-09-11T22:36:34Z,False,0,"Aston Villa 2 Forrest 1 
Bournemouth 3 Brentford 2 
Chelsea 3 Hull 0 
Crystal Palace 2 Ipswich 1 
Tottenham 1 Everton 1 
Sunderland 0 Arsenal 1 
Coventry 1 Brighton 2 
Man United 3 Man City 2 
Leeds 2 Newcastle 2"
Ugysddpzx3XLIETUAEF4AaABAg,iRVVXaU6zGY,@FPL-JOSH,http://www.youtube.com/@FPL-JOSH,2026-09-11T22:00:21Z,2026-09-11T22:00:21Z,False,0,"Aston Villa 3-1Nottingham Forest 
Bournemouth 2-3 Brentford 
Chelsea 4-1Hull
Crystal Palace 0-1Ipswich
Liverpool 4-0Fulham
Tottenham 1-2 Everton
Sunderland 0-2 Arsenal
Coventry 1-3 Brighton 
Man United 3-2 Manchester City 
Leeds 1-2Newcastle"
UgzLMa1DCLuSdEKxdTt4AaABAg,iRVVXaU6zGY,@sagunsigdel5353,http://www.youtube.com/@sagunsigdel5353,2026-09-11T21:25:44Z,2026-09-11T21:25:44Z,False,0,"Aston Villa 2 - 1 Forrest
Bournemouth 1 - 3 Brentford
Chelsea 3 - 1 Hull
Crystal Palace 2 - 0 Ipswich
Liverpool 3- 1 Fulham
Tottenham 1 - 0 Everton 
Sunderland 0 - 2 Arsenal
Coventry 1 - 3 Brighton
Man utd 1 - 5 Man City
Leeds 0 - 2 Newcastle"
UgzsEWrdYA24hCSxKsR4AaABAg,iRVVXaU6zGY,@sjdbdkoswq,http://www.youtube.com/@sjdbdkoswq,2026-09-11T21:14:57Z,2026-09-11T21:14:57Z,False,0,"Aston Villa 2-1 Forest 
Bournemouth 1-2 Brentford
Chelsea 2-0 Hull
Crystal Palace 1-0 ipswich 
Liverpool 3-1 Fulham 
Tottenham 1-2 everton 
Sunderland 0-2 arsenal 
Coventry 0-4 Brighton 
Man United 2-1 man city
Leeds 1-2 Newcastle"
UgyqA9TP9EtA_McvKJB4AaABAg,iRVVXaU6zGY,@ianbazuin2714,http://www.youtube.com/@ianbazuin2714,2026-09-11T20:52:39Z,2026-09-12T00:42:15Z,True,0,"Villa 2-2 forest 
Brentford 2-1 Bournemouth 
Chelsea 3-1 hull
Palace 1-0 Ipswich 
Liverpool 3-0 fullham
Everton 2-0 spurs 
Arsenal 3-1 sunderland
Brighton 1-0 Coventry 
City 3-2 united 
Newcastle 2-1 Leeds"
UgyzXXRwOSorTUjDord4AaABAg,iRVVXaU6zGY,@elliotking4807,http://www.youtube.com/@elliotking4807,2026-09-11T20:47:26Z,2026-09-11T20:47:26Z,False,0,"Gw4 predictions:
AV 3-1 NF
Bou 2-1 BR
Che 4-1 Hull
CP 1-0 Ips
LV 4-2 FL
TH 0-0 EV
SU 0-2 Ars
Cov 1-2 Bri
Mun 2-3 Mci
Lee 1-1 New"
UgyM7BNoVc0nWKnlHd54AaABAg,iRVVXaU6zGY,@ianbazuin2714,http://www.youtube.com/@ianbazuin2714,2026-09-11T20:40:18Z,2026-09-11T20:40:18Z,False,0,"Villa 2-2 forest
Brentford 2-1 bournmith
Chelsea 3-2 hull"
UgxITjnx5zf_-2BcLxl4AaABAg,iRVVXaU6zGY,@ianbazuin2714,http://www.youtube.com/@ianbazuin2714,2026-09-11T20:36:23Z,2026-09-11T20:36:23Z,False,0,Villla 2-2 forest
UgzG_ERwOFOHGmmqHm54AaABAg,iRVVXaU6zGY,@AntonioLermaa,http://www.youtube.com/@AntonioLermaa,2026-09-11T20:29:49Z,2026-09-11T20:29:49Z,False,0,This guys been wrong about hull for 4 weeks straight
UgzOYDEuMgy7GVmwEkN4AaABAg,iRVVXaU6zGY,@JuniorG107,http://www.youtube.com/@JuniorG107,2026-09-11T20:26:46Z,2026-09-11T20:26:46Z,False,0,"Aston villa 1-1 Forrest
Bournemouth 2-2 Brentford 
Chelsea 4-0 Hull
Palace 2-1 Ipswich 
Liverpool 3-1 Fulham
Tottenham 1-1 Everton 
Sunderland 0-2 Arsenal
Covenrty 1-2 Brighton 
Man utd 2-1 Man city
Leeds 1-0 Newcastle"
UgzIQJDJxT0U_CrT0_h4AaABAg,iRVVXaU6zGY,@TuckerTalked,http://www.youtube.com/@TuckerTalked,2026-09-11T20:22:26Z,2026-09-11T20:22:26Z,False,1,"Aston Villa 2-1 Forest
Bournemouth 1-3 Brentford 
Chelsea 1-0 Hull
Palace 0-0 Ipswich
Liverpool 3-2 Fulham
Spurs 1-1 Everton
Sunderland 0-1 Arsenal
Coventry 0-3 Brighton
Man United 1-3 Man City
Leeds 0-0 Newcastle"
UgzN6xAYA1FXdratZ_F4AaABAg,iRVVXaU6zGY,@suhelsiddiqui475,http://www.youtube.com/@suhelsiddiqui475,2026-09-11T20:14:24Z,2026-09-11T20:14:24Z,False,0,"Aston Villa 1 - 1 Forrest
Bournemouth 0 - 2 Brentford
Chelsea 4 - 1 Hull
Crystal Palace 2 - 1 Ipswich
Liverpool 4- 1 Fulham
Tottenham 2 -0 Everton 
Sunderland 0 - 2 Arsenal
Coventry 1 - 2 Brighton
Man utd 1 - 1 Man City
Leeds 2 - 0 Newcastle"
UgyqRkvSN48tfWxhgPt4AaABAg,iRVVXaU6zGY,@Bamsi-tl4nk,http://www.youtube.com/@Bamsi-tl4nk,2026-09-11T19:42:28Z,2026-09-11T19:42:28Z,False,0,"My Premier League Gameweek 4 predictions:

Aston Villa 1-2 Nottingham Forest 
Bournemouth 2-2 Brentford 
Chelsea 3-0 Hull 
Crystal Palace 2-2 Ipswich Town 
Liverpool 3-1 Fulham 
Tottenham 1-2 Everton 
Sunderland 0-2 Arsenal 
Man Utd 1-4 Man City 
Coventry 0-3 Brighton 
Leeds 2-1 Newcastle"
Ugzu2BbrTGUAa5mrWPV4AaABAg,iRVVXaU6zGY,@wwerr16,http://www.youtube.com/@wwerr16,2026-09-11T19:14:03Z,2026-09-11T19:14:03Z,False,0,"Here we go again

Villa 2 Forest 0
Bournemouth 0 Brentford 2
Chelsea 0 Hull 1
Palace 0 Ipswich 1
Liverpool 0 Fulham 1
Tot 2 Everton 0
Sunderland 0 Arsenal 1
MU 1 MC 0
Coventry 2 Brighton 3
Leeds 2 New 0"
UgzTIbqIi4yOmawuk-B4AaABAg,iRVVXaU6zGY,@r4romil,http://www.youtube.com/@r4romil,2026-09-11T19:05:06Z,2026-09-11T19:05:06Z,False,0,"Aston Villa 1 - 1 Nottingham Forest
Bournemouth 1 - 0 Brentford
Chelsea 0 - 0 Hull
Crystal Palace 1 - 2 Ipswich Towm
Liverpool 1 - 1 Fulham
Tottenham 2 - 1 Everton
Sunderland 1 - 1 Arsenal 
Coventry 0 - 2 Brighton
Manchester United 2 - 1 Manchester City
Leeds United 2 - 1 Newcastle"
Ugzeq5jXInshtvPVhOR4AaABAg,iRVVXaU6zGY,@al-aminoladiipo1044,http://www.youtube.com/@al-aminoladiipo1044,2026-09-11T19:04:07Z,2026-09-11T19:04:07Z,False,0,"Bournemouth 1 Brentford 2

aston villa 1 nottingham forest 1

chelsea 3 hull city 0

crystal palace 2 ipswich town 0

liverpool 2 fulham 1

tottenham 1 everton 1

sunderland 0 arsenal 2

coventry city 0 brighton 2
manchester united 1 manchester city 2

leeds united 1 newcastle 2"
UgzkzH5dnK9kmpEu8yN4AaABAg,iRVVXaU6zGY,@VeinyLad,http://www.youtube.com/@VeinyLad,2026-09-11T19:02:47Z,2026-09-11T19:02:47Z,False,0,"Lock in!

Aston Villa 1 Nottingham Forest 1
Bournemouth 2 Brentford 1
Chelsea 2 Hull City 0
Crystal Palace 1 Ipswich 2
Liverpool 3 Fulham 1
Tottenham 1 Everton 1
Sunderland 0 Arsenal 1
Coventry 2 Brighton 2
Man United 2 Man City 3
Leeds United 2 Newcastle 0"
Ugw4MaH7bS_ZZvKWfGN4AaABAg,iRVVXaU6zGY,@Superpikmin64,http://www.youtube.com/@Superpikmin64,2026-09-11T18:50:21Z,2026-09-11T18:50:21Z,False,0,"Aston Villa 0 Nottingham Forest 0
Bournemouth 1 Brentford 2
Chelsea 1 Hull 1
Crystal Palace 2 Ipswich 0
Liverpool 2 Fulham 0
Tottenham 0 Everton 1
Sunderland 2 Arsenal 2
Man Utd 0 Man City 3
Coventry 1 Brighton 2
Leeds 3 Newcastle 1"
UgzfqPdWSr-wrb7qnKl4AaABAg,iRVVXaU6zGY,@21riki97,http://www.youtube.com/@21riki97,2026-09-11T18:47:10Z,2026-09-11T18:47:10Z,False,0,"My second submission 
Aston Villa 2-1 Forest
Bournemouth 1- 2 Brentford
Chelsea 2-0 Hull City
Crystal Palace 3-0 Ipswich
Liverpool 2-1 Fulham
Tottenham 0-0 Everton
Sunderland 0-1 Arsenal 
Coventry 0-3 Brighton
Man united 1-0 Man City
Leeds 2-2 Newcastle"
UgysTlHNdlBnOjjPB7V4AaABAg,iRVVXaU6zGY,@hawaadeyeye9930,http://www.youtube.com/@hawaadeyeye9930,2026-09-11T18:45:00Z,2026-09-11T18:45:00Z,False,1,"Aston Villa 0 Nottingham forest 1
Bournemouth 2 Brentford 1
Chelsea 3 hull city 1
Crystal Palace 1 Ipswich 2
Liverpool 2 fulham 0
Tottenham 0 Everton 2
Sunderland 0 arsenal 2
Man u 2 man city 3
Coventry 0 Brighton 2
Leeds 2 Newcastle 1"
UgwPy4ZNPVaIfiokHeR4AaABAg,iRVVXaU6zGY,@sophiacoates-jones450,http://www.youtube.com/@sophiacoates-jones450,2026-09-11T18:42:47Z,2026-09-11T18:42:47Z,False,0,"Bournemouth 2-2 Brentford 
Aston Villa 1-0 nottm forest 
Chelsea 3-1 hull 
Crystal Palace 2-0 Ipswich 
Liverpool 2-1 Fulham 
Spurs 2-1 Everton 
Sunderland 0-3 arsenal 
Coventry 0-1 Brighton 
Man U 1-2 man c 
Leeds 1-1 Newcastle"
Ugxha9eHmJFALMCoMqp4AaABAg,iRVVXaU6zGY,@ghjn5640,http://www.youtube.com/@ghjn5640,2026-09-11T18:41:29Z,2026-09-11T18:41:29Z,False,0,"Bournemouth 2-1 Brentford
Aston Villa 1-0 Nottingham Forest
Chelsea 2-1 Hull City
Crystal Palace 2-2 Ipswich Town
Liverpool 3-2 Fulham
Tottenham Hotspur 1-1 Everton
Sunderland 0-1 Arsenal
Coventry City 1-2 Brighton & Hove Albion
Manchester United 2-2 Manchester City
Leeds United 2-1 Newcastle United"
UgzxSPVVQZdLEY9UFUh4AaABAg,iRVVXaU6zGY,@ajdinheric2116,http://www.youtube.com/@ajdinheric2116,2026-09-11T18:36:25Z,2026-09-11T18:36:25Z,False,0,"Aston Villa 2 Forest 1
Bournemouth 1 Brentford 2
Chelsea 2 Hull 0
Palace 1 Ipswich 0
Liverpool 3 Fulham 0
Tottenham 3 Everton 2
Sunderland 1 Arsenal 2
Coventry 0 Brighton 3
Man United 1 Man City 3
Leeds 4 Newcastle 3"
UgxBgMu6WtbYlGlNimF4AaABAg,iRVVXaU6zGY,@IAmRonny,http://www.youtube.com/@IAmRonny,2026-09-11T18:29:22Z,2026-09-11T18:29:22Z,False,0,"Liverpool 2-1 Fulham
Crystal Palace 1-0 Ipswich
Bournemouth 1-3 Brentford
Aston Villa 2-0 Forest
Chelsea 3-1 Hull City
Tottenham 1-1 Everton
Sunderland  0-2 Arsenal
Coventry 1-2 Brighton
Man Utd 2-1 Man City
Leeds 1-1 Newcastle"
UgzTneEGZTihpVcrcdB4AaABAg,iRVVXaU6zGY,@maximec4942,http://www.youtube.com/@maximec4942,2026-09-11T18:20:53Z,2026-09-11T18:20:53Z,False,0,"Allright some gw4 predictions
Liverpool 3 - 2 Fulham
Crystal Palace 1 - 0 Ipswich
Bournemouth 1 - 2 Brentford
Aston Villa 2 - 1 Forest
Chelsea 2 - 0 Hull City
Tottenham 1 - 1 Everton
Sunderland 0 - 0 Arsenal
Coventry 1 - 3 Brighton
Man Utd 1 - 2 Man City
Leeds 1 - 1 Newcastle"
UgzOiVwab9sS-cMEW414AaABAg,iRVVXaU6zGY,@ZeezOfAfrica,http://www.youtube.com/@ZeezOfAfrica,2026-09-11T18:06:32Z,2026-09-11T18:06:32Z,False,0,"Villa 1 : Forrest 2
Bournemouth 2 : Brentford 1
Chelsea 5 : Hull 1
Palace 3 : Ipswitch 0
Liverpool 4 : Fulham 1
Spurs 2 : Everton 2
Sunderland 1 : Arsenal 2
Coventry 1 : Brighton 3
United 2 : City 1
Leeds 2 : Newcastle 2"
Ugx1H82F0vjTQmloDIx4AaABAg,iRVVXaU6zGY,@salvadormartinez1224,http://www.youtube.com/@salvadormartinez1224,2026-09-11T17:59:47Z,2026-09-11T17:59:47Z,False,0,"My Premier League Gameweek 4

Aston Villa 1 - 1 Nottingham Forest
Bournemouth  1 - 2 Brentford
Chelsea 3 - 1 Hull City
Crystal Palace 2 - 1 Ipswich Town
Liverpool 3 - 0 Fulham
Tottenham 1 - 1 Everton
Sunderland 0 - 2 Arsenal
Coventry  1- 2 Brighton Hove & Albion
Manchester United 1 - 2 Manchester City 
Leeds United 1 - 1 Newcastle United"
UgyXEfPyKxTWL4l_vKN4AaABAg,iRVVXaU6zGY,@younglilpappy,http://www.youtube.com/@younglilpappy,2026-09-11T17:49:39Z,2026-09-11T17:49:39Z,False,0,"Aston Villa 3-2 Forest 

Bournemouth 2-1 Brentford 

Chelsea 4-2 Hull

Palace 2-2 Ipswich 

Sunderland 1-3 Arsenal 

Coventry 1-1 Brighton 

Man United 2-1 Man City 

Leeds 2-2 Newcastle"
UgxDWymHKREq4zZvtJ54AaABAg,iRVVXaU6zGY,@aravind3320,http://www.youtube.com/@aravind3320,2026-09-11T17:30:15Z,2026-09-11T17:30:15Z,False,0,"Aston Villa 1 - 2  Nottingham Forest
Bournemouth 2 - 2 Brentford
Chelsea 4 - 1 Hull
Crystal Palace 1 -0 Ipswich
Liverpool 3- 1 Fulham
Tottenham 0 - 1 Everton 
Sunderland 0 - 2 Arsenal
Coventry 1 - 3 Brighton
Man Utd 2 - 2 Man City
Leeds 1 - 2 Newcastle"
UgyoUsB9nKvHxAqtjbV4AaABAg,iRVVXaU6zGY,@andyw8025,http://www.youtube.com/@andyw8025,2026-09-11T17:24:52Z,2026-09-11T17:24:52Z,False,0,"Aston Villa 1-0 Forest 
Bournemouth 2-2 Brentford 
Chelsea 3-0 Hull City
Crystal Palace 1-1 Ipswich
Liverpool 3-0 Fulham
Tottenham 2-0 Everton
Sunderland 1-2 Arsenal 
Coventry City 0-3 Brighton 
Man United 2-0 Man City 
Leeds United 1-1 Newcastle"
UgxwqgNt79Cw-ZzYy-t4AaABAg,iRVVXaU6zGY,@raheemweir9931,http://www.youtube.com/@raheemweir9931,2026-09-11T17:18:03Z,2026-09-11T17:18:03Z,False,0,"Predictions
Aston Villa 2-1 Nottingham Forest
- Buendia, McGinn and Igor Jesus scoring.
 
AFC Bournemouth 0-2 Brentford
- Thiago brace.

Chelsea 3-1 Hull City
- Rogers, Lacroix, Pedro and Stroud scoring.

Crystal Palace 2-0 Ipswich Town
- Strand Larsen goal and Diop own goal.

Liverpool 4-1 Fulham
- Isak brace, Munoz, Mac Allister and Iwobi scoring.

Tottenham Hotspur 1-0 Everton
- Marmoush.

Sunderland 1-2 Arsenal
- Angulo, Saka and Odegaard.

Coventry City 0-2 Brighton & Hove Albion
- Yalcouye and Kostoulas

Manchester United 2-2 Manchester City
- Rashford, Mbuemo and Haaland brace.

Leeds United 0-1 Newcastle United
-Barnes."
UgzJX9sdSH9r6Fi-jt94AaABAg,iRVVXaU6zGY,@krimson2077,http://www.youtube.com/@krimson2077,2026-09-11T17:17:02Z,2026-09-11T17:17:02Z,False,0,"Liverpool 4- 1 FulhamAston Villa 1 - 1 Forrest
Bournemouth 1 - 2 Brentford
Chelsea 5 - 1 Hull
Crystal Palace 1 - 2 Ipswich
Tottenham 1 - 2 Everton 
Sunderland 0 - 2 Arsenal
Coventry 0 - 3 Brighton
Man utd 2 - 2 Man City
Leeds 1 - 1 Newcastle"
UgwgpyYQyJUQBE1Ug_t4AaABAg,iRVVXaU6zGY,@pranavitapu9912,http://www.youtube.com/@pranavitapu9912,2026-09-11T17:07:55Z,2026-09-11T17:07:55Z,False,0,"My Predictions for GW 4

Aston Villa 0 - 1 Nottingham Forest 
Bournemouth 2 - 2 Brentford
Chelsea 2 - 0 Hull City 
Crystal Palace 2 - 1 Ipswich
Liverpool 2 - 0 Fulham
Spurs 1 - 2 Everton
Sunderland 1 - 1 Arsenal
Coventry 0 - 2 Brighton
Man United 2 - 1 Man City 
Leeds 2 - 1 Newcastle"
UgzDc7MXowxAJBE6D214AaABAg,iRVVXaU6zGY,@md.rashedulhasansafa4750,http://www.youtube.com/@md.rashedulhasansafa4750,2026-09-11T17:07:41Z,2026-09-11T17:07:41Z,False,0,"Aston Villa 0 - 2  Nottingham Forrest
Bournemouth 1 - 2 Brentford
Chelsea 3 - 1 Hull
Crystal Palace 0 - 0 Ipswich
Liverpool 5 - 0 Fulham
Tottenham 0 - 2 Everton
Sunderland 0 - 1 Arsenal
Coventry 0 - 3 Brighton
Man utd 2 - 1 Man City
Leeds 2 - 1 Newcastle"
UgxgQHMjO7866Po7xbt4AaABAg,iRVVXaU6zGY,@markg94,http://www.youtube.com/@markg94,2026-09-11T17:02:30Z,2026-09-11T17:02:30Z,False,0,"I noticed if you edit your comment it'll disqualify your prediction, I feel like that should only be the case if the edit happens after the first match of the week starts. Also if you misspell a club name GG your prediction doesn't count lmao

Aston Villa 1-1 Nottingham Forest
Bournemouth 0-2 Brentford
Chelsea 3-1 Hull City
Crystal Palace 1-0 Ipswich
Liverpool 3-1 Fulham
Tottenham Hotspur 1-2 Everton
Sunderland 1-2 Arsenal
Coventry 0-1 Brighton
Manchester United 2-3 Manchester City
Leeds United 2-1 Newcastle United"
Ugwmxl_KvyYN90CoMhx4AaABAg,iRVVXaU6zGY,@cammcbirnie4644,http://www.youtube.com/@cammcbirnie4644,2026-09-11T16:54:11Z,2026-09-11T16:54:11Z,False,0,"Bournemouth 1 Brentford 3
Aston Villa 1 Forest 1
Chelsea 3 Hull 0
Crystal Palace 1 Ipswich 1
Liverpool 5 Fulham 0
Spurs 0 Everton 0
Sunderland 0 Arsenal 2
Coventry 1 Brighton 2
Man United 2 Man City 2
Leeds 1 Newcastle 2"
UgyK9k7IUm4yZ5DJcnB4AaABAg,iRVVXaU6zGY,@onikavelka,http://www.youtube.com/@onikavelka,2026-09-11T16:46:22Z,2026-09-11T16:46:22Z,False,0,"Aston Vlla 1-0 Nottingham Forest
Bournemouth 2-3 Brentford
Chelsea 1-0 Hull
Crystal Palace 2-0 Ipswich
Liverpool 2-1 Fulham
Tottenham 3-1 Everton
Sunderland 1-3 Arsenal
Coventry 2-1 Brighton
Man United 2-2 Man city
Leeds 1-1 Newcastle"
Ugy5iPgD1OUXbWe961d4AaABAg,iRVVXaU6zGY,@WojciechGibas,http://www.youtube.com/@WojciechGibas,2026-09-11T16:33:18Z,2026-09-11T16:33:18Z,False,0,"Liverpool 3 Fulham 1
Crystal Palace 3 Ipswich 2
Bournemouth 1 Brentford 2
Aston Villa 3 Nottingham 2
Chelsea 3 Hull City 0
Tottenham 2 Everton 2
Sunderland 1 Arsenal 3
Coventry City 0 Brighton 2
Man United 2 Man City 0
Leeds 2 Newcastle 1"
UgxBi8DHZB6Ac0Sq_YR4AaABAg,iRVVXaU6zGY,@Nastaranjafarharasi,http://www.youtube.com/@Nastaranjafarharasi,2026-09-11T16:33:16Z,2026-09-11T16:33:16Z,False,1,"My Gameweek 4 predictions:

Aston Villa 1 Nottingham Forest 1
Bournemouth 1 Brentford 1
Chelsea 1 Hull City 1
Crystal Palace 2 Ipswich 1
Liverpool 2 Fulham 0
Tottenham 1 Everton 1
Sunderland 0 Arsenal 1
Coventry City 0 Brighton 2
Man United 1 Man City 2
Leeds United 2 Newcastle 2"
UgyF2oR-BvKtXqgKDVd4AaABAg,iRVVXaU6zGY,@theirishguys-coxmall,http://www.youtube.com/@theirishguys-coxmall,2026-09-11T16:31:45Z,2026-09-11T16:31:45Z,False,0,"Aston Villa 3 - 1 Nottingham Forest
Bournemouth 1 - 1 Brentford
Chelsea 2 - 0 Hull
Crystal Palace 2 - 0 Ipswich
Liverpool 4 - 1 Fulham
Tottenham 1 - 1 Everton
Sunderland 0 -  2 Arsenal
Coventry 1 - 3 Brighton
Manchester United 2 - 1 Man City
Leeds 2 - 0 Newcastle"
UgwzAF_r3lmSl6TO7k94AaABAg,iRVVXaU6zGY,@nickaxford7925,http://www.youtube.com/@nickaxford7925,2026-09-11T16:10:02Z,2026-09-11T16:10:02Z,False,0,"Aston Villa 2 - Forest 1
Bournemouth 2 - Brentford 2
Chelsea 3 - Hull 0
Crystal Palace 2 - Ipswich 1
Liverpool 3 - Fulham 0
Tottenham 0 - Everton 1
Sunderland 1 - Arsenal 3
Coventry 1 - Brighton 1
Man Utd 1 - Man City 2
Leeds 2 - Newcastle 1"
UgxgEP3YocFJVz0F5EJ4AaABAg,iRVVXaU6zGY,@xRedman9999x,http://www.youtube.com/@xRedman9999x,2026-09-11T15:53:23Z,2026-09-11T15:53:23Z,False,0,"Gameweek 4 Predictions

Aston Villa 2-1 Nottingham Forest
Bournemouth 0-0 Brentford
Chelsea 3-2 Hull City
Crystal Palace 2-1 Ipswich Town
Liverpool 3-1 Fulham
Tottenham Hotspur 0-0 Everton
Sunderland 0-1 Arsenal
Coventry City 0-2 Brighton and Hove Albion
Manchester United 1-1 Manchester City
Leeds United 2-1 Newcastle"
UgwLFgC_IimJ6TJU2VJ4AaABAg,iRVVXaU6zGY,@HJO-137,http://www.youtube.com/@HJO-137,2026-09-11T15:45:40Z,2026-09-11T15:45:40Z,False,0,"Predictions
Villa 0 forest 1
Bournemouth 2 brentford 2
Chelsea 4 hull 1 
Palace 1 ipswich 1
Liverpool 2 fulham 0
Spurs 2 everton 1
Sunderland 1 arsenal 1
Coventry 1 brighton 3
United 3 city 2
Leeds 2 newcastle 1"
Ugyj8t6rzmAQetrEFLl4AaABAg,iRVVXaU6zGY,@evelynmungau9319,http://www.youtube.com/@evelynmungau9319,2026-09-11T15:37:42Z,2026-09-11T15:37:42Z,False,0,"Aston Villa 1 - 1 Forest 
Bournemouth 2 -1Brentford
Chelsea 2 - 1 Hull
Palace 1-0 Ipswich 
Liverpool 3-1 Fulham
Tottenham 1 - 1 Everton
Sunderland 0 - 2 Arsenal
Coventry 1-3 Brighton
Man united 1-3 Man City 
Leeds 1-3 Newcastle"
UgwzxH8J9PL-2E55RJ54AaABAg,iRVVXaU6zGY,@Vlad-ob2up,http://www.youtube.com/@Vlad-ob2up,2026-09-11T15:37:14Z,2026-09-11T15:37:14Z,False,0,"Aston Villa 0 Nottingham Forest 1
Bournemouth 1 Brentford 2
Chelsea 2 Hull City 0
Crystal Palace 2 Ipswich 1
Liverpool 4 Fulham 0
Tottenham 0 Everton 2
Sunderland 0 Arsenal 3
Coventry 0 Brighton 3
Man Utd 2 Man City 2
Leeds 0 Newcastle 2"
Ugy_prRxDAQYBD3gQIF4AaABAg,iRVVXaU6zGY,@ConceptTheory-t3v,http://www.youtube.com/@ConceptTheory-t3v,2026-09-11T15:37:08Z,2026-09-11T15:37:08Z,False,0,"AVL 0 - 1 NFO
BOU  1  - 1  BRE
CHE 4 - 2  HUL
CRY 1 - 2 IPS
LIV. 3 - 0  FUL
TOT 1  - 0 EVE
SUN  0 -  1 ARS
COV 0 -  2 BHA
LEE 1  - 0  NEW
MUN 2 -  1 MCI"
UgzMYU_T4DzBUA5Qy2p4AaABAg,iRVVXaU6zGY,@afcb_humph26,http://www.youtube.com/@afcb_humph26,2026-09-11T15:36:19Z,2026-09-11T15:36:19Z,False,0,"GW4 Predictions 

Bournemouth 1-1 Brentford 
Aston Villa 2-2 Nottingham Forest
Chelsea 3-0 Hull
Crystal Palace 1-2 Ipswich Town 
Liverpool 3-1 Fulham
Tottenham 2-1 Everton
Sunderland 0-3 Arsenal
Coventry 1-1 Brighton 
Manchester United 2-3 Manchester City
Leeds United 1-0 Newcastle United"
UgxihWdYNblDztqzRzh4AaABAg,iRVVXaU6zGY,@Imperador-Vi,http://www.youtube.com/@Imperador-Vi,2026-09-11T15:35:18Z,2026-09-11T15:36:49Z,True,0,"Can someone help me out, my username is not in the website even though I've been in the comments since week 1."
UgyPn236dAjgNFMRNDJ4AaABAg,iRVVXaU6zGY,@Imperador-Vi,http://www.youtube.com/@Imperador-Vi,2026-09-11T15:33:47Z,2026-09-11T15:33:47Z,False,0,"Villa 2x1 Forest
Bournemouth 2x2 Brentford
Chelsea 2x0 Hull
Palace 3x1 Ipswich
Liverpool 1x0 Fulham
Tottenham 2x3 Everton
Sunderland 1x2 Arsenal
Coventry 1x4 Brighton
Man U 1x1 Man City
Leeds 0x0 Newcastle"
UgxRAEkKzGfIl_F7QbJ4AaABAg,iRVVXaU6zGY,@anmolagarwal08,http://www.youtube.com/@anmolagarwal08,2026-09-11T15:32:48Z,2026-09-11T15:32:48Z,False,0,"Liverpool 3 Fulham 2
Chelsea 4 Hull 1
Aston Villa 1 Nottm Forest 1
Crystal Palace 2 Ipswich Town 1
Bournemouth 2 Brentford 3
Tottenham 1 Everton 1
Sunderland 1 Arsenal 2
Coventry 1 Brighton 3
Man United 2 Man City 1
Leede 2 Newcastle 2"
UgxYXYzsUcINiUtT4s14AaABAg,iRVVXaU6zGY,@MattCheshire49,http://www.youtube.com/@MattCheshire49,2026-09-11T15:29:24Z,2026-09-11T15:29:24Z,False,0,"Villa 2-1 Forest
Bournemouth 1-1 Brentford 
Chelsea 0-1 Hull
Palace 1-2 Ipswich
Liverpool 2-0 Fulham 
Spurs 0-3 Everton
Sunderland 1-2 Arsenal
Coventry 1-3 Brighton
Manchester United 1-0 Scum
Leeds 2-1 Newcastle"
UgyxWjV_jDZO0W-Au6B4AaABAg,iRVVXaU6zGY,@ytGetz,http://www.youtube.com/@ytGetz,2026-09-11T15:14:40Z,2026-09-11T15:14:40Z,False,0,"Aston Villa 1 Nottingham Forest 1
Bournemouth 2 Brentford 1
Chelsea 4 Hull 0
Crystal Palace 2 Ipswich 0
Liverpool 3 Fulham 1
Spurs 1 Everton 2
Sunderland 0 Arsenal 1
Coventry 1 Brighton 3
Man Utd 1 Man City 2
Leeds 1 Newcastle 1"
UgyCmHYOXhT26cIjwAN4AaABAg,iRVVXaU6zGY,@luzangokowa1111,http://www.youtube.com/@luzangokowa1111,2026-09-11T15:11:44Z,2026-09-11T15:11:44Z,False,0,"Premier League Game week 4 predictions

Liverpool 3 - 1 Fulham
Crystal Palace 2 - 1 Ipswich Town 
Bournemouth 2 - 3 Brentford 
Aston Villa 1 - 0 Nottingham Forest 
Chelsea 4 - 2 Hull
Spurs 1 - 2 Everton 
Sunderland 2 - 1 Arsenal 
Coventry 0 - 3 Brighton 
Manchester United 2 - 2 Manchester City 
Leeds United 1 - 3 Newcastle"
Ugz35s7X360G7TEBfAl4AaABAg,iRVVXaU6zGY,@gonna-getcha-twice,http://www.youtube.com/@gonna-getcha-twice,2026-09-11T15:10:49Z,2026-09-11T15:10:49Z,False,0,"AVL 2-1 NFO
BOU 1-2 BRE
CHE 4-1 HUL
CRY 2-0 IPS
LIV 4-2 FUL
TOT 1-2 EVE
SUN 1-2 ARS
COV 1-1 BHA
MUN 3-3 MCI
LEE 0-1 NEW"
UgymtD2i_u759dTDRs54AaABAg,iRVVXaU6zGY,@aidan_105,http://www.youtube.com/@aidan_105,2026-09-11T14:59:23Z,2026-09-11T14:59:23Z,False,0,"Liverpool 2-1 Fulham 
Palace 1-1 Ipswich 
Bournemouth 1-3 Brentford 
Aston Villa 1-1 Nottingham 
Chelsea 2-0 Hull City 
Spurs 1-0 Everton 
Sunderland 0-3 Arsenal 
Man Utd 1- 3 Man City 
Leeds 1-2 Newcastle
Coventry 0-2 Brighton"
UgwRSyoYc3OQpHkrDvZ4AaABAg,iRVVXaU6zGY,@RumahAliff,http://www.youtube.com/@RumahAliff,2026-09-11T14:57:50Z,2026-09-11T14:57:50Z,False,0,"Gw4 predictions 

Aston Villa 2-0 Forest
Bournemouth 2-1 Brentford
Chelsea 2-0 Hull
Crystal Palace 1-1 Ipswich
Liverpool 2-0 Fulham
Tottenham 1-0 Everton
Sunderland 2-2 Arsenal
Coventry 2-1 Brighton
Man Utd 1-0 Man City
Leeds 1-1 Newcastle"
Ugx7QcnKCpcdI-XkPaB4AaABAg,iRVVXaU6zGY,@jake_lol180,http://www.youtube.com/@jake_lol180,2026-09-11T14:55:48Z,2026-09-11T14:55:48Z,False,0,"Aston villa 2-1 Nottingham Forest
Bournemouth 0-1 Brentford
Chelsea 3-1 Hull
Palace 0-0 Ipswich
Liverpool 2-1 Fulham
Tottenham 1-1 Everton
Sunderland 0-2 Arsenal
Coventry 0-3 Brighton
Manchester Utd 1-3 Manchester City
Leeds Utd 2-2 Newcastle"
UgxcKD2Ksl6k3gHFkFt4AaABAg,iRVVXaU6zGY,@michaeldonnelly13,http://www.youtube.com/@michaeldonnelly13,2026-09-11T14:55:36Z,2026-09-11T14:55:36Z,False,0,"Villa 3 Forest 1
Bournemouth 1 Brentford 1
Chelsea 3 Hull 0
Palace 2 Ipswich 0
Liverpool 2 Fulham 0
Spurs 3 Everton 1
Sunderland 1 Arsenal 2
Coventry 2 Brighton 2
Man United 3 Man City 2
Leeds 2 Newcastle 1"
UgwunMXAcnBm0sGghnB4AaABAg,iRVVXaU6zGY,@LavinA1459,http://www.youtube.com/@LavinA1459,2026-09-11T14:53:04Z,2026-09-11T14:53:04Z,False,0,"Aston Villa v Nott'm Forest — 1-1
Bournemouth v Brentford — 1-2
Chelsea v Hull — 3-1
Crystal Palace v Ipswich — 2-0
Liverpool v Fulham — 3-0
Tottenham v Everton — 1-1
Sunderland v Arsenal — 0-1
Coventry v Brighton — 0-2
Man Utd v Man City — 1-2
Leeds v Newcastle — 1-1"
Ugzjt47SLoLWdlkju294AaABAg,iRVVXaU6zGY,@Biggestboyyyy,http://www.youtube.com/@Biggestboyyyy,2026-09-11T14:46:03Z,2026-09-11T14:46:03Z,False,0,"My predictions 

Bournemouth 1 Brentford 2
Aston Villa 3 Nottm Forest 1
Hull 1 Chelsea 0
Crystal palace 1 Ipswich 0
Liverpool 2 Fulham 1
Everton 3 Tottenham 0 
Arsenal 2 Sunderland 1
Coventry 1 Brighton 0
Man Utd 2 Man City 3
Leeds 0 Newcastle 2"
UgwfYru_tDpHJA_EGR14AaABAg,iRVVXaU6zGY,@natgames2207,http://www.youtube.com/@natgames2207,2026-09-11T14:46:03Z,2026-09-11T14:46:03Z,False,0,"Villa 2 forrest 1 
Bournemouth 2 Brentford 2
Chelsea 4 hull 1
Palace 2 Ipswich 1
Liverpool 3 fullham 1
Totenham 1 Everton 1
Sunderland 1 arsenal 3
Coventry 0 Brighton 3
Man u 2 man City 1 
Leeds 1 Newcastle 2"
UgzDQFmKPTcRnynFjeN4AaABAg,iRVVXaU6zGY,@eldihyseni-e2v,http://www.youtube.com/@eldihyseni-e2v,2026-09-11T14:45:07Z,2026-09-11T15:58:19Z,True,0,"bournemouth vs brentford 0-0
Aston Villa Vs Nottingham Forest 0-0
Chelsea Vs Hull City 3-1
Crystal Palace Vs Ipswich 1-1
Liverpool Vs Fulham 2-0
Spurs Vs Everton 1-1
Sunderland Vs Arsenal 0-3
Coventry Vs Brighton 0-4
Man United Vs Man City 2-4 
Leeds Vs Newcastle 1-1"
Ugx3vQxsz6m4MKqIB3h4AaABAg,iRVVXaU6zGY,@stativelion427,http://www.youtube.com/@stativelion427,2026-09-11T14:44:29Z,2026-09-11T14:44:29Z,False,0,"Aston villa 1 - 2 Nottingham forest 
Bournemouth 3 - 1 Brentford 
Chelsea 5 - 0 Hull
Crystal palace 1 - 0 Ipswich 
Liverpool 3 - 0 Fulham 
Tottenham 3 - 1 Everton
Sunderland 1 - 2 Arsenal 
Coventry 2 - 1 Brighton 
Man u 1 - 1 Man city
Leeds 2 - 1 Newcastle"
UgwBdwwGsMd0oc68Q7Z4AaABAg,iRVVXaU6zGY,@idkkkkkkkk_,http://www.youtube.com/@idkkkkkkkk_,2026-09-11T14:28:19Z,2026-09-11T14:28:19Z,False,0,"Aston Villa 1  Forrest 1
Bournemouth 2 Brentford 1
Chelsea 4 Hull 0
Crystal Palace 2 Ipswich 0
Liverpool 3 Fulham 1
Tottenham 2 Everton 1
Sunderland 0 Arsenal 2
Coventry 1 Brighton 3
Man utd 2 Man City 0
Leeds 1 Newcastle 1"
UgyQXnOGZGubMByrHKx4AaABAg,iRVVXaU6zGY,@WashierPrism477,http://www.youtube.com/@WashierPrism477,2026-09-11T14:15:20Z,2026-09-11T14:15:20Z,False,0,"Bournemouth 1 Brentford 1
Aston Villa 1 Nottingham Forest 2
Chelsea 4 Hull 2
Crystal Palace 0 Ipswich 0
Liverpool 3 Fulham 1
Tottenham 2 Everton 0
Sunderland 0 Arsenal 3
Coventry 1 Brighton 2
Man Utd 2 Man City 1
Leeds 1 Newcastle 1"
UgwrkEsbvfqxirYJm894AaABAg,iRVVXaU6zGY,@blero473,http://www.youtube.com/@blero473,2026-09-11T14:14:23Z,2026-09-11T14:14:23Z,False,0,"Bournemouth 0-0 Brentford 
Aston Villa 1-1 Forest 
Chelsea 2-1 Hull
Crystal Palace 1-2 Ipswich 
Liverpool 3-0 Fulham 
Spurs 1-1 Everton 
Sunderland 0-2 Arsenal 
Coventry 0-1 Brighton 
Man United 3-2 Man City 
Leeds 1-2 Newcastle"
UgywoxBNxI-s-TQBrbN4AaABAg,iRVVXaU6zGY,@NoahAldis,http://www.youtube.com/@NoahAldis,2026-09-11T13:52:40Z,2026-09-11T13:52:40Z,False,0,"Gameweek 4:

Aston Villa 1 - 1 Nottingham Forrest
Bournemouth 3 - 0 Brentford 
Chelsea 4 - 2 Hull
Crystal Palace 0 - 0 Ipswich 
Liverpool 2 - 0 Fulham 
Tottenham 1 - 1 Everton
Sunderland 0 - 3 Arsenal 
Coventry 1 - 2 Brighton
Man United 1 - 4 Man City
Leeds 2 - 2 Newcastle"
UgxKy9OIXmrKd2pgH-d4AaABAg,iRVVXaU6zGY,@Innndo,http://www.youtube.com/@Innndo,2026-09-11T13:45:13Z,2026-09-11T13:45:13Z,False,0,"Bournemouth 2-2 Brentford 
Aston Villa 1-1 Forest 
Chelsea 0-0 Hull
Crystal Palace 2-1 Ipswich 
Liverpool 3-1 Fulham 
Spurs 0-1 Everton 
Sunderland 0-2 Arsenal 
Coventry 1-3 Brighton 
Man United 3-2 Man City 
Leeds 2-1 Newcastle"
UgxpfgqiWczOM-ZzB9N4AaABAg,iRVVXaU6zGY,@thandomthembu1216,http://www.youtube.com/@thandomthembu1216,2026-09-11T13:37:37Z,2026-09-11T13:37:37Z,False,0,"AVL 2 -  NFO
BOU  2  - 2  BRE
CHE 2 - 0  HUL
CRY 3 - 1 IPS
LIV. 3 - 0  FUL
TOT 0  - 0 EVE
SUN  0 -  3 ARS
COV 1 -  4 BHA
LEE 1  - 1  NEW
MUN 2 -  5 MCI"
UgxFUx1rLkWhX5-hfIx4AaABAg,iRVVXaU6zGY,@cwbfclegends7048,http://www.youtube.com/@cwbfclegends7048,2026-09-11T13:28:54Z,2026-09-11T13:29:24Z,True,0,"Villa 2-0 Forest
Bournemouth 1-2 Brentford
Chelsea 2-0 Hull
Palace 2-1 Ipswich
Liverpool 2-0 Fulham
Spurs 1-1 Everton
Sunderland 0-3 Arsenal
Coventry 0-2 Brighton 
United 3-1 City
Leeds 1-2 Newcastle"
UgywVlgmPxKbamOKee94AaABAg,iRVVXaU6zGY,@giardy8053,http://www.youtube.com/@giardy8053,2026-09-11T13:24:31Z,2026-09-11T13:24:31Z,False,0,"Gameweek 4 predictions:

Bournemouth vs Brentford 1-1
Aston Villa vs Nottingham Forest 2-1
Chelsea vs Hull City 3-1
Crystal Palace vs Ipswich Town 1-0
Liverpool vs Fulham 3-0
Tottenham vs Everton 0-1
Sunderland vs Arsenal 0-2
Conventry City vs Brighton 1-1
Manchester United vs Manchester City 2-2
Leeds vs Newcastle 0-1"
UgzD0BV8NXCRnck0kFN4AaABAg,iRVVXaU6zGY,@thedesert546,http://www.youtube.com/@thedesert546,2026-09-11T13:23:51Z,2026-09-11T13:23:51Z,False,0,"Premier League Gameweek 4 Predictions:
Aston villa 2-2 Nottingham Forest
Bournemouth 0-1 Brentford
Chelsea 3-2 Hull
Palace 0-0 Ipswich
Liverpool 2-1 Fulham
Tottenham 1-1 Everton
Sunderland 0-2 Arsenal
Coventry 0-3 Brighton
Manchester Utd 1-3 Manchester City
Leeds Utd 2-2 Newcastle"
Ugzd9QgANTNrieTBkJV4AaABAg,iRVVXaU6zGY,@richardparker9556,http://www.youtube.com/@richardparker9556,2026-09-11T13:07:26Z,2026-09-11T13:07:26Z,False,0,"Aston Villa 2 Forest 2
Bournemouth 2 Brentford 2
Chelsea 3 Hull 0
Palace 2 Ipswich 1
Liverpool 2 Fulham 1
Tottenham 2 Everton 2
Sunderland 1 Arsenal 2
Coventry 1 Brighton 3
Man United 0 Man City 0
Leeds 1 Newcastle 1"
UgxHA-GyWLU0arHkVa14AaABAg,iRVVXaU6zGY,@AkramDeX,http://www.youtube.com/@AkramDeX,2026-09-11T12:58:26Z,2026-09-11T12:58:26Z,False,0,"Liverpool 4 Fulham 0
Palace 2 Ipswich Town 1
Bournmouth 3 Brentford 2
Aston Villa 2 Nottm Forest 0
Chelsea 3 Hull 1
Spurs 1 Everton 1
Sunderland 0 Arsenal 2
Coventry 1 Brighton 2
Man United 0 Man City 1
Leeds 2 Newcastle 1"
Ugz7GEDIxOug7EI-7wB4AaABAg,iRVVXaU6zGY,@pratyushchandra3354,http://www.youtube.com/@pratyushchandra3354,2026-09-11T12:58:05Z,2026-09-11T12:58:05Z,False,0,"Aston villa 2 forest 1
Bournemouth 1 Brentford 1
Chelsea 0 Hull 0
Palace 2 Ipswich 2
Liverpool 3 Fulham 1
Tottenham 0 Everton 2
Sunderland 2 Arsenal 2
Coventry 0 Brighton 2
Man United 0 Man city 3
Leeds 2 Newcastle 2"
UgxlTbA9iCXlOCgq4gN4AaABAg,iRVVXaU6zGY,@eholden_06,http://www.youtube.com/@eholden_06,2026-09-11T12:56:58Z,2026-09-11T12:56:58Z,False,0,"Bournemouth 2 Brentford 1
Aston Villa 0 Forest 0
Crystal Palace 3 Ipswich 2
Chelsea 4 Hull 0
Liverpool 3 Fulham 1
Spurs 1 Everton 1
Sunderland 0 Arsenal 2
Coventry 1 Brighton 2
Man Utd 1 Man City 2
Leeds 1 Newcastle 1"
Ugxjzp6E9qRIwFsSktJ4AaABAg,iRVVXaU6zGY,@XIX_Aryan7,http://www.youtube.com/@XIX_Aryan7,2026-09-11T12:52:15Z,2026-09-11T12:52:15Z,False,0,"Aston Villa 3-1 Nottingham Forest
Bournemouth 1-2 Brentford
Chelsea 4-1 Hull
Crystal Palace 0-0 Ipswich
Liverpool 3-0 Fulham
Tottenham 1-0 Everton
Sunderland 0-2 Arsenal
Coventry 0-3 Brighton
Man United 2-2 Man City
Leeds 2-1 Newcastle"
UgyAtQxDEN77jtG0w4d4AaABAg,iRVVXaU6zGY,@nep2222,http://www.youtube.com/@nep2222,2026-09-11T12:50:04Z,2026-09-11T12:50:04Z,False,0,"Game week 4 predictions

Villa 1-1 Forrest
Bournemouth 1-2 Brentford
Chelsea 4-2 Hull
Palace 3-1 Ispwich
Liverpool 2-1 Fulham
Spurs 1-2 Everton
Coventry 1- 2 Brighton
Man U 2-3 Man City
Leeds 2-2 Newcastle"
UgxwP2ec9XQ6t5RA9LN4AaABAg,iRVVXaU6zGY,@Kuz-,http://www.youtube.com/@Kuz-,2026-09-11T12:45:35Z,2026-09-11T12:45:35Z,False,0,"Aston Villa 2-2 Nottingham Forest 
Bournemouth 1-2 Brentford
Chelsea 2-1 Hull 
Crystal Palace 1-1 Ipswich
Liverpool 3-0 Fulham
Tottenham 1-2 Everton
Sunderland 0-3 Arsenal
Coventry 0-2 Brighton
Manchester United 2-3 Manchester City
Leeds 1-2 Newcastle"
UgwmdNFCkHu4Yq6NkF94AaABAg,iRVVXaU6zGY,@haziqnickel6259,http://www.youtube.com/@haziqnickel6259,2026-09-11T12:38:38Z,2026-09-11T12:38:38Z,False,0,"My GW4 predictions:

Aston Villa 2-1 Forest
Bournemouth 2-2 Brentford
Chelsea 2-1 Hull
Crystal Palace 2-1 Ipswich
Liverpool 3-1 Fulham
Tottenham 2-2 Everton
Sunderland 0-2 Arsenal 
Coventry 1-2 Brighton 
Man United 2-1 Man City
Leeds 1-2 Newcastle"
Ugy7qaqexdvmelo6pRJ4AaABAg,iRVVXaU6zGY,@rohailmahmood3847,http://www.youtube.com/@rohailmahmood3847,2026-09-11T12:31:05Z,2026-09-11T12:31:05Z,False,1,"Villa 1-1 Forest 
Bournemouth 2-1 Brentford 
Chelsea 3-0 Hull
Palace 2-2 Ipswich 
Liverpool 3-1 Fulham
Spurs 2-1 Everton
Sunderland 0-2 Arsenal
Coventry 0-1 Brighton 
United 1-2 City
Leeds 1-1 Newcastle"
UgzqdMOJUlLrHnFnHq14AaABAg,iRVVXaU6zGY,@taonaah,http://www.youtube.com/@taonaah,2026-09-11T12:30:13Z,2026-09-11T12:30:13Z,False,0,"Aston Villa 2-0 Nottingham forest 
Bournemouth 4-4 Brentford 
CHELSEA 3-0 
HULL
Crystal palace 2-1Ipswich
Liverpool 3-2Fulham
Tottenham 2-0 Everton
Sunderland 1- 2Arsenal
 Coventry 1-0Brighton
Man UTD 1-4 Man city 
Leeds 0-1Newcastle"
UgxYtBwYqgngRe3LbAl4AaABAg,iRVVXaU6zGY,@JRFack25,http://www.youtube.com/@JRFack25,2026-09-11T12:24:08Z,2026-09-11T12:24:08Z,False,0,"Aston Villa 2-1 Nottingham Forest
Bournemouth 2-2 Brentford
Chelsea 2-1 Hull
Crystal Palace 1-2 Ipswich
Liverpool 2-0 Fulham
Tottenham 1-1 Everton
Sunderland 1-2 Arsenal 
Coventry 1-3 Brighton
Man United 2-3 Man City
Leeds 1-2 Newcastle"
UgzZuatLDIKVbqj-BCh4AaABAg,iRVVXaU6zGY,@nibiru_22,http://www.youtube.com/@nibiru_22,2026-09-11T12:20:10Z,2026-09-11T12:20:10Z,False,1,Finally he posts early
Ugy7P6zeXEiaYCjtNQx4AaABAg,iRVVXaU6zGY,@zeeintegral,http://www.youtube.com/@zeeintegral,2026-09-11T12:13:40Z,2026-09-11T12:13:40Z,False,1,"Aston Villa 1-1 Forest
Bournemouth 2-1 Brentford 
Chelsea 3-1 Hull City 
Crystal Palace 2-2 Ipswich Town
Liverpool 2-0 Fulham
Tottenham 1-2 Everton
Sunderland 0-3 Arsenal 
Coventry 2-3 Brighton 
Man Utd 3-3 Man City 
Leeds 2-1 Newcastle United"
UgygGlXj37yHCtRpkMJ4AaABAg,iRVVXaU6zGY,@wings4525,http://www.youtube.com/@wings4525,2026-09-11T12:12:31Z,2026-09-11T12:12:31Z,False,0,"Predictions for GW4
Aston villa 3-2 Nottingham forest 
Bournemouth 2-0 Brentford
Chelsea 2-2 Hull
Palace 2-0 Ipswich 
Liverpool 3-1 Fulham 
Tottenham 0-0 Everton
Sunderland 1-4 Arsenal 
Coventry 0-2 Brighton 
Man U 2-3 Man City
Leeds 2-2 Newcastle"
Ugw-TAvNhWlCBtzFDqJ4AaABAg,iRVVXaU6zGY,@billydeegan5559,http://www.youtube.com/@billydeegan5559,2026-09-11T12:11:29Z,2026-09-11T12:11:29Z,False,0,LIVERPOOL  3=0 Fulham
UgxANIbnkAmlLWnr_FZ4AaABAg,iRVVXaU6zGY,@lavishjain4145,http://www.youtube.com/@lavishjain4145,2026-09-11T12:07:42Z,2026-09-11T12:07:42Z,False,0,"Aston Villa 1 - 1 Forrest

Bournemouth 1 - 2 Brentford

Chelsea 4 - 2 Hull

Crystal Palace 2 - 2 Ipswich

Liverpool 3- 0 Fulham

Tottenham 2- 1 Everton 

Sunderland 0 - 1 Arsenal

Coventry 1 - 2 Brighton

Man utd 1 - 3 Man City

Leeds 1-2 Newcastle"
UgznWR-TNpIb1-rI6fB4AaABAg,iRVVXaU6zGY,@Cody-x2d4r,http://www.youtube.com/@Cody-x2d4r,2026-09-11T12:01:01Z,2026-09-11T12:01:01Z,False,0,16:42 NO because in the 24/25 season it was December and April
Ugy0TKSrXv8R0ddm-ZJ4AaABAg,iRVVXaU6zGY,@josephshuford6193,http://www.youtube.com/@josephshuford6193,2026-09-11T11:53:47Z,2026-09-11T11:53:47Z,False,0,"Aston Villa 2-0 Nottingham
Bournemouth 1-1 Brentford
Chelsea 3-1 Hull
Crystal Palace 1-0 Ipswich
Liverpool  2-0 Fulham
Tottenham 1-2 Everton
Sunderland 0-3 Arsenal 
Coventry 0-2 Brighton
Manchester U. 1-1 Manchester C.
Leeds 0-0 Newcastle"
Ugy0F2uBDDxzS2fcMf54AaABAg,iRVVXaU6zGY,@jackdenham927,http://www.youtube.com/@jackdenham927,2026-09-11T11:51:52Z,2026-09-11T11:51:52Z,False,0,"Aston villa 1 - 2 Nottingham forest

Bournemouth 2 - 2 Brentford 

Chelsea 4 - 1 hull

Crystal Palace 1 - 0 Ipswich 

Liverpool 3 - 2 Fulham 

Tottenham 0 - 0 Everton 

Sunderland 1 - 1 Arsenal 

Coventry 1 - 1 Brighton 

Manchester United 1 - 2 man city 

Leed 2 - 2 Newcastle"
UgyRHlCjB9Yrn-MW9cl4AaABAg,iRVVXaU6zGY,@thvo5835,http://www.youtube.com/@thvo5835,2026-09-11T11:45:31Z,2026-09-11T11:45:31Z,False,0,"Bournemouth - Brentford 1-0
Aston Villa - Nottingham Forest 3-1
Chelsea - Hull City 0-1
Crystal Palace - Ipswich Town 1-2
Liverpool - Fulham 2-0
Tottenham - Everton 0-0
Sunderland - Arsenal 2-2
Coventry City - Brighton 0-0
Man United - Man City 0-1
Leeds - Newcastle 1-0"
UgzqE6qlHJ6BgoDcK3V4AaABAg,iRVVXaU6zGY,@mikhailurmich,http://www.youtube.com/@mikhailurmich,2026-09-11T11:34:22Z,2026-09-11T11:34:22Z,False,0,"Aston Villa 2 Forest 1
Bournemouth 0 Brentford 2
Chelsea 3 Hull 0
Palace 1 Ipswich 1
Liverpool 3 Fulham 0
Tottenham 0 Everton 0
Sunderland 0 Arsenal 2
Coventry 0 Brighton 1
Man United 0 Man City 2
Leeds 1 Newcastle 1"
UgzRNlEr-2OgJAarVxF4AaABAg,iRVVXaU6zGY,@Waschbecken,http://www.youtube.com/@Waschbecken,2026-09-11T11:28:20Z,2026-09-11T11:28:20Z,False,0,"Aston Villa 1 Nottingham Forest 2
Bournemouth 2 Brentford 2
Chelsea 3 Hull 2
Crystal Palace 2 Ipswich 1
Liverpool 5 Fulham 1
Spurs 1 Everton 2
Sunderland 0 Arsenal 1
Coventry 0 Brighton 2
Man United 1 Man City 2
Leeds 1 Newcastle 1"
UgzNWox8wrvqh-VGcBJ4AaABAg,iRVVXaU6zGY,@georgeglen7204,http://www.youtube.com/@georgeglen7204,2026-09-11T11:26:28Z,2026-09-11T11:26:28Z,False,0,"Bournemouth 0 Brentford 0
Villa 3 Forest 1
Chelsea 2 Hull 0
Palace 3 Ipswich 0
Liverpool 3 Fulham 0
Spurs 4 Everton 0
Sunderland 2 Arsenal 2
Coventry 0 Brighton 1
United 2 City 1
Leeds 2 Newcastle 2"
UgzqXiMsnb3rP2wA0nF4AaABAg,iRVVXaU6zGY,@ZelZal98,http://www.youtube.com/@ZelZal98,2026-09-11T11:15:56Z,2026-09-11T11:15:56Z,False,0,"Aston Villa 0 - 2 Forrest
Bournemouth 1 - 2 Brentford
Chelsea 2 - 0 Hull
Crystal Palace 0 - 0 Ipswich
Liverpool 3 - 1 Fulham
Tottenham 0 - 2 Everton 
Sunderland 1 - 2 Arsenal
Coventry 2 - 3 Brighton
Man utd 5 - 4 Man City
Leeds 1 - 1 Newcastle"
Ugz1XZhNSzR99t9bAf14AaABAg,iRVVXaU6zGY,@goonergargamel,http://www.youtube.com/@goonergargamel,2026-09-11T11:05:09Z,2026-09-11T11:05:09Z,False,0,I agree with you on the Villa game
Ugz-WqyPrFdbe-wcABV4AaABAg,iRVVXaU6zGY,@JustTheOneSwanActually,http://www.youtube.com/@JustTheOneSwanActually,2026-09-11T10:57:45Z,2026-09-11T10:57:45Z,False,0,"Liverpool 3 Fulham 1
Crystal Palace 2 Ipswich Town 1
Bournemouth 3 Brentford 4
Aston Villa 1 Nottingham Forest 1
Chelsea 4 Hull City 1 (Pedro hattrick)
Tottenham Hotspur 2 Everton 2 (Barry brace)
Sunderland 0 Arsenal 2
Coventry City 2 Brighton 1
Manchester United 2 Manchester City 1 (Bruno penalty)
Leeds United 3 Newcastle United 2 (last minute DCL winner)"
UgwtrZ7HhnfXDZ1WoUd4AaABAg,iRVVXaU6zGY,@ratonul260,http://www.youtube.com/@ratonul260,2026-09-11T10:53:09Z,2026-09-11T10:53:36Z,True,1,Villa 1 Notts 1; Bouremouth 2 Brentford 2; Chelsea 3 Hull 1; Crystal Pallace 2 Ipswich 1; Liverpool 3 Fulham 0; Spurs 1 Everton 0; Sunderland 0 Arsenal 0; Coventry 1 Brighton 0; Man United 1 City 1; Leeds 2 Newcastle 0;
Ugy43CLwMyUMqQIralR4AaABAg,iRVVXaU6zGY,@Krypt-r9m,http://www.youtube.com/@Krypt-r9m,2026-09-11T10:52:20Z,2026-09-11T10:52:20Z,False,0,"Aston Villa 1 - 0 Nottingham Forest 
Bournemouth 0 - 2 Brentford
Chelsea 3 - 1 Hull City 
Crystal Palace 2 - 1 Ipswich Town
Liverpool 2 - 1 Fulham
Tottenham 1 - 1 Everton
Sunderland 1 - 3 Arsenal 
Coventry City 0 - 2 Brighton
Man United 1 - 2 Man City
Leeds 2 - 1 Newcastle United"
UgykR0GzOP00ajPGP2R4AaABAg,iRVVXaU6zGY,@IsagiClipsyt,http://www.youtube.com/@IsagiClipsyt,2026-09-11T10:46:52Z,2026-09-11T10:46:52Z,False,3,"AVL 3-2 NFO
BOU 2-2 BRE
CHE 5-2 HUL
CRY 2-2 IPS
LIV 2-1 FUL
TOT 1-2 EVE
SUN 2-2 ARS
COV 0-2 BHA
MUN 2-0 MCI
LEE 2-2 NEW"
UgwtaVOA7EicrohhzA94AaABAg,iRVVXaU6zGY,@tarushbhatia3263,http://www.youtube.com/@tarushbhatia3263,2026-09-11T10:35:40Z,2026-09-11T10:35:40Z,False,0,"Aston Villa 3 Nottingham Forest 0
Bournemouth 1 Brentford 2
Chelsea 2 Hull City 1
Crystal Palace 2 Ipswich Town 1
Liverpool 1 Fulham 1
Tottenham 2 Everton 2
Sunderland 0 Arsenal 1
Coventry 1 Brighton 1
Man Utd 2 Man City 1
Leeds 2 Newcastle 2"
UgyvssCEieMkSBSR60t4AaABAg,iRVVXaU6zGY,@jacobrichards5620,http://www.youtube.com/@jacobrichards5620,2026-09-11T10:16:32Z,2026-09-11T10:16:32Z,False,0,"Aston Villa 2-2 Nottingham Forest
Bournemouth 1-1 Brentford 
Chelsea 5-0 Hull City
Palace 2-1 Ipswich
Liverpool 4-0 Fulham
Tottenham 1-1 Everton 
Sunderland 0-3 Arsenal
Coventry 1-1 Brighton 
Man United 2-2 Man City
Leeds 2-3 Newcastle"
UgzTYnNOQuzt1dUOMBV4AaABAg,iRVVXaU6zGY,@cajokilibarda6537,http://www.youtube.com/@cajokilibarda6537,2026-09-11T10:15:26Z,2026-09-11T10:15:26Z,False,0,"Aston Villa 2 - 1 Forrest
Bournemouth 1 - 2 Brentford
Chelsea 4 - 2 Hull
Crystal Palace 2 - 2 Ipswich
Liverpool 3- 1 Fulham
Tottenham 1 - 0 Everton 
Sunderland 0 - 2 Arsenal
Coventry 1 - 2 Brighton
Man utd 3 - 2 Man City
Leeds 2 - 2 Newcastle"
Ugx5nnjCHUXm2PaGTyB4AaABAg,iRVVXaU6zGY,@adrianpietrzak4209,http://www.youtube.com/@adrianpietrzak4209,2026-09-11T10:15:09Z,2026-09-11T10:15:09Z,False,0,"Aston Villa 1-1 Forest
Bournemouth 2-3 Brentford
Chelsea 2-1 Hull
Palace 3-1 Ipswich
Liverpool 3-0 Fulham
Spurs 2-2 Everton
Sunderland 0-1 Arsenal
Coventry 0-2 Brighton
Man United 2-1 Man City
Leeds 1-1 Newcastle"
Ugykww3HQlOnFQHSPiJ4AaABAg,iRVVXaU6zGY,@patkovicosman6956,http://www.youtube.com/@patkovicosman6956,2026-09-11T10:05:05Z,2026-09-11T10:05:05Z,False,0,"Villa 2-2 Forrest
Bournemouth 2-1 Brentford
Chelsea 2-0 Hull
Palace-Ipswich 3-2
Liverpool-Fulham 2-0
Tottenham-Everton 2-1
Sunderland-Arsenal 1-1
Man United 2-1 Man City
Coventry 1-0 Brighton
Leeds1-1 Newcastle"
UgyTQ_ycgkRXRHAZVYl4AaABAg,iRVVXaU6zGY,@mukimurco1426,http://www.youtube.com/@mukimurco1426,2026-09-11T10:02:28Z,2026-09-11T10:02:28Z,False,0,"Aston Villa 2 - 0 Forrest
Bournemouth 2 - 2 Brentford
Chelsea 4 - 1 Hull
Crystal Palace 1 - 1 Ipswich
Liverpool 4- 2 Fulham
Tottenham 0 - 1 Everton
Sunderland 0 - 3 Arsenal
Coventry 1 - 2 Brighton
Man utd 1 - 2 Man City
Leeds 2 - 2 Newcastle"
UgwtSfgCpGNyPyQrRjN4AaABAg,iRVVXaU6zGY,@antonio5219,http://www.youtube.com/@antonio5219,2026-09-11T09:59:58Z,2026-09-11T09:59:58Z,False,0,"Aston Villa vs Nottingham Forest 3-2
Bournemouth vs Brentford 1-1
Chelsea vs Hull 2-1
Crystal Palace vs Ipswich Town 0-1
Liverpool vs Fulham 3-1
Tottenham vs Everton 1-2
Sunderland vs Arsenal 0-2
Coventry vs Brighton 1-1
Manchester United vs Manchester City 2-2
Leeds vs Newcastle 2-0"
UgzuVQgAZZXXIWlOtiZ4AaABAg,iRVVXaU6zGY,@cameronweston4872,http://www.youtube.com/@cameronweston4872,2026-09-11T09:51:04Z,2026-09-11T09:51:04Z,False,0,"Aston Villa 1 Nottingham Forest 0
Bournemouth 2 Brentford 1
Chelsea 2 Hull City 0
Crystal Palace 2 Ipswich Town 0
Liverpool 2 Fulham 0
Tottenham Hotspur 1 Everton 0
Sunderland 0 Arsenal 1
Coventry City 0 Brighton & Hove Albion 1
Manchester United 1 Manchester City 2
Leeds United 1 Newcastle United 0"
Ugw-SgdabFFaS7BPMhV4AaABAg,iRVVXaU6zGY,@clinton14_06,http://www.youtube.com/@clinton14_06,2026-09-11T09:47:43Z,2026-09-11T09:47:43Z,False,1,"Aston Villa 2 Nottingham Forest 1
Bournemouth 1 Brentford 1
Chelsea 3 Hull 0
Crystal Palace 1 Ipswich 0
Liverpool 3 Fulham 0
Tottenham 2 Everton 1
Sunderland 1 Arsenal 0
Coventry 0 Brighton 2
Man United 1 Man City 2
Leeds 1 Newcastle 1"
UgzgZobrPa6xgxhugEJ4AaABAg,iRVVXaU6zGY,@Monke-k4l,http://www.youtube.com/@Monke-k4l,2026-09-11T09:36:21Z,2026-09-11T09:36:21Z,False,0,"Aston Villa 2-1 Nottingham
Bournemouth 2-2 Brentford
Chelsea 1-0 Hull
Crystal Palace 1-1 Ipswich
Liverpool 3-1 Fulham
Tottenham 0-2 Everton
Sunderland 1-2 Arsenal
Coventry 1-1 Brighton
Man United 2-0 Man City
Leeds 2-1 Newcastle"
UgyPN4PxdwVSsfByasV4AaABAg,iRVVXaU6zGY,@freddoorofficial,http://www.youtube.com/@freddoorofficial,2026-09-11T09:28:19Z,2026-09-11T09:28:19Z,False,0,"Aston-2 v Nottingham-0
Brentford-1 v Bournemouth-2
Chelsea-3 v Hull-0
Ipswich-0 v Palace-2 
Liverpool-3 v Ful-1
Tottenham-0 v Eve-2
Arsenal-1 v Sunderland-1
Coventry-0 v Brighton-3
Leeds-1 v Newcastle-2"
Ugwp4J77grY3ApYIP0V4AaABAg,iRVVXaU6zGY,@The-1872,http://www.youtube.com/@The-1872,2026-09-11T09:11:55Z,2026-09-11T09:11:55Z,False,0,"Liverpool 2 0 Fulham
Crystal Palace 1 1 Ipswich Town
Bournemouth 1 2 Brentford 
Aston Villa 2 1 Nottingham Forest 
Chelsea 1 0 Hull City 
Spurs 2 1 Everton 
Sunderland 0 2 Arsenal 
Coventry 1 1 Brighton
Man UTD 2-2 Man City 
Leeds 2 1 Newcastle"
UgwMTueEJpiC2UpDFoJ4AaABAg,iRVVXaU6zGY,@Lenovoyo1030,http://www.youtube.com/@Lenovoyo1030,2026-09-11T09:08:20Z,2026-09-11T09:08:20Z,False,0,"Aston Villa 2- Forest 2
Bournemouth 0- Brentford 0
Chelsea 2 - Hull City 2
Crystal Palace 1 - ipswich 0
Liverpool 0-  Fulham 1
Tottenham 2- Everton 0
Sunderland 0- Arsenal 1
Coventry City 1- Brighton 1
Manchester United 2- Man City 2
Leeds United 3- Newcastle 2"
UgzQKvoFO2W9GhRnrQl4AaABAg,iRVVXaU6zGY,@KrazyKenyan,http://www.youtube.com/@KrazyKenyan,2026-09-11T08:58:27Z,2026-09-11T08:58:27Z,False,0,"Aston Villa 1 - 2 Forrest
Bournemouth 1 - 1 Brentford
Chelsea 3 - 1 Hull
Crystal Palace 2 - 1 Ipswich
Liverpool 4- 0 Fulham
Tottenham 0 - 1 Everton
Sunderland 0 - 2 Arsenal
Coventry 0 - 3 Brighton
Man utd 1 - 3 Man City
Leeds 2 - 3 Newcastle"
UgwfYUcFe_wwcKdev2d4AaABAg,iRVVXaU6zGY,@oliverHawkridge-ke3xx,http://www.youtube.com/@oliverHawkridge-ke3xx,2026-09-11T08:54:42Z,2026-09-11T08:54:42Z,False,0,"Villa 1-1 forest
Bournemouth 2-1 Brentford
Chelsea 5-1 Hull
Crystal palace 2-2 Ipswich
Liverpool 3-0 Fulham
Tottenham 0-1 Everton 
Sunderland 1-3 Arsenal
Coventry 0-2 Brighton
Man U 0-3 Man city
Leeds 2-1 Newcastle
Tottenham 0-1 Everton
Sunderland 1-3 Arsenal
Coventry 0-2 B"
Ugwhlq0Ss5Ut7S4_0jN4AaABAg,iRVVXaU6zGY,@Speedinkling,http://www.youtube.com/@Speedinkling,2026-09-11T08:50:29Z,2026-09-11T08:50:29Z,False,0,"Aston Villa 1 Nottingham Forest 0
Bournemouth 1 Brentford 1
Chelsea 3 Hull City 2
Crystal Palace 0 Ipswich 1
Liverpool 3 Fulham 0
Tottenham 1 Everton 2
Sunderland 0 Arsenal 3
Coventry 0 Brighton 2
Manchester United 2 Manchester City 1
Leeds United 2 Newcastle 1"
UgwviwvYLN-DqZ2diDh4AaABAg,iRVVXaU6zGY,@Ice-_-Bear-_-9,http://www.youtube.com/@Ice-_-Bear-_-9,2026-09-11T08:38:46Z,2026-09-11T08:38:46Z,False,0,"Bournemouth 1-1 Brentford
Villa 2-1 Forest
Chelsea 3-0 Hull
Place 0-0 Ipswich 
Liverpool 2-0 Fulham
Spurs 1-1 Everton
Sunderland 0-2 Arsenal
Coventry 1-3 Brighton
Man United 1-3 Man City 
Leeds 1-2 Newcastle"
UgyHnM-bsYXx0H4Fom14AaABAg,iRVVXaU6zGY,@dkstinson3011,http://www.youtube.com/@dkstinson3011,2026-09-11T08:37:40Z,2026-09-11T08:37:40Z,False,0,"Aston Villa 1 - 1 Forrest
Bournemouth 2 - 2 Brentford
Chelsea 4 - 0 Hull
Crystal Palace 1 - 0 Ipswich
Liverpool 3- 1 Fulham
Tottenham 0 - 1 Everton
Sunderland 0 - 2 Arsenal
Coventry 0- 1 Brighton
Man UTD 1 - 2 Man City
Leeds 2 - 1 Newcastle"
UgzxBLOgbU5iu9COaHJ4AaABAg,iRVVXaU6zGY,@marcusulevik,http://www.youtube.com/@marcusulevik,2026-09-11T08:34:12Z,2026-09-11T08:34:12Z,False,0,"Villa 1-1 Forest
Bournemouth 2-0 Brentford
Chelsea 0-0 Hull
Palace 1-2 Ipswich
Liverpool 4-2 Fulham
Spurs 0-0 Everton
Sunderland 0-3 Arsenal
Coventry 1-1 Brighton
Man United 1-0 Man City
Leeds 2-2 Newcastle"
UgxucUbM1nLcxvK74pN4AaABAg,iRVVXaU6zGY,@jasonantoniofernandes,http://www.youtube.com/@jasonantoniofernandes,2026-09-11T08:32:00Z,2026-09-11T08:32:00Z,False,0,City win 0-1
UgwRcE17w5ggv7ll7p54AaABAg,iRVVXaU6zGY,@Tdpr123,http://www.youtube.com/@Tdpr123,2026-09-11T08:25:16Z,2026-09-11T08:25:16Z,False,0,"Aston Villa 1  forest 2
Bournemouth 1 Brentford 3
Chelsea 4 Hull 1
Crystal Palace 2 Ipswich 2
Liverpool 2 Fulham 2
Tottenham 0 Everton 2
Sunderland 0 arsenal 2
Coventry 2 Brighton 1
Man utd 1 man city 3
Leeds 2 Newcastle 1"
UgzRu0rWFvbSpteDnAZ4AaABAg,iRVVXaU6zGY,@lennyleslie2012,http://www.youtube.com/@lennyleslie2012,2026-09-11T08:12:09Z,2026-09-11T08:12:09Z,False,0,"Aston Villa v Forest  2:2
Bournemouth v Brentford 1:2
Chelsea v Hull 3:2
 Palace v Ipswich 0:1
 Liverpool v Fulham 3:1
Tottenham v Everton 2:2
Sunderland v Arsenal 1:2
Coventry v Brighton 2:1
Man United v Man City 1:3
Leeds v Newcastle 3-0"
UgzbklfouHW8nmZF__l4AaABAg,iRVVXaU6zGY,@GeorgeRenshaw-f6c,http://www.youtube.com/@GeorgeRenshaw-f6c,2026-09-11T08:11:55Z,2026-09-11T08:11:55Z,False,0,He’s Irish so he’s either a Liverpool fan or a Man U fan
UgxV6ZWIvvHGRxRnOZF4AaABAg,iRVVXaU6zGY,@dandoyle834,http://www.youtube.com/@dandoyle834,2026-09-11T08:04:03Z,2026-09-11T08:04:03Z,False,0,"My predictions 

Villa 1-1 Forest 
Bournemouth 1-2 Brentford 
Chelsea 3-1 Hull 
Palace 2-1 Ipswich 
Liverpool 3-0 Fulham 
Spurs 1-1 Everton 
Sunderland 1-2 Arsenal 
Coventry 1-2 Brighton 
Man united 2-2 Man city 
Leeds 2-1 Newcastle"
Ugx-VWJnlIu6_cqzwhJ4AaABAg,iRVVXaU6zGY,@rgas28,http://www.youtube.com/@rgas28,2026-09-11T08:03:47Z,2026-09-11T08:03:47Z,False,0,"Bournemouth 1-1 Brentford 
Aston Villa 1-0 Nottingham Forest 
Chelsea 2-0 Hull 
Crystal Palace 2-1 Ipswich 
Liverpool 3-1 Fulham 
Spurs 2-1 Everton 
Sunderland 0-2 Arsenal 
Coventry 0-1 Brighton 
Man Utd 2-2 Man City 
Leeds 0-0 Newcastle"
Ugx2GgiX_zAZltrs9ol4AaABAg,iRVVXaU6zGY,@mustyremsy3556,http://www.youtube.com/@mustyremsy3556,2026-09-11T08:02:10Z,2026-09-11T08:02:10Z,False,0,"VILLA 1-1 FOREST
BOURNEMOUTH 2-1 BRENTFORD
CHELSEA 2-1 HULL
PALACE 2-2 IPSWICH
LIVERPOOL 2-0 FULHAM
SPURS 1-1 EVERTON
SUNDERLAND 0-2 ARSENAL
COVENTRY 0-2 BRIGHTON
MAN UTD 2-1 MAN CITY
LEEDS 2-1 NEWCASTLE"
UgxId9LRt1H3mPhH7114AaABAg,iRVVXaU6zGY,@Dfitzykiid,http://www.youtube.com/@Dfitzykiid,2026-09-11T07:59:37Z,2026-09-11T07:59:37Z,False,0,"Villa 2 Forest 1
Bournemouth 1 Brentford 1
Chelsea 1 Hull 0
Palace 2 Ipswich 1
Liverpool 3 Fulham 0
Tottenham 1 Everton 0
Sunderland 0 Arsenal 2
Coventry 1 Brighton 2
Man United 2 Man City 2
Leeds 1 Newcastle 2"
UgywrVtZ_Odk8-kCMed4AaABAg,iRVVXaU6zGY,@seansavage7414,http://www.youtube.com/@seansavage7414,2026-09-11T07:59:23Z,2026-09-11T07:59:23Z,False,0,"Aston Villa 2 Nottingham Forest 1 
Bournemouth 1 Brentford 1 
Chelsea 3 Hull City 1 
Crystal Palace 2 Ipswich Town 1 
Liverpool 3 Fulham 1 
Tottenham 1 Everton 2 
Sunderland 0 Arsenal 1 
Coventry City 0 Brighton and Hove Albion 1 
Manchester United 2 Manchester City 1 
Leeds United 1 Newcastle United 1"
UgyM58lbp4Ug5saEOn54AaABAg,iRVVXaU6zGY,@Aussie_Benfica,http://www.youtube.com/@Aussie_Benfica,2026-09-11T07:58:04Z,2026-09-11T07:58:04Z,False,1,"This actually helps for me in Australia i missed first two weeks and then 1 game of last week was Friday night 
Bournemouth v Brentford 1-1
Aston Villa v Nottingham Forest 0-0
Chelsea v Hull 3-0
Sunderland v Arsenal 1-3
Coventry v Brighton 1-1
Manchester UTD v Manchester City 0-2
Leeds v Newcastle 2-2"
UgzFbhhIrF8LFB9Xyi14AaABAg,iRVVXaU6zGY,@michaelparkinsonsfreeparkerpen,http://www.youtube.com/@michaelparkinsonsfreeparkerpen,2026-09-11T07:53:12Z,2026-09-11T07:53:12Z,False,0,"Aston Villa 2-1 Forest
Bournemouth 2-2 Brentford
Chelsea 3-0 Hull
Crystal Palace 1-0 Ipswich
Liverpool 3-0 Fulham
Tottenham 2-0 Everton
Sunderland 1-1 Arsenal
Coventry 2-1 Brighton
Man United 2-3 Man City
Leeds 2 -2 Newcastle"
UgxuSkQeGTxpLfOZkEF4AaABAg,iRVVXaU6zGY,@FeyselFaya-u3r,http://www.youtube.com/@FeyselFaya-u3r,2026-09-11T07:42:32Z,2026-09-11T07:42:32Z,False,0,"Villa 0- 1 Forest
Bournemouth 1- 2 Brentford 
Chelsea 4-2 Hull
Crystal palace 3-1 Ipswich 
Liverpool 2-1 Fulham
Tottenham 0-1 Everton 
Sunderland 0-3 Arsenal 
Coventry 1-2 Brighton 
Manchester united 1-6 M.city
Leeds 2- 1 Newcastle"
UgxdB1THjn04UujkxH14AaABAg,iRVVXaU6zGY,@ctid7037,http://www.youtube.com/@ctid7037,2026-09-11T07:39:31Z,2026-09-11T07:39:31Z,False,0,"epl predictions for md 4
liverpool-3,fulham-1
palace-2,ipswich-2
bournemouth-1,brentford-1
aston villa-2, nottingham forest-1
chelsea-3,hull-0
spurs-1,everton-1
sunderland-1,arsenal-1
coventry-0,brighton-3
man united-1,man city-2
leeds-2,newcastle-2"
Ugz87zA6bG7VGPY0I3p4AaABAg,iRVVXaU6zGY,@sherwinvaz677,http://www.youtube.com/@sherwinvaz677,2026-09-11T07:35:02Z,2026-09-11T07:35:02Z,False,0,"Gameweek 4

Aston Villa v Nottingham Forest 1-1
Bournemouth v Brentford 0-1
Chelsea v Hull City 3-0
Crystal Palace v Ipswich 2-1
Liverpool v Fulham 3-1
Tottenham v Everton 1-2
Sunderland v Arsenal 0-2
Man Utd v Man City 1-2
Coventry v Brighton 0-3
Leeds v Newcastle 2-2"
UgxC2erD156VMK3ZAgZ4AaABAg,iRVVXaU6zGY,@Zigzaggery-m8d,http://www.youtube.com/@Zigzaggery-m8d,2026-09-11T07:26:13Z,2026-09-11T07:26:13Z,False,0,"Villa 1-0 Forest
Bournemouth 1-1 Brentford
Chelsea 3-1 Hull
Crystal Palace 2-1 Ipswich
Liverpool 3-1 Fulham
Tottenham 1-0 Everton
Sunderland 0-2 Arsenal
Man Utd 0-2 Man City
Coventry 1-3 Brighton
Leeds 1-1 Newcastle"
UgzC0x9FjziIF2Z6atZ4AaABAg,iRVVXaU6zGY,@FearProfe,http://www.youtube.com/@FearProfe,2026-09-11T07:25:55Z,2026-09-11T07:25:55Z,False,0,"Aston Villa 2-0
Bournemouth v. Brentford 2-2
Chelsea win 2-1
Crystal Palace win 2-0
Liverpool win 3-1
Arsenal win 2-0 
Brighton win 3-1
Manchester United win 2-1 
Tottenham v. Everton 1-1
Newcastle win 2-1"
Ugxu4hP-UCi1oLeDqLt4AaABAg,iRVVXaU6zGY,@gunashekarankumaravel4700,http://www.youtube.com/@gunashekarankumaravel4700,2026-09-11T07:25:05Z,2026-09-11T07:25:05Z,False,0,"Villa 2 - 1 Forest 
Bournemouth 1 - 1 Brentford 
Chelsea 3 - 1 Hull
Palace 1 - 1 Ipswich 
Liverpool 3 - 1 Fulham
Tottnham 0 - 2 Everton 
Sunderland  0 - 2 Arsenal
Coventry 1 - 3 Brighton 
Man u 2 - 2 City
Leeds 1 - 2 Newcastle"
UgzmGU3YVJXU0tzERhx4AaABAg,iRVVXaU6zGY,@HiddenSquid172,http://www.youtube.com/@HiddenSquid172,2026-09-11T07:17:39Z,2026-09-11T07:17:39Z,False,1,"Liverpool 2 Fulham 0
Chelsea 5 hull 0
Aston villa 1 Nottingham forest 2
Crystal Palace 2 Ipswich 0
Bournemouth 1 Brentford 1
Tottenham 2 Everton 1
Sunderland 1 arsenal 3
Coventry 1 Brighton 3
Man united 2 man city 2
Leeds 1 Newcastle 1"
UgyURdZte-k5ufRk1PF4AaABAg,iRVVXaU6zGY,@sanjaykrishnan9404,http://www.youtube.com/@sanjaykrishnan9404,2026-09-11T07:17:16Z,2026-09-11T07:17:16Z,False,0,"Villa 1 - forest 1
Bournemouth 2- 0 brentford
Chelsea - 3 - 2 hull
Palace - 2 - 1 ipswich
Liverpool - 3 - 1 Fulham
Totenham- 1-2 everton
Sunderland - 0 - 2 arsenal
Coventry - 0-1 brighton
Man United 2-3 man City
Leeds 2 - 1 newcastle"
UgzSXMLkQqQhNTrNrIp4AaABAg,iRVVXaU6zGY,@rintmacleanen2972,http://www.youtube.com/@rintmacleanen2972,2026-09-11T07:16:54Z,2026-09-11T07:16:54Z,False,0,"I already had my predictions in my notes for if the video went out late but now I am actually late… anyway here they are:

GW 4: (12-14 sept.)
Aston Villa 2, Nottingham Forest 1
Bournemouth 1, Brentford 0
Chelsea 1, Hull City 1
Crystal Palace 0, Ipswich 0
Liverpool 3, Fulham 0
Tottenham 2, Everton 2
Sunderland 0, Arsenal 2
Coventry City 1, Brighton 2
Manchester United 3, Manchester City 2
Leeds United 2, Newcastle 1"
UgwfXH_YKdysNCMYkEh4AaABAg,iRVVXaU6zGY,@ryannichols2046,http://www.youtube.com/@ryannichols2046,2026-09-11T07:06:27Z,2026-09-11T07:06:27Z,False,1,"I'm not even a Villa fan but I appreciate how much you like Zion Suzuki and you praise Jackson, who I've also found pretty underrated"
Ugzg9ZKECekX_2HpPiR4AaABAg,iRVVXaU6zGY,@ShaunHopkinsAVFC,http://www.youtube.com/@ShaunHopkinsAVFC,2026-09-11T06:57:59Z,2026-09-11T06:57:59Z,False,0,"Villa 2 - Forest 1
Bournemouth 1 - Brentford 2
Chelsea 3 - Hull 2
Palace 1 - Ipswich 2
Liverpool 3 - Fulham 0
Tottenham 1 - Everton 3
Sunderland 1 - Arsenal 3
Coventry 0 - Brighton 0
Man United 2 - Man City 2
Leeds 2 - Newcastle 2"
UgyQ6vp9kP6kYbTRSAB4AaABAg,iRVVXaU6zGY,@MakuBage-f3g,http://www.youtube.com/@MakuBage-f3g,2026-09-11T06:42:51Z,2026-09-11T06:42:51Z,False,0,"Aston Villa 1 :Nottingham Forest 2
Bournemouth 2 : Brentford 3
Chelsea 4 : Hull City 1
Crystal Palace 1 : Ipswich Town 1
Liverpool 3 : Fulham 0
Tottenham 0 : Everton 1
Sunderland 0 : Arsenal 3
Coventry 1 : Brighton 3
Man United 2 : Man City 1
Leeds 0 : Newcastle United 2"
UgwR6Xzw-qoAjhJL1kh4AaABAg,iRVVXaU6zGY,@P-Rex2844,http://www.youtube.com/@P-Rex2844,2026-09-11T06:41:15Z,2026-09-11T06:41:15Z,False,0,"Bournemouth 1 Brentford 2
Villa 2 Forest 0
Chelsea 2 Hull 1
Palace 1 Ipswich 1
Liverpool 4 Fulham 1
Spurs 1 Everton 1
Sunderland 0 Arsenal 2
Coventry 0 Brighton 3
Man Utd 1 Man City 3
Leeds 1 Newcastle 0"
UgyZi36kqNw6PB01fu14AaABAg,iRVVXaU6zGY,@patmaige6642,http://www.youtube.com/@patmaige6642,2026-09-11T06:37:19Z,2026-09-11T06:37:19Z,False,0,"Aston Villa 2-1 Nottingham Forest 
Bournemouth 1-1 Brentford 
Chelsea 2-1 Hull City 
Crystal Palace 0-0 Ipswich Town 
Liverpool 4-1 Fulham 
Tottenham 1-1 Everton 
Sunderland 1-2 Arsenal 
Man United 2-3 Man City 
Leeds 1-0 Newcastle"
Ugz2xnaq4n0Pvk4weFp4AaABAg,iRVVXaU6zGY,@luka-t4p2p,http://www.youtube.com/@luka-t4p2p,2026-09-11T06:22:49Z,2026-09-11T06:22:49Z,False,0,"Bournemouth 2-1 Brentford 
Villa1-1 forest 
Chelsea 3-0 hull
Crystal Palace 1-0 Ipswich 
Liverpool 2-0 Fulham
Spurs 1-0 Everton 
Sunderland 1-4 arsenal 
Coventry 2-2 Brighton 
Man Utd 4-3 Man City 
Leeds 2-2 Newcastle"
UgwCixye44_NgceExSJ4AaABAg,iRVVXaU6zGY,@Joe_6597,http://www.youtube.com/@Joe_6597,2026-09-11T06:20:42Z,2026-09-11T06:20:42Z,False,2,5:54 pontus Jansson tattoo if its first on motd?
UgxdzJgC9p7ex61kHFF4AaABAg,iRVVXaU6zGY,@noraniesoh,http://www.youtube.com/@noraniesoh,2026-09-11T06:14:45Z,2026-09-11T06:14:45Z,False,0,"Gameweek 4 predictions 
Aston Villa vs Nottingham Forrest 2-1
Bournemouth vs Brentford 1-0
Chelsea vs Hull 1-3
Crystal Palace vs Ipswich 1-0
Liverpool vs Fulham 3-0
Spurs vs Everton 1-1
Sunderland vs Arsenal 2-2
Coventry vs Brighton 1-0
Man Utd vs Man city 1-3
Leeds vs Newcastle 1-2"
UgxzCVutlKRcl3J8fmV4AaABAg,iRVVXaU6zGY,@HamzaSahi-v7z2n,http://www.youtube.com/@HamzaSahi-v7z2n,2026-09-11T06:12:35Z,2026-09-11T06:12:35Z,False,1,"Predictions for gameweek 4:

Villa 2-1 Forest
Bournemouth 1-1 Brentford
Chelsea 3-1 Hull
Palace 2-1 Ipswitch
Liverpool 3-1 Fulham
Tottenham 0-2 Everton
Sunderland 0-1 Arsenal
Man utd 2-3 Man city 
Coventry 0-2 Brighton
Leeds 2-2 Newcastle"
UgwyfCoFaSgZHdD2aId4AaABAg,iRVVXaU6zGY,@account6981,http://www.youtube.com/@account6981,2026-09-11T06:08:49Z,2026-09-11T06:08:49Z,False,0,"Aston Villa 2 - 1 Nottingham Forest 
Bournemouth 0 - 2 Brentford 
Chelsea 2 - 1 Hull City
Crystal Palace 1 - 1 Ipswich 
Liverpool 4 - 1 Fulham
Tottenham 1 - 0 Everton
Sunderland 0 - 3 Arsenal 
Coventry 0 - 2 Brighton 
Man U 1 - 3 Man city 
Leeds 1 - 0 Newcastle"
UgxXNt_XUI09aJtdWLR4AaABAg,iRVVXaU6zGY,@sashoborisov3607,http://www.youtube.com/@sashoborisov3607,2026-09-11T06:08:20Z,2026-09-11T06:08:20Z,False,0,"Aston Villa v Forest 1:1
Bournemouth v Brentford 1:1
Chelsea v Hull 3:1
Palace v Ipswich 1:1
Liverpool v Fulham 2:0
Tottenham v Everton 1:1
Sunderland v Arsenal 0:1
Coventry v Brighton 1:3
Man United v Man City 2:1
Leeds v Newcastle 2:1"
Ugyg18IcrZe9v0hEChR4AaABAg,iRVVXaU6zGY,@rfatih95,http://www.youtube.com/@rfatih95,2026-09-11T05:58:07Z,2026-09-11T05:58:07Z,False,0,"Aston Villa 2 - 1 Forest
Bournemouth 1 - 1 Brentford 
Chelsea 4 - 2 Hull
Crystal Palace 0 - 0 Ipswich 
Liverpool 4 - 1 Fulham
Tottenham 0 - 0 Everton 
Sunderland 0 - 2 Arsenal 
Coventry 1 - 3 Brighton 
Man Utd 3 - 2 Man City
Leeds 1 - 1 Newcastle"
UgxvX4CEpfI9qrSXf7l4AaABAg,iRVVXaU6zGY,@limkc8178,http://www.youtube.com/@limkc8178,2026-09-11T05:55:43Z,2026-09-11T05:55:43Z,False,0,"My predictions for Gameweek 4

Aston Villa 1 Nottingham Forest 1
Bournemouth 1 Brentford 1
Chelsea 2 Hull 1
Crystal Palace 2 Ipswich 1
Liverpool 3 Fulham 1
Tottenham 1 Everton 1
Sunderland 0 Arsenal 2
Man Utd 1 Man City 4
Coventry 1 Brighton 3
Leeds 2 Newcastle 2"
UgwBO4VDwVxJggWqpsZ4AaABAg,iRVVXaU6zGY,@williammurray-i6f,http://www.youtube.com/@williammurray-i6f,2026-09-11T05:55:39Z,2026-09-11T05:55:39Z,False,0,"Bournemouth 1 Brentford 2
Aston Villa 0 Nottingham Forest 1
Chelsea 2 Hull City 1
Crystal Palace 3 Ipswich 0
Liverpool 0 Fulham 0
Tottenham 1 Everton 2
Sunderland 0 Arsenal 2
Coventry 0 Brighton 1
Manchester United 2 - Manchester City 1
Leeds 1 - Newcastle 1"
Ugze7-6z_OP6P93oAwh4AaABAg,iRVVXaU6zGY,@IggyVossen,http://www.youtube.com/@IggyVossen,2026-09-11T05:38:54Z,2026-09-11T05:38:54Z,False,0,"Aston Villa 0 - 1 Forrest
Bournemouth 1 - 2 Brentford
Chelsea 2 - 1 Hull
Crystal Palace 2 - 0 Ipswich
Liverpool 2 - 1 Fulham
Tottenham 0 - 2 Everton 
Sunderland 0 - 4 Arsenal
Coventry 0 - 3 Brighton
Man Utd 3 - 2 Man City
Leeds 1 - 2 Newcastle"
Ugw2wy385baml80VAs94AaABAg,iRVVXaU6zGY,@pdawg4645,http://www.youtube.com/@pdawg4645,2026-09-11T05:37:27Z,2026-09-11T05:37:27Z,False,0,"Aston Villa 1 Forest 1
Bournemouth 2 Brentford 2
Chelsea 3 Hull City 1
Palace 2 Ipswich 0
Liverpool 2 Fulham 0
Tottenham 3 Everton 1
Sunderland 0 Arsenal 2
Coventry 1 Brighton 2
Man Utd 1 Man City 1
Leeds 1 Newcastle United 3"
UgxcMo_zIEzIPbR8LDd4AaABAg,iRVVXaU6zGY,@chiragkhatiwada6922,http://www.youtube.com/@chiragkhatiwada6922,2026-09-11T05:33:06Z,2026-09-11T05:33:06Z,False,0,"Bournemouth 1-1 Brentford
Aston Villa 2-1 Forest
Chelsea 3-1 Hull
Palace 2-0 Ipswich
Liverpool 3-1 Fulham
Spurs 1-1 Everton
Sunderland 0-2 Arsenal
Coventry 1-2 Brighton
Man Utd 0-2 Man City
Leeds 1-1 Newcastle"
UgwHSzVo3HXkZjFnG094AaABAg,iRVVXaU6zGY,@ThegrandtravelNerd,http://www.youtube.com/@ThegrandtravelNerd,2026-09-11T05:33:05Z,2026-09-11T05:33:05Z,False,0,"Aston Villa 2 Nottingham Forest 1
Bournemouth 1 Brentford 1
Chelsea 3 Hull 1
Crystal Palace 1 Ipswich 0
Liverpool 2 Fulham 0
Tottenham 1 Everton 1 
Sunderland 0 Arsenal 2
Coventry 0 Brighton 3
Man United 1 Man City 2
Leeds 0 Newcastle 2"
UgznqlyaXC3qvnRUwxV4AaABAg,iRVVXaU6zGY,@Shuvi279Error,http://www.youtube.com/@Shuvi279Error,2026-09-11T05:31:50Z,2026-09-11T05:31:50Z,False,0,"aston villa 1-2 forest
bournemouth 0-1 brentford
chelsea 0-0 hull
palace 2-0 ipswich
liverpool 4-3 fulham
tottenham 1-2 everton
sunderland 0-3 arsenal
coventry 0-4 brighton
man united 2-1 man city
leeds 0-2 newcastle"
Ugxl46nuJW22EtdFxYp4AaABAg,iRVVXaU6zGY,@clinton14_06,http://www.youtube.com/@clinton14_06,2026-09-11T05:14:37Z,2026-09-11T05:14:37Z,False,2,How do i put a prediction on the website
Ugw4uo187Zrl05EC6uJ4AaABAg,iRVVXaU6zGY,@cologga,http://www.youtube.com/@cologga,2026-09-11T05:13:54Z,2026-09-11T05:13:54Z,False,0,"Bournemouth 2 Brentford 2
Villa 3 Forest 1
Chelsea 3 Hull 2
Palace 1 Ipswich 1
Liverpool 3 Fulham 0
Spurs 2 Everton 0
Sunderland 0 Arsenal 2
Coventry 0 Brighton 3
United 2 City 2
Leeds 2 Newcastle 1"
Ugx1lHTeN9uHsgVwtzh4AaABAg,iRVVXaU6zGY,@Zdiot,http://www.youtube.com/@Zdiot,2026-09-11T05:07:56Z,2026-09-11T05:07:56Z,False,0,Never bet on or against Chelsea and that's coming from a Chelsea fan
UgzBN_GJRc4L0NUrYSN4AaABAg,iRVVXaU6zGY,@footyanimator,http://www.youtube.com/@footyanimator,2026-09-11T05:00:47Z,2026-09-11T05:00:47Z,False,0,"Bournemouth 1-2 Brentford
Villa 2-1 Forest
Chelsea 2-0 Hull
Palace 2-2 Ipswich
Liverpool 3-1 Fulham
Tottenham 1-1 Everton
Sunderland 1-3 Arsenal
Coventry 1-4 Brighton
Man United 3-2 Man City
Leeds 1-1 Newcastle"
UgzeazLeNIORLp8sbIR4AaABAg,iRVVXaU6zGY,@yourprogamer877,http://www.youtube.com/@yourprogamer877,2026-09-11T04:54:25Z,2026-09-11T04:54:25Z,False,0,"Aston Villa 3 - 1 Forrest
Bournemouth 2 - 2 Brentford
Chelsea 1- 2 Hull
Crystal Palace 1 - 1 Ipswich
Liverpool 3- 1 Fulham
Tottenham 0 - 2 Everton (Hackney 90 + 1 Min)
Sunderland 0 - 2 Arsenal
Coventry  0- 2 Brighton
Man utd 1- 3 Man City
Leeds 1 - 2 Newcastle"
Ugye_5DXdYFUSpOhd9h4AaABAg,iRVVXaU6zGY,@shamaiperez-u7f,http://www.youtube.com/@shamaiperez-u7f,2026-09-11T04:46:26Z,2026-09-11T04:46:26Z,False,0,"Aston Villa 2 - 0 Forrest
Bournemouth 1 - 1 Brentford
Chelsea 1 - 0 Hull
Crystal Palace 1 - 2 Ipswich
Liverpool 1- 1 Fulham
Tottenham 2 - 2 Everton
Sunderland 1 - 3 Arsenal
Coventry 2 - 0 Brighton
Man utd 2 - 4 Man City
Leeds 0 - 1 Newcastle"
Ugwo2mjbbaZig_qs4Y54AaABAg,iRVVXaU6zGY,@ArmaanIshaq-e1v,http://www.youtube.com/@ArmaanIshaq-e1v,2026-09-11T04:43:28Z,2026-09-11T04:43:28Z,False,0,"My Prem prediction 


Aston Villa 3 Nottingham Forest 1
bournemouth 0 brentford 0
Sunderland 1 Arsenal 2
Chelsea 4 hull 1
Tottenham 1 Everton 0
 Liverpool 2 Fulham 0
Man city 3 Man U 2
Leeds 0 Newcastle 2
Crystal Palace 2 Ipswich 2
Coventry 2 Brighton 2"
UgyPx7-dzY3NS54g0yl4AaABAg,iRVVXaU6zGY,@thenorthernghanaexperienc,http://www.youtube.com/@thenorthernghanaexperienc,2026-09-11T04:41:13Z,2026-09-11T04:41:13Z,False,0,"My GW4 predictions:

Bournemouth 1-1 Brentford

Aston villa 2-1 Nottingham Forest

Chelsea 2-0 Hull

Crystal Palace 1- 1 Ipswich 

Liverpool 3-0 Fulham 

Spurs 1-1 Everton 

Sunderland 1-3 Arsenal 

Coventry 0-3 Brighton

Man United 1-3 Man City 

Leeds 1-2 Newcastle"
Ugw3t9whgn-LR70H_2J4AaABAg,iRVVXaU6zGY,@coopergreenwald8919,http://www.youtube.com/@coopergreenwald8919,2026-09-11T04:11:49Z,2026-09-11T04:11:49Z,False,0,"Villa 1 Forest 1
Bournemouth 2 Brentford 2 
Chelsea 3 Hull 1
Crystal Palace 2 Ipswich 1
Liverpool 4 Fulham 1
Tottenham 0 Everton 1
Sunderland 0 Arsenal 1
Coventry 0 Brighton 2
Man United 2 Man City 1
Leeds 1 Newcastle 2"
UgzBlso0-T5l1SzG1Xd4AaABAg,iRVVXaU6zGY,@rishabh2310,http://www.youtube.com/@rishabh2310,2026-09-11T04:08:13Z,2026-09-11T04:08:13Z,False,0,"Aston Villa 1 - 0 Forrest
Bournemouth 2 - 2 Brentford
Chelsea 2 - 0 Hull
Crystal Palace 1 - 2 Ipswich
Liverpool 3- 1 Fulham
Tottenham 0 - 0 Everton
Sunderland 0 - 2 Arsenal
Coventry 1 - 3 Brighton
Man utd 3 - 1 Man City
Leeds 2 - 1 Newcastle"
UgyhpSJT-5xC1yGxNhJ4AaABAg,iRVVXaU6zGY,@alacaviationrailfan,http://www.youtube.com/@alacaviationrailfan,2026-09-11T04:08:08Z,2026-09-11T04:08:08Z,False,0,"Aston Villa 2-1 Forest
Bournemouth 0-0 Brentford
Chelsea 3-0 Hull
Crystal Palace 1-1 Ipswich
Liverpool 3-0 Fulham
Spurs 0-2 Everton
Sunderland 1-4 Arsenal
Coventry 0-2 Brighton
Man United 3-2 Man City
Leeds 1-1 Newcastle"
UgwkSq2ToFixnJ5CqWd4AaABAg,iRVVXaU6zGY,@jairot4462,http://www.youtube.com/@jairot4462,2026-09-11T04:04:01Z,2026-09-11T04:08:30Z,True,0,"Aston Villa 1 - 0 Forrest
Bournemouth 1 - 2 Brentford
Chelsea 4 - 2 Hull
Crystal Palace 1 - 1 Ipswich
Liverpool 2 - 1 Fulham
Tottenham 1 - 2 Everton 
Sunderland 0 - 2 Arsenal
Coventry 2 - 3 Brighton
Man utd 2 - 2 Man City
Leeds 2 - 2 Newcastle"
UgzEhOYYTH2NHZmtUN54AaABAg,iRVVXaU6zGY,@Ferrufino5l,http://www.youtube.com/@Ferrufino5l,2026-09-11T03:43:37Z,2026-09-11T03:43:37Z,False,0,"Bournemouth 2-0 brentford 
Aston villa 1-1 Nottingham Forest 
Chelsea 3-1 Hull
Crystal Palace 3 - 0 Ipswich 
Liverpool 3-1 Fulham (isak brace ;)
Tottenham 1-2 Everton 
Sunderland 0-2 Arsenal 
Coventry 2- 4 Brighton (LOL)
Manchester United 1 - 3 Manchester city 
Leeds 2-3 Newcastle (Schar last min winner)"
UgyxoCoJo8aGGVWpNaJ4AaABAg,iRVVXaU6zGY,@rahulbenjaminsarkar8999,http://www.youtube.com/@rahulbenjaminsarkar8999,2026-09-11T03:41:11Z,2026-09-11T03:41:11Z,False,0,"GAMEWEEK 4 Predictions
Aston Villa 2 - Forest 1
Bournemouth 2  - Brentford 2
Chelsea 3 - Hull 2
Palace 2 - Ipswich 1
Liverpool 2 - Fulham 0
Tottenham 1 - Everton 2
Sunderland 0 - Arsenal 2
Coventry 0 - Brighton 3
Man United 2 - Man City 2
Leeds 2 - Newcastle 2"
Ugxy0o1j9uteEOZoTE54AaABAg,iRVVXaU6zGY,@vithalnarula,http://www.youtube.com/@vithalnarula,2026-09-11T03:39:44Z,2026-09-11T03:39:44Z,False,0,You need to get over Isak mate. It’s getting annoying by this point.
Ugwd4qL_dA1vIuf5f3d4AaABAg,iRVVXaU6zGY,@kittyzoomby,http://www.youtube.com/@kittyzoomby,2026-09-11T03:31:51Z,2026-09-11T03:31:51Z,False,0,"Villa 1 Forest 0
Bournemouth 1 Brentford 1
Chelsea 3 Hull 0 
Palace 0 Ipswich 0
Liverpool 2 Fulham 0
Tottenham 0 Everton 1
Sunderland 1 Arsenal 3
Coventry 0 Brighton 4
Man United 3 Man City 0
Leeds 2 Newcastle 0"
UgzlzlnnddeNet4cdlB4AaABAg,iRVVXaU6zGY,@brunochip2380,http://www.youtube.com/@brunochip2380,2026-09-11T03:29:16Z,2026-09-11T03:29:16Z,False,0,"Aston villa 2-1 Forest
Bournemouth 0-1 Brentford
Chelsea 3:0 Hull
Liverpool 1-1 Fulham 
Crystal Palace 2-0 Ipswich
Tottenham 0-0 Everton 
Coventry 0-1 Brighton 
Man united 3-2 Man city 
Leeds 2-2 Newcastle
Sunderland 0-2 Arsenal"
Ugxb0TLzLboTdjq4ce94AaABAg,iRVVXaU6zGY,@rupamaditya0,http://www.youtube.com/@rupamaditya0,2026-09-11T03:28:13Z,2026-09-11T03:28:13Z,False,0,"Villa 2 Forest 1
Bournemouth 0 Brentford 2
Chelsea 2 Hull 0
Palace 1 Ipswich 1
Liverpool 4 Fulham 0
Spurs 2 Everton 2
Sunderland 0 Arsenal 3
Coventry 1 Brighton 1
Manchester United 4 Manchester City 2
Leeds 2 Newcastle 1"
Ugw_s4hCtS-aL-sogQh4AaABAg,iRVVXaU6zGY,@briantran6145,http://www.youtube.com/@briantran6145,2026-09-11T03:27:11Z,2026-09-11T03:27:11Z,False,0,"Aston Villa 2 - 1 Forest
Bournemouth 1 - 2 Brentford
Chelsea 3 - 2 Hull
Palace 1 - 0 Ipswich
Liverpool 3 - 1 Fulham
Spurs 0 - 1 Everton
Sunderland 0 - 1 Arsenal
Coventry 1 - 3 Brighton
United 1 - 2 City
Leeds 2 - 1 Newcastle"
Ugz6kbib1hhv_gPhlKV4AaABAg,iRVVXaU6zGY,@UltraMLPMMMunetes,http://www.youtube.com/@UltraMLPMMMunetes,2026-09-11T03:25:02Z,2026-09-11T03:25:02Z,False,0,"Aston Villa 2 Nottingham Forest 1
Bournemouth 2 Brentford 2
Chelsea 4 Hull 1
Crystal Palace 1 Ipswich 0
Liverpool 3 Fulham 1
Tottenham 1 Everton 1
Sunderland 0 Arsenal 2
Man Utd 1 Man City 2
Coventry 1 Brighton 3
Leeds 2 Newcastle 2"
Ugzaqw0STKJxo94ehzF4AaABAg,iRVVXaU6zGY,@razza119,http://www.youtube.com/@razza119,2026-09-11T03:11:03Z,2026-09-11T03:11:03Z,False,0,"Premier League Game week 4 

Aaron Villa 2 Nottingham forest 1 
Bournemouth 1 Brentford 1 
Chelsea 3 hull 0
Crystal Palace 2 Ipswich 0
Liverpool 3 Fulham 0
Spurs 0 Everton 2 
Sunderland 1 Arsenal 3 
Coventry 0 Brighton 2 
Manchester United 2 Man City 1 
Leeds 0 Newcastle 2"
UgyYs3SSKhaw2LV_mj14AaABAg,iRVVXaU6zGY,@F21SP205UTMFKT,http://www.youtube.com/@F21SP205UTMFKT,2026-09-11T03:09:39Z,2026-09-11T03:09:39Z,False,0,"Liverpool 2 Fulham 2
Crystal Palace 1 Ipswich Town 2
Bournemouth 1 Brentford 2
Aston Villa 1 Nottingham Forest 2
Chelsea 3 Hull City 1
Tottenham Hotspur 1 Everton 2 (Barry brace)
Sunderland 0 Arsenal 2
Coventry City 1 Brighton 1
Manchester United 2 Manchester City 1
Leeds United 3 Newcastle United 1"
UgzITKeOenYgHf_ozQF4AaABAg,iRVVXaU6zGY,@oscarsanchez4521,http://www.youtube.com/@oscarsanchez4521,2026-09-11T03:04:54Z,2026-09-11T03:04:54Z,False,0,"Bournemouth 2-2 Brentford 
Villa 2-1 Forest 
Chelsea 1-0 Hull
Palace 2-2 Ipswich
Liverpool 4-0 Fulham 
Spurs 2-1 Everton
Sunderland 0-2 Arsenal
Coventry 0-3 Brighton 
Man U 0-0 Man City 
Leeds 2-1 Newcastle"
UgwbeVYO3VqNG2K654h4AaABAg,iRVVXaU6zGY,@BritishNFFC,http://www.youtube.com/@BritishNFFC,2026-09-11T02:57:52Z,2026-09-11T02:57:52Z,False,0,"Aston Villa 1 Nottingham Forest 2
Bournemouth 2 Brentford 1
Chelsea 3 Hull City 1
Crystal Palace 1 Ipswich 2
Liverpool 4 Fulham 0
Tottenham 1 Everton 0
Sunderland 0 Arsenal 2
Coventry 1 Brighton 3
Man United 2 Man City 3
Leeds 0 Newcastle 2"
UgzynDPFx2Zuu2z9E2h4AaABAg,iRVVXaU6zGY,@danenull254,http://www.youtube.com/@danenull254,2026-09-11T02:57:15Z,2026-09-11T02:57:15Z,False,0,"GW4 Predictions:
Aston Villa 2-1 Forest
Bournemouth 1-1 Brentford
Chelsea 3-1 Hull
Palace 1-2 Ipswich
Liverpool 3-0 Fulham
Tottenham 2-1 Everton
Sunderland 0-2 Arsenal
Coventry 0-2 Brighton
Man United 1-2 Man City
Leeds 1-1 Newcastle

Sidenote: Susan can't admit he's happy that Isak saved his skin... Isak's goals saved him from another forfeit last week"
Ugy7_WDd_FZvNlvdo9N4AaABAg,iRVVXaU6zGY,@whtwhtc,http://www.youtube.com/@whtwhtc,2026-09-11T02:51:31Z,2026-09-11T02:51:31Z,False,0,"Gw4 predictions:

Aston Villa 1 Nottingham Forest 1
Bournemouth 2 Brentford 1
Chelsea 3 Hull City 0
Crystal Palace 2 Ipswich 1
Liverpool 3 Fulham 2
Tottenham 1 Everton 2
Sunderland 0 Arsenal 2
Coventry 1 Brighton 3
Man United 0 Man City 2
Leeds 1 Newcastle 1"
UgyxN6a7ON6M4zl4xRR4AaABAg,iRVVXaU6zGY,@ChrisS-051,http://www.youtube.com/@ChrisS-051,2026-09-11T02:45:19Z,2026-09-11T02:45:19Z,False,0,"Aston Villa 1-1 Forest
Bournemouth 2-1 Brentford
Chelsea 6-0 Hull
Palace 1-1 Ipswich
Liverpool 3-0 Fulham
Tottenham 1-1 Everton
Sunderland 1-2 Arsenal
Coventry 1-1 Brighton
Man United 2-2 Man City
Leeds 2-1 Newcastle"
UgyGBMC2OnFTWJeSugN4AaABAg,iRVVXaU6zGY,@mattf9627,http://www.youtube.com/@mattf9627,2026-09-11T02:44:17Z,2026-09-11T02:44:17Z,False,0,"Villa 1-2 Forest
Brentford 3- 2 Bournemouth
Chelsea 2- 1 Hull
Palace 1-1 Ipswich
Liverpool 3-1 Fulham
Tottenham 1-1 Everton
Sunderland 0- 3 Arsenal
Coventry 0-2 Brighton
Leeds 3- 1 Newcastle"
Ugz5JLS101MDFVpcPDZ4AaABAg,iRVVXaU6zGY,@lewisfishr,http://www.youtube.com/@lewisfishr,2026-09-11T02:41:36Z,2026-09-11T02:41:36Z,False,0,"""going through the menopause"" ???? i know the Irish guy is a character but come on"
UgzTFE89Er1iVR2EheB4AaABAg,iRVVXaU6zGY,@Blazed666,http://www.youtube.com/@Blazed666,2026-09-11T02:36:28Z,2026-09-11T02:36:28Z,False,0,"Aston Villa 1 Nottingham Forest 1
Bournemouth 3 Brentford 2
Chelsea 2 Hull City 0
Crystal Palace 1 Ipswich Town 2
Liverpool 2 Fulham 2
Tottenham 0 Everton 1
Sunderland 0 Arsenal 2
Manchester United 3 Manchester City 2
Coventry City 0 Brighton 2
Leeds United 1 Newcastle United 1"
Ugw3Onk2LqRYQ0gHKCZ4AaABAg,iRVVXaU6zGY,@wolfisin,http://www.youtube.com/@wolfisin,2026-09-11T02:28:45Z,2026-09-11T02:28:45Z,False,0,"Aston Villa 0 - 1 Forrest
Bournemouth 0 - 2 Brentford
Chelsea 1 - 1 Hull
Crystal Palace 1 - 0 Ipswich
Liverpool 2 - 0 Fulham
Tottenham 1 - 0 Everton 
Sunderland 1 - 2 Arsenal
Coventry 0 - 2 Brighton
Man utd 1 - 2 Man City
Leeds 1 - 1 Newcastle"
Ugww6dhC_vSXpN_b11V4AaABAg,iRVVXaU6zGY,@Lamppost447,http://www.youtube.com/@Lamppost447,2026-09-11T02:25:18Z,2026-09-11T02:25:18Z,False,0,"Liverpool 3-1 Fulham 
Palace 2-0 Ipswich 
Bourmouth 1-3 Brentford 
Aston Villa 1-1 notinham forest 
Chelsea 0-2 hull 
Spurs 2-1 everton 
Sounderland 0-3 arsenal 
Coverntry 1-4 Brighton 
Man United 2-4 man city
Leeds 2-2 Newcastle"
UgwEGd4b0fNBR_UpcVB4AaABAg,iRVVXaU6zGY,@kstktoochill,http://www.youtube.com/@kstktoochill,2026-09-11T02:24:39Z,2026-09-11T02:24:39Z,False,0,"Aston Villa 1 Forest 1
Bournemouth 1 Brentford 1
Chelsea 3 Hull 0
Crystal Palace 2 Ipswich 0
Liverpool 3 Fulham 1
Tottenham 0 Everton 1
Sunderland 0 Arsenal 2
Coventry 1 Brighton 3
Man United 3 Man City 2
Leeds 1 Newcastle 1"
Ugx2nk6WJXeSmoLK5b54AaABAg,iRVVXaU6zGY,@julienserbanescu1484,http://www.youtube.com/@julienserbanescu1484,2026-09-11T02:24:37Z,2026-09-11T02:24:37Z,False,0,"Aston Villa 2 - 1 Forest
Bournemouth 2 - 2 Brentford
Chelsea 2 - 2 Hull
Crystal Palace 2 - 1 Ipswich
Liverpool 3 - 0 Fulham
Tottenham 2 - 2 Everton
Sunderland 1 - 3 Arsenal
Coventry 1 - 2 Brighton
Man utd 2 - 1 Man City
Leeds 2 - 2 Newcastle"
UgwVLdj6MiiPT15vwdN4AaABAg,iRVVXaU6zGY,@Acrr01,http://www.youtube.com/@Acrr01,2026-09-11T02:05:42Z,2026-09-11T02:05:42Z,False,0,"my predictions:

Bournemouth 1-3 Brentford
Aston villa 2-0 Forest
Chelsea 2-1 Hull
Crystal palace 2-0 Ipswich
Liverpool 4-0 Fulham
Spurs 1-3 Everton
Sunderland 0-3 Arsenal
Coventry 1-1 Brighton
Man utd 3-3 Man city
Leeds 1-2 Newcastle"
UgzjklFEpeLRlEJEO-h4AaABAg,iRVVXaU6zGY,@kalebseiffu6781,http://www.youtube.com/@kalebseiffu6781,2026-09-11T01:49:10Z,2026-09-11T01:49:10Z,False,0,"Aston Villa 1-1 Nottingham Forrest
Bournemouth 1-1 Brentford
Chelsea 3-0 Hull City
Crystal Palace 0-0 Ipswich
Liverpool 3-1 Fulham
Tottenham 1-0 Everton
Sunderland 0-1 Arsenal
Coventry 1-3 Brighton
Manchester United 1-1 Manchester City
Leeds United 2-2 Newcastle"
Ugxn5GxFUcNP1VZMGIl4AaABAg,iRVVXaU6zGY,@Prinshu1996,http://www.youtube.com/@Prinshu1996,2026-09-11T01:46:29Z,2026-09-11T01:46:29Z,False,0,"Aston villa 2-1 Nottingham Forest
Bournemouth 1-3 Brentford 
Chelsea 0-0 Hull City
Crystal palace 2-1 Ipswich
Liverpool 3-1 Fulham
Tottenham 2-1 Everton
Sunderland 0-1 Arsenal 
Coventry 0-2 Brighton 
Man United 0-3 Man city
Leeds 2-2 New Castle"
UgwntwdxoRzfewlKziR4AaABAg,iRVVXaU6zGY,@Gnadeeer,http://www.youtube.com/@Gnadeeer,2026-09-11T01:44:40Z,2026-09-11T01:44:40Z,False,0,"Aston Villa 1-1 Forest
Bournemouth 2-1 Brentford
Chelsea 4-1 Hull 
Crystal Palace 2-1 Ipswich 
Liverpool 3-1 Fulham
Tottenham 3-0 Everton
Sunderland 1-1 Arsenal
Coventry 2-1 Brighton
man UTD 1-3 Man City 
Leeds 1-0 Newcastle"
Ugz9f1wng5gCJOR5V5l4AaABAg,iRVVXaU6zGY,@ashermoore594,http://www.youtube.com/@ashermoore594,2026-09-11T01:35:27Z,2026-09-11T01:35:27Z,False,0,"Aston Villa 2 forest 1 
Bournemouth 1 Brentford 2 
Chelsea 3 hull 1
Crystal palace 2 Ipswich 2
Liverpool 3 Fulham 1
Tottenham 0 Everton 1
Sunderland 0 Arsenal 2
Coventry city 1 Brighton 3
Man United 1 man city 2
Leeds 0 Newcastle 0"
Ugw7IW0RbsJjlJwDNml4AaABAg,iRVVXaU6zGY,@dr4wd348,http://www.youtube.com/@dr4wd348,2026-09-11T01:34:29Z,2026-09-11T01:34:29Z,False,0,"Villa - Forrest 0-1
Bournemouth - Brentford 2-2
Chelsea - Hull 3-0
Palace - Ipswich 3-1
Liverpool - Fulham 2-0
Spurs - Everton 0-2
Sunderland - Arsenal 0-4
Coventry - Brighton 1-3
Man United - Man City 2-4
Leeds - Newcastle 1-0"
Ugzg3Y4hzW4oXwNGbEh4AaABAg,iRVVXaU6zGY,@TheFrankfurtTorpedo,http://www.youtube.com/@TheFrankfurtTorpedo,2026-09-11T01:30:21Z,2026-09-11T01:30:21Z,False,0,"Aston Villa 1-1 Forest
Bournemouth 1-3 Brentford
Chelsea 1-0 Hull
Palace 2-1 Ipswich 
Liverpool 2-0 Fulham
Tottenham 1-1 Everton
Sunderland 0-2 Arsenal 
Man U 1-2 Man City 
Coventry 0-2 Brighton
Leeds 1-2 Newcastle"
UgyKnTwgN-zrCbm5UKt4AaABAg,iRVVXaU6zGY,@Wtf-b3k,http://www.youtube.com/@Wtf-b3k,2026-09-11T01:26:57Z,2026-09-11T01:26:57Z,False,0,"aston villa 2-1 nottingham forest
bournemouth 1-0 brentford
chelsea 3-1 hull
crystal palace 2-0 ipswich
liverpool 4-0 fulham
spurs 0-1 everton
sunderland 0-3 arsenal
coventry 1-1 brighton
man united 1-2 man city
leeds 2-2 newcastle"
UgyTFAqUXgWZo-v5qpx4AaABAg,iRVVXaU6zGY,@xavierharrison4601,http://www.youtube.com/@xavierharrison4601,2026-09-11T01:23:45Z,2026-09-11T20:23:44Z,True,0,"Aston Villa 3-1 Nottingham Forest 
Bournemouth 1-1 Brentford 
Chelsea 2-1 Hull
Crystal Palace 2-2 Ipswich 
Liverpool 3-2 Fulham
Bournemouth 1-1 Brentford 
Tottenham 1-2 Everton
Sunderland 1-3 Arsenal 
Coventry 0-3 Brighton 
Man United 0-2 Man City
Leeds 1-2 Newcastle"
Ugy9wU4wETRJxEYY5rx4AaABAg,iRVVXaU6zGY,@aryanomsharma07,http://www.youtube.com/@aryanomsharma07,2026-09-11T01:23:27Z,2026-09-11T01:23:27Z,False,0,"Aston Villa 2 Nottingham Forest 1
Bournemouth 1 Brentford 1
Chelsea 4 Hull 1
Crystal Palace 2 Ipswich 0
Liverpool 3 Fulham 1
Tottenham 0 Everton 1
Sunderland 0 Arsenal 2
Coventry 0 Brighton 1
Man Utd 2 Man City 2
Leeds 1 Newcastle 2"
UgyIyIdSj6HHtXaVBa14AaABAg,iRVVXaU6zGY,@ErosFabbriGk2026,http://www.youtube.com/@ErosFabbriGk2026,2026-09-11T01:23:23Z,2026-09-11T01:23:23Z,False,0,"Premier League Matchweek ⚽️

Aston Villa 3-1 Nottingham Forest

Bournemouth 2-1 Brentford

Chelsea 2-0 Hull City

Crystal Palace 1-0 Ipswich Town

Liverpool 0-2 Fulham

Tottenham 1-0 Everton

Sunderland 2-2 Arsenal

Coventry City 0-0 Brighton

Manchester United 3-3 Manchester City

Leeds United 0-1 Newcastle United"
UgzSC0BQWLsVzuehDV54AaABAg,iRVVXaU6zGY,@SidHappensT.T,http://www.youtube.com/@SidHappensT.T,2026-09-11T01:11:20Z,2026-09-11T01:11:20Z,False,0,"GAMEWEEK 4 PREDICTIONS

ASTON VILLA 3 - 1 NOTTINGHAM FOREST

BOURNEMOUTH 1 - 0 BRENTFORD

CHELSEA 2 - 0 HULL CITY

PALACE 1 - 1 IPSWICH

LIVERPOOL 4 - 0 FULHAM

TOTTENHAM 2 - 2 EVERTON

SUNDERLAND 0 - 0 ARSENAL

COVENTRY 1 - 0 BRIGHTON

MAN UNITED 0 - 2 MAN CITY

LEEDS 1 - 1 NEWCASTLE"
UgxNBEdKg75KqXleeXR4AaABAg,iRVVXaU6zGY,@heywho1139,http://www.youtube.com/@heywho1139,2026-09-11T01:08:26Z,2026-09-11T01:08:26Z,False,0,I can’t summit for game week four :(
Ugz5EZ_8cw2ZQIAKHfl4AaABAg,iRVVXaU6zGY,@halea7124,http://www.youtube.com/@halea7124,2026-09-11T00:56:56Z,2026-09-11T00:56:56Z,False,0,"Aston Villa 2 - 1 Forrest
Bournemouth 2 - 2 Brentford
Chelsea 4 - 1 Hull
Crystal Palace 2 - 1 Ipswich
Liverpool 2 - 2 Fulham
Tottenham 1 - 1 Everton
Sunderland 0 - 0 Arsenal
Coventry 1 - 3 Brighton
Man utd 1 - 3 Man City
Leeds 3 - 2 Newcastle"
UgyMTeTW9KQ-819yHbR4AaABAg,iRVVXaU6zGY,@faisalaldahlawi6560,http://www.youtube.com/@faisalaldahlawi6560,2026-09-11T00:52:59Z,2026-09-11T00:52:59Z,False,0,"Villa v Forest 1-2
Bournemouth v Brentford 0-1
Chelsea v Hull 3-1
Palace v Ipswich 2-0 
Liverpool v Fulham 2-0
Tottenham v Everton 1-1 
Sunderland v Arsenal 0-2 
Utd v City 2-3 
Coventry v Brighton 1-2 
Leeds v Newcastle 1-1"
UgxTag5XMB6G3xxQGOl4AaABAg,iRVVXaU6zGY,@xaviersanchez314,http://www.youtube.com/@xaviersanchez314,2026-09-11T00:33:51Z,2026-09-11T00:33:51Z,False,0,"Aston Villa 2 - 1 Forest
Bournemouth 2 - 2 Brentford
Chelsea 2 - 1 Hull
Crystal Palace 1 - 1 Ipswich
Liverpool 2 - 1 Fulham
Tottenham 3 - 1 Everton 
Sunderland 0 - 1 Arsenal
Coventry 1 - 3 Brighton
Man utd 2 - 3 Man City
Leeds 1 - 2 Newcastle"
UgyXiNjmTJ5sQRCkbBx4AaABAg,iRVVXaU6zGY,@elijahjoseph4840,http://www.youtube.com/@elijahjoseph4840,2026-09-11T00:31:24Z,2026-09-11T00:31:24Z,False,0,"Villa 2 Forest 2
Bournemouth 2 Brentford 1
Chelsea 3 Hull 0
Palace 1 Ipswich 2
Liv 4 Fulham 1
Tot 3 Everton 2
Sunderland 1 Arsenal 0
Coventry 1 Brighton 3
Man U 2 Man City 3
Leeds 1 Newcastle 2"
UgwwzM-DdD3ZWGIu68d4AaABAg,iRVVXaU6zGY,@justinbrown-zr9zf,http://www.youtube.com/@justinbrown-zr9zf,2026-09-11T00:30:36Z,2026-09-11T00:30:36Z,False,0,"Liverpool 3 Fulham 1
Crystal Palace 0 Ipswich 1
Bournemouth 0 Brentford 2
Aston Villa 2 Nottingham Forest 0
Chelsea 5 Hull 2
Spurs 0 Everton 2
Sunderland 2 Arsenal 1
Manchester United 2 Manchester City 1
Coventry 2 Brighton 1
Leeds 2 Newcastle 1"
UgyCh_d-SG_9bhEX9L94AaABAg,iRVVXaU6zGY,@AngelofDetermination,http://www.youtube.com/@AngelofDetermination,2026-09-11T00:30:25Z,2026-09-11T00:30:25Z,False,0,"Aston Villa 1 v Forest 1
Bournemouth 1 v Brentford 2
Chelsea 4 v Hull 0
Palace 2 vs Ipswich 1
Liverpool 3 vs Fulham 1
Spurs 0 vs Everton 3
Sunderland 1 vs Arsenal 3
Coventry 2 vs Brighton 1
Man United 3 vs Man City 0 (DERBY DAY! KICK THEIR ASSES! OLE OLE OLE!)
Leeds 2 vs Newcastle 3 (Think so far I've had Newcastle unbeaten)"
UgyEjxW8VJ3yRF6f7TJ4AaABAg,iRVVXaU6zGY,@lnterestingInternet,http://www.youtube.com/@lnterestingInternet,2026-09-11T00:28:17Z,2026-09-11T00:28:17Z,False,0,"Gameweek 4 PREDICTIONS 

ASTON VILLA 1 - 1 NOTTINGHAM FOREST
BOURNEMOUTH 2 - 1 BRENTFORD
CHELSEA 2 - 1 HULL CITY
PALACE 1 - 1 IPSWICH
LIVERPOOL 3 - 2 FULHAM
TOTTENHAM 2 - 0 EVERTON
SUNDERLAND 0 - 2 ARSENAL
COVENTRY 0 - 2 BRIGHTON
MAN UNITED 1 - 3 MAN CITY
LEEDS 1 - 1 NEWCASTLE"
UgxtGBrcmOSjvUxo0ZJ4AaABAg,iRVVXaU6zGY,@lewis_.s7,http://www.youtube.com/@lewis_.s7,2026-09-11T00:21:23Z,2026-09-11T00:21:23Z,False,0,"GW4 Predictions:

Villa 1 Forest 1
Bournemouth 0 Brentford 0
Chelsea 3 Hull 2
Palace 1 Ipswich 2
Liverpool 2 Fulham 0
Tottenham 0 Everton 2
Sunderland 0 Arsenal 1
Coventry 1 Brighton 3
Man United 1 Man City 2
Leeds 1 Newcastle 1"
UgxC1W6X7V02JsVWjVB4AaABAg,iRVVXaU6zGY,@IRS17,http://www.youtube.com/@IRS17,2026-09-11T00:17:05Z,2026-09-11T00:17:05Z,False,0,"Matchday 4
liverpool 3-1 fulham
palace 2-1 ipswich
bournemouth 2-2 brentford
aston villa 1-1 nott forest
chelsea 4-2 hull
spurs 0-2 everton
sunderland 0-3 arsenal
coventry 0-2 brighton
man utd 2-1 man city
leeds 2-2 newcastle"
UgxFmJduyQ_rHVN_Eqx4AaABAg,iRVVXaU6zGY,@Ja23Bi,http://www.youtube.com/@Ja23Bi,2026-09-11T00:14:26Z,2026-09-11T00:14:26Z,False,0,"Aston Villa 1 Forest 2
Bournemouth 2 Brentford 2
Chelsea 2 Hull 0
Palace 1 Ipswich 2
Liverpool 3 Fulham 1
Tottenham 1 Everton 1
Sunderland 0 Arsenal 2
Coventry 0 Brighton 3
Man United 1 Man City 2
Leeds 1 Newcastle 2"
Ugx2MTzTn8YJhDNMH4l4AaABAg,iRVVXaU6zGY,@BenjaminLass,http://www.youtube.com/@BenjaminLass,2026-09-11T00:13:01Z,2026-09-11T00:13:01Z,False,0,"My Predictions:

Bournemouth 2-0 Brenford
Villa 0-0 Forest
Chelsea 3-1 Hull
Palace 2-0 ipswich
Liverpool 2-0 Fulham 
Spurs 2-0 Everton 
Sunderland 2-3 Arsenal 
Coventry 1-4 Brighton 
Man U 0-2 Man City 
Leeds 3-1 Newcastle"
UgznTor0o2G9d27KA1B4AaABAg,iRVVXaU6zGY,@Ccfc02,http://www.youtube.com/@Ccfc02,2026-09-11T00:09:46Z,2026-09-11T00:09:46Z,False,0,"My premier league predictions 
Villa v forest 2-1
Bournemouth v Brentford 2-2
Chelsea v Hull 4–1
Palace v Ipswich 3-2
Liverpool v Fulham 3-0
Tottenham v Everton 0-1
Sunderland v Arsenal 0-2
Coventry v Brighton 2-2
Man United v Man City 1-3
Leeds v Newcastle 2-1"
UgywYInIx4Sw-v9XEnB4AaABAg,iRVVXaU6zGY,@Journey22405,http://www.youtube.com/@Journey22405,2026-09-10T23:57:42Z,2026-09-10T23:57:42Z,False,0,"Aston Villa 1 - 2 Forest
Bournemouth 0 - 3 Brentford 
Chelsea 2 - 1 Hull
Crystal Palace 1 - 0 Ipswich 
Liverpool 2 - 0 Fulham 
Tottenham 0 - 2 Everton
Sunderland 0 - 2 Arsenal 
Coventry 1 - 1 Brighton
Manchester United 2 - 1 Manchester City
Leeds 3 - 2 Newcastle"
UgwEGlr0pst373RF7zt4AaABAg,iRVVXaU6zGY,@saulmartinez6706,http://www.youtube.com/@saulmartinez6706,2026-09-10T23:55:45Z,2026-09-10T23:55:45Z,False,0,"Aston Villa 2 - 1 Forrest
Bournemouth 3 - 2 Brentford
Chelsea 5  - 2  Hull
Crystal Palace 2 - 1 Ipswich
Liverpool 4- 1 Fulham
Tottenham 2  - 1 Everton 
Sunderland 0 - 2 Arsenal
Coventry 1 - 3 Brighton
Man utd 0 - 2 Man City
Leeds 2 - 1 Newcastle"
UgxRgFVmSogH7J738iJ4AaABAg,iRVVXaU6zGY,@mywonderfulworldofvideos,http://www.youtube.com/@mywonderfulworldofvideos,2026-09-10T23:48:38Z,2026-09-10T23:48:38Z,False,0,"Aston Villa 2 Forest 1
Bournemouth 2 Brentford 2
Chelsea 5 Hull 1
Crystal Palace 1 Ipswich 3
Liverpool 3 Fulham 1 
Tottenham 1 Everton 2
Sunderland 2 Arsenal 1
Coventry 0 Brighton 2
Man Utd 1 Man City 2
Leeds 2 Newcastle 1"
UgwaAJHhcXvTz2krT3B4AaABAg,iRVVXaU6zGY,@marcostenorio496,http://www.youtube.com/@marcostenorio496,2026-09-10T23:39:35Z,2026-09-10T23:39:35Z,False,1,"GAMEWEEK 4 PREDICTIONS 

ASTON VILLA 0 - 1 NOTTINGHAM FOREST
BOURNEMOUTH 1 - 1 BRENTFORD
CHELSEA 0 - 0 HULL CITY
PALACE 2 - 1 IPSWICH
LIVERPOOL 1 - 1 FULHAM
TOTTENHAM 0 - 2 EVERTON
SUNDERLAND 0 - 3 ARSENAL
COVENTRY 1 - 3 BRIGHTON
MAN UNITED 0 - 2 MAN CITY
LEEDS 1 - 1 NEWCASTLE"
UgxtmIWpmtMevJ-MxbR4AaABAg,iRVVXaU6zGY,@abarkadabra,http://www.youtube.com/@abarkadabra,2026-09-10T23:39:29Z,2026-09-10T23:39:29Z,False,0,"Aston Villa 0-4 Nottingham Forest
Bournemouth 3-1 Brentford
Chelsea 1-2 Hull
Crystal Palace 0-1 Ipswich
Liverpool 1-0 Fulham
Tottenham 0-2 Everton
Sunderland 2-0 Arsenal
Coventry 0-3 Brighton
Manchester United 2-4 Manchester City
Leeds 3-2 Newcastle"
Ugy7hnHM55L3e31rPoR4AaABAg,iRVVXaU6zGY,@rucinebaker9768,http://www.youtube.com/@rucinebaker9768,2026-09-10T23:23:53Z,2026-09-10T23:23:53Z,False,0,"Ashton Villa 1 Vs 1 Nothingham Forest
Bournemouth 2 Vs 2 Brentford
Chelsea 3 Vs 1 Hull
Crystal Palace 1 Vs 0 Ipswich
Liverpool 3 Vs 0 Fulham
Tottenham 1 Vs 0 Everton 
Sunderland 0 Vs 2 Arsenal
Coventry 1 Vs 3 Brighton
Man Utd 1 Vs 2 Man City
Leeds 1 Vs 1 Newcastle"
Ugwv-I2aemklXB2nQHF4AaABAg,iRVVXaU6zGY,@Nicknwjj,http://www.youtube.com/@Nicknwjj,2026-09-10T23:22:25Z,2026-09-10T23:22:25Z,False,0,"Aston Villa 2 - 1 Nottingham Forest
Bournemouth 1 - 1 Brentford
Chelsea 3 - 2 Hull
Crystal Palace 1 - 0 Ipswich
Liverpool 2 - 0 Fulham
Tottenham 1 - 1 Everton 
Sunderland 0 - 2 Arsenal
Coventry 1 - 3 Brighton 
Man Utd 2 - 2 Man City
Leeds 1 - 2 Newcastle"
UgyhNDML89hG_mdW87J4AaABAg,iRVVXaU6zGY,@maxkerrigan9123,http://www.youtube.com/@maxkerrigan9123,2026-09-10T23:18:07Z,2026-09-10T23:18:07Z,False,0,"Aston Villa 0 - 2 Forrest
Bournemouth 1 - 0 Brentford
Chelsea 0 - 0 Hull
Crystal Palace 0 - 2 Ipswich
Tottenham 1 - 3 Everton 
Liverpool 4 - 0 Fulham
Sunderland 1 - 5 Arsenal
Coventry 1 - 1 Brighton
Man United 2 - 1 Man City
Leeds 4 - 1 Newcastle"
Ugy0B3uVFEra2IpJtvB4AaABAg,iRVVXaU6zGY,@imperialsandwich3695,http://www.youtube.com/@imperialsandwich3695,2026-09-10T23:13:33Z,2026-09-10T23:13:33Z,False,0,"Alright prem predictions 2nd week 😎

Aston Villa 2-2 Nottingham Forest
Bournemouth 1-2 Brentford
Chelsea 0-1 Hull City
Palace 0-1 Ipswich
Liverpool 4-2 Fulham
Tottenham 3-0 Everton
Sunderland 0-2 Arsenal
Coventry 1-1 Brighton
Man Utd 2-1 Man City
Leeds 3-1 Newcastle"
UgxAGlbt4TCX099YVDZ4AaABAg,iRVVXaU6zGY,@BodgeItandLegItStudios,http://www.youtube.com/@BodgeItandLegItStudios,2026-09-10T23:11:50Z,2026-09-10T23:11:50Z,False,0,"Aston Villa 1 - 1 Nottingham Forest 
Bournemouth 0 - 1 Brentford
Chelsea 2 - 1 Hull
Crystal Palace 2 - 0 Ipswich
Liverpool 3 - 1 Fulham
Tottenham 1 - 1 Everton
Sunderland 1 - 3 Arsenal
Coventry 1 - 2 Brighton
Leeds 2 - 2 Newcastle"
Ugy5YrOJVHaA4qenwdF4AaABAg,iRVVXaU6zGY,@isaiahcys16,http://www.youtube.com/@isaiahcys16,2026-09-10T23:09:15Z,2026-09-10T23:09:15Z,False,0,"Aston Villa 2 - 2 Forest
Bournemouth 1 - 2 Brentford 
Chelsea 4 - 0 Hull
Crystal Palace 2 - 0 Ipswich 
Liverpool 3 - 0 Fulham
Tottenham 1 - 1 Fulham
Sunderland 0 - 2 Arsenal
Coventry 0 - 3 Brighton 
Man Utd 1 - 1 Man City
Leeds 1 - 2 Newcastle"
Ugy0sNLFGzeZNLxIj9V4AaABAg,iRVVXaU6zGY,@yulanluo9980,http://www.youtube.com/@yulanluo9980,2026-09-10T23:07:17Z,2026-09-10T23:07:17Z,False,0,"Aston villa 1-0 Forest
Bournemouth 1-1 Brentford
Chelsea 3-1 Hull
Ipswich 0-1 Palace
Liverpool 3-1 Fulham
Tottenham 1-1 Everton
Sunderland 0-2 Arsenal
Coventry 0-1 Brighton
Man city 1-1 Man Utd
Leeds 0-0 Newcastle"
UgxC7A8WWgM_MNSK_6d4AaABAg,iRVVXaU6zGY,@kdot9584,http://www.youtube.com/@kdot9584,2026-09-10T23:01:24Z,2026-09-10T23:01:24Z,False,0,"Aston Villa 1-1 Forest
Bournemouth 2-1 Brentford 
Chelsea 2-0 Hull 
Crystal palace 2-1 Ipswich
Liverpool 2-1 Fulham
Tottenham 1-1 Everton 
Sunderland 0-2 Arsenal 
Coventry 1-1 Brighton 
Man utd 1-2 Man city
Leeds 1-2 Newcastle"
Ugz2sVDtuiw3hKI-m1l4AaABAg,iRVVXaU6zGY,@jeremyfraser138,http://www.youtube.com/@jeremyfraser138,2026-09-10T23:00:00Z,2026-09-10T23:00:00Z,False,0,"Aston villa vs forest 2-1
Bournemouth vs Brentford 1-1
Chelsea vs Hull city 3-1
Crystal palace vs Ipswich 0-0
Liverpool vs fulham 2-1
Tottenham vs  Everton 2-3
Sunderland vs Arsenal 0-4
Coventry vs Brighton 1-1
Man u vs man city 2-2
Leeds vs Newcastle 1-1"
UgyX03GnPv0Ed-dXOPt4AaABAg,iRVVXaU6zGY,@CyrilMcWell,http://www.youtube.com/@CyrilMcWell,2026-09-10T22:59:56Z,2026-09-10T22:59:56Z,False,0,"Aston Villa 2 - 0 N Forest
Bournemouth 2 - Brentford 1
Chelsea 2 - 0 Hull
Palace 1 - 2 Ipswich
Liverpool 2 - 1 Fulham
Spurs 1 - 1 Everton
Sunderland 0 - 2 Arsenal 
Man Utd 2 - 1 Man City
Coventry 1 - 1 Brighton 
Leeds 1 - 2 Newcastle"
UgzV51z2g-NwJ8yKrzl4AaABAg,iRVVXaU6zGY,@Blaze_24_1,http://www.youtube.com/@Blaze_24_1,2026-09-10T22:58:31Z,2026-09-10T22:58:31Z,False,0,"Liverpool vs Fulham 2-0
Palace vs Ipswich 1-1
Bournemouth vs Brentford 1-3
Aston Villa vs Forrest 1-1
Chelsea vs Hull 1-0
Spurs vs Everton 0-2
Sunderland vs Arsenal 0-3
Coventry vs Brighton 0-4
Man united vs city 1-3
Leeds vs Newcastle 1-2"
UgxgPn1BSq8QuU8eCa94AaABAg,iRVVXaU6zGY,@Tim_D93,http://www.youtube.com/@Tim_D93,2026-09-10T22:58:04Z,2026-09-10T22:58:04Z,False,0,"My predictions for Gameweek 4

My predictions
Aston villa 2-0 Nottingham forest
Bournemouth 2-3 Brentford
Chelsea 4-1 hull city
Crystal palace 2-2 Ipswich town
Liverpool 3-0 Fulham
Tottenham 0-2 Everton
Sunderland 0-1 Arsenal
Coventry city 0-2 Brighton
Man United 1-3 man city
Leeds United 0-3 Newcastle"
UgwTrGPm_W0UAWT5OKp4AaABAg,iRVVXaU6zGY,@Maidrhap,http://www.youtube.com/@Maidrhap,2026-09-10T22:55:21Z,2026-09-10T22:55:21Z,False,0,"Aston Villa 1 Nottingham Forest 2
Bournemouth 1 Brentford 3
Chelsea 3 Hull 1
Crystal Palace 1 Ipswich 1
Liverpool 3 Fulham 2
Tottenham 2 Everton 2
Sunderland 0 Arsenal 2
Man Utd 1 Man City 3
Coventry 1 Brighton 3
Leeds 2 Newcastle 3"
UgyryDWVc5JVFcjmQA14AaABAg,iRVVXaU6zGY,@butterlord3317,http://www.youtube.com/@butterlord3317,2026-09-10T22:52:24Z,2026-09-10T22:52:24Z,False,0,"My predictions:
Aston Villa 2 - 1 Forrest
Bournemouth 3 - 3 Brentford 
Chelsea 3 - 0 Hull
Crystal Palace 0 - 1 Ipswich 
Liverpool 4 - 0 Fulham 
Tottenham 1 - 2 Everton 
Sunderland 0 - 2 Arsenal 
Coventry 1 - 2 Brighton
Man Utd 3 - 2 Man City 
Leeds 1 - 1 Newcastle"
UgyNbfIiQBjGGDB8MhF4AaABAg,iRVVXaU6zGY,@aposapocalypse7117,http://www.youtube.com/@aposapocalypse7117,2026-09-10T22:51:23Z,2026-09-10T22:51:23Z,False,0,"Aston Villa V Forest 2:1
Bournemouth V Brentford 1:0
Chelsea V Hull 2:0
Crystal Palace V Ipswich 0:0
Liverpool V Fulham 3:1
Tottenham V Everton 1:1
Sunderland V Arsenal 0:3
Coventry V Brighton 1:1
Man Utd V Man City 2:0
Leeds V Newcastle 2:3"
UgwtqvqWi_2b9IKNdSh4AaABAg,iRVVXaU6zGY,@eamonlyons8069,http://www.youtube.com/@eamonlyons8069,2026-09-10T22:46:59Z,2026-09-10T22:46:59Z,False,0,"Aston Villa 4-2 Nottingham Forest 
Bournemouth 1-2 Brentford 
Chelsea 3-0 Hull
Crystal Palace 1-1 Ipswich Town 
Liverpool 6-0 Fulham 
Tottenham 0-2 Everton 
Sunderland 1-0 Arsenal 
Coventry 1-1 Brighton 
Man United 3-2 Man City
Leeds 3-3 Newcastle"
UgypeuOoEp-vm5P8_dJ4AaABAg,iRVVXaU6zGY,@apezza402,http://www.youtube.com/@apezza402,2026-09-10T22:44:01Z,2026-09-10T22:44:01Z,False,0,"Aston Villa 2 - 1 Nottingham Forrest
Bournemouth 1 - 1 Brentford 
Chelsea 4 - 1 Hull City
Crystal Palace 1 - 2 Ipswich
Liverpool 3 - 2 Fulham
Tottenham 1 - 1 Everton
Sunderland 0 - 2 Arsenal
Coventry 0 - 0 Brighton 
Manchester United 2 - 1 Manchester City
Leeds United 2 - 2 Newcastle United"
UgxFtxVe35PPpSfj9Jt4AaABAg,iRVVXaU6zGY,@RavynFFH,http://www.youtube.com/@RavynFFH,2026-09-10T22:42:15Z,2026-09-10T22:42:15Z,False,0,"liverpool 4-1 fullham
Villa 1-1 Forest
bournemouth 1-3 brentford
chelsea 3-2 hull
palace 3-1 ipswich
spurs 2-2 everton
sunderland 1-1 arsenal
leeds 2-2 newcastle
coventry 0-3 brighton
united 2-2 city"
UgwkF4Vx8X4-deQIH354AaABAg,iRVVXaU6zGY,@kevinmensah9950,http://www.youtube.com/@kevinmensah9950,2026-09-10T22:40:02Z,2026-09-10T22:40:02Z,False,1,"Gameweek 4 predictions
Aston Villa 2 Forest 2
Bournemouth 2 Brentford 1
Chelsea 3 Hull 1
Crystal Palace 1 Ipswich 1
Liverpool 3 Fulham 1
Spurs 2 Everton 1
Sunderland 0 Arsenal 2
Coventry 0 Brighton 2
Man United 1 Man City 1
Leeds 2 Newcastle 1"
UgzMgIS4ECHyZ3hJxEx4AaABAg,iRVVXaU6zGY,@rpe10538,http://www.youtube.com/@rpe10538,2026-09-10T22:39:41Z,2026-09-10T22:39:41Z,False,0,"Aston Villa 2 Forest 1
Bournemouth 2 Brentford 2
Chelsea 2 Hull 0
Palace 0 Ipswich 2
Liverpool 4 Fulham 0
Tottenham 0 Everton 1
Sunderland 0 Arsenal 2
Coventry 1 Brighton 1
Man United 2 Man City 2
Leeds 3 Newcastle 1"
Ugy63YnFLCmWdfpNTa94AaABAg,iRVVXaU6zGY,@finnjeffrey572,http://www.youtube.com/@finnjeffrey572,2026-09-10T22:33:42Z,2026-09-10T22:33:42Z,False,1,Nice and early Irish guy
Ugx2vTk_PGL5_VJMzJp4AaABAg,iRVVXaU6zGY,@sudarshannsatyanarayanan,http://www.youtube.com/@sudarshannsatyanarayanan,2026-09-10T22:32:20Z,2026-09-10T22:32:20Z,False,0,"aston villa vs forest 1-2
bournmouth vs brentford 1-1
chelsea vs hull 2-2
palace vs ipswitch 3-1
liverpool vs fulham 3-2
tottenham vs everton 1-2
sunderland vs arsenal 1-2
coventry vs brighton 0-0
man utd vs man city 1-2
leeds vs newcastle 3-2"
UgzcZwAydVjaxmv0sDR4AaABAg,iRVVXaU6zGY,@reverseflashplays8615,http://www.youtube.com/@reverseflashplays8615,2026-09-10T22:31:55Z,2026-09-10T22:31:55Z,False,0,"Aston Villa 0-2 Forest 
Bournemouth 2-1 Brentford 
Chelsea 0-1 Hull
Palace 2-0 Ipswich 
Tottenham 0-1 Everton 
Sunderland 0-1 Arsenal 
Coventry 1-2 Brighton 
Man United 0-2 Man City 
Leeds 2-3 Newcastle"
UgyvkyV97ekAWqNGMzN4AaABAg,iRVVXaU6zGY,@williamleadbeater8110,http://www.youtube.com/@williamleadbeater8110,2026-09-10T22:21:51Z,2026-09-10T22:21:51Z,False,0,"Bournemouth 2 - 1 Brentford
Aston Villa 2 - 0 Nottingham Forest
Chelsea 0 - 0 Hull
Crystal Palace 2 - 2 Ipswich
Liverpool 3 - 1 Fulham
Tottenham 2 - 1 Everton 
Sunderland 0 - 1 Arsenal 
Coventry 1 - 2 Brighton
Manchester United 2 - 3 Manchester City
Leeds 2 - 2 Newcastle"
UgyBldDjdcIzCokGhEt4AaABAg,iRVVXaU6zGY,@Drewaldrich1996,http://www.youtube.com/@Drewaldrich1996,2026-09-10T22:21:45Z,2026-09-10T22:21:45Z,False,0,"Bournemouth 2 - Brentford 2
Villa 1 - Forest 0
Chelsea 3 - Hull 1
Palace 1 - Ipswich 1
Liverpool 4 - Fulham 2
Spurs 2 - Everton 1
Sunderland 1 - Arsenal 2
Coventry 1 - Brighton 4
Man United 0 - Man City 1
Leeds 3 - Newcastle 2"
UgxyaCM4E5RevC2RNt54AaABAg,iRVVXaU6zGY,@aakarshnarula6811,http://www.youtube.com/@aakarshnarula6811,2026-09-10T22:17:40Z,2026-09-10T22:17:40Z,False,0,"Aston Villa 1 - 1 Forrest
Bournemouth 2 - 1Brentford
Chelsea 2- 1 Hull
Crystal Palace 2- 2 Ipswich
Liverpool 4- 2 Fulham
Tottenham 1- 2Everton 
Sunderland 0 - 2Arsenal
Coventry 0 - 3Brighton 
Man utd 2 - 3 Man City
 Leeds 0- 1 Newcastle"
UgzuIYzUp3tlXRlV1fB4AaABAg,iRVVXaU6zGY,@Fantasybig,http://www.youtube.com/@Fantasybig,2026-09-10T22:15:34Z,2026-09-10T22:15:34Z,False,0,"Aston villa 2 - 2 Forrest 
Bournemouth 1 - 0 Brentford 
Chelsea 5 - 2 Hull
Crystal palace 0 - 0 Ipswich 
Liverpool 3 - 0 Fulham 
Tottenham 1 - 0 Everton 
Sunderland 2 - 0 arsenal 
Coventry 0 - 2 Brighton 
Man united 1 - 2 man city 
Leeds 1 - 2 newscastle 🎉"
UgyU4KbVlwhELz90MyB4AaABAg,iRVVXaU6zGY,@_chabrlja,http://www.youtube.com/@_chabrlja,2026-09-10T22:11:54Z,2026-09-10T22:11:54Z,False,0,"avl 2 nfo 0
bou 2 bre 2
che 2 hul 0
cry 2 ips 1
liv 3 ful 0
tot 2 eve 0
sun 1 ars 3
cov 0 bha 3
mun 1 mci 1
lee 0 new 1"
Ugxyq_eLhlQI9ssXUs54AaABAg,iRVVXaU6zGY,@charlesthuo2615,http://www.youtube.com/@charlesthuo2615,2026-09-10T22:11:30Z,2026-09-10T22:11:30Z,False,0,"Aston Villa 2 - 1 N.Forrest
Bournemouth 1 - 2 Brentford
Chelsea 5 - 0 Hull
Crystal Palace 2 - 0 Ipswich
Liverpool 2 - 2 Fulham
Spurs 0 - 1 Everton
Sunderland 2 - 1 Arsenal
Coventry 2 - 0 Brighton
Man United 2 - 1 Man City
Leeds 1 - 2 Newcastle"
Ugy02AbP4dWDSg6NI5x4AaABAg,iRVVXaU6zGY,@reece999999999,http://www.youtube.com/@reece999999999,2026-09-10T22:10:03Z,2026-09-10T22:10:03Z,False,0,"Aston Villa 2 Forrest 2
Bournemouth 0 Brentford 3
Chelsea 4 Hull 1
Crystal Palace 1 Ipswich 1
Liverpool 3 Fulham 0
Tottenham 1 Everton 1
Sunderland 0 Arsenal 2
Coventry 0 Brighton 1
Man Utd 2 Man City 3
Leeds 1 Newcastle 1"
UgwbkQB1I0LvqFbqvnF4AaABAg,iRVVXaU6zGY,@jordane007-z5m,http://www.youtube.com/@jordane007-z5m,2026-09-10T22:09:04Z,2026-09-10T22:09:04Z,False,0,"Liverpool vs Fulham (2-0)
 Chelsea vs Hull City: Chelsea Win (3-0)
 Aston Villa vs Nottingham Forest: Aston Villa Win (2-1)
 Crystal Palace vs Ipswich Town: Crystal Palace Win (1-0)
AFC Bournemouth vs Brentford: Draw (1-1)
Tottenham Hotspur vs Everton:  Everton Win (1-2)
Sunderland vs Arsenal: Arsenal Win (0-2)
Coventry City vs Brighton & Hove Albion: Brighton Win (1-2)
Manchester United vs Manchester City: Manchester United Win (2-1)
Leeds United vs Newcastle United: Newcastle Win (1-2)"
UgxJ5t9enRD73kqqFT94AaABAg,iRVVXaU6zGY,@codie4925,http://www.youtube.com/@codie4925,2026-09-10T22:07:43Z,2026-09-10T22:07:43Z,False,0,"Aston Villa 1-2 Nottingham Forest
Bournemouth 1-2 Brentford 
Chelsea 5-2 Hull
Crystal Palace 1-1 Ipswich
Liverpool 2-0 Fulham
Tottenham 2-1 Everton 
Sunderland 0-3 Arsenal 
Coventry 1-4 Brighton 
Man United 1-1 Man City
Leeds 1-0 Newcastle"
Ugxl68GLMkxPfSf5HMV4AaABAg,iRVVXaU6zGY,@EugenesBackpack,http://www.youtube.com/@EugenesBackpack,2026-09-10T22:06:20Z,2026-09-10T22:06:20Z,False,0,"If you get 1 correct score, you are not allowed to cancel the Newcastle shirt in Sunderland forfeit"
UgwP9OpomCJPPQrt8bR4AaABAg,iRVVXaU6zGY,@EggCouncilCreeper,http://www.youtube.com/@EggCouncilCreeper,2026-09-10T22:04:25Z,2026-09-10T22:04:25Z,False,0,"Aston Villa 1 - 0 Forrest
Bournemouth 2 - 1 Brentford
Chelsea 3 - 1 Hull
Palace 0 - 0 Ipswich
Liverpool 4 - 0 Fullham
Tottenham 0 - 0 Everton
Sunderland 1 - 3 Arsenal 
Coventry 1 - 1 Brighton
Man United 2 - 1 Man City 
Newcastle 1 - 0 Leeds"
Ugzi_K7qSkeaQDxx-JF4AaABAg,iRVVXaU6zGY,@SnappedFootball,http://www.youtube.com/@SnappedFootball,2026-09-10T22:02:20Z,2026-09-10T22:02:20Z,False,0,"Aston Villa 3 - 2 Forrest
Bournemouth 0 - 0 Brentford
Chelsea 3 - 1 Hull
Crystal Palace 2 - 1 Ipswich
Liverpool 2 - 2 Fulham
Tottenham 2 - 1 Everton 
Sunderland 1 - 2 Arsenal
Coventry 1 - 2 Brighton
Man utd 1 - 2 Man City
Leeds 2 - 1 Newcastle"
UgyfgP0l4p-bA8SSkop4AaABAg,iRVVXaU6zGY,@valentinkolev1,http://www.youtube.com/@valentinkolev1,2026-09-10T22:00:38Z,2026-09-10T22:00:38Z,False,0,"Aston Villa v Forest 2-1
Bournemouth v Brentford 2-2
Chelsea v Hull 6-2
 Palace v Ipswich 1-0
 Liverpool v Fulham 3-1
 Tottenham v Everton 1-2
 Sunderland v Arsenal 1-0
 Coventry v Brighton 0-0
 Man United v Man City 1-3
 Leeds v Newcastle 2-3"
UgwI4ryzHos6IKJrXah4AaABAg,iRVVXaU6zGY,@Europe775,http://www.youtube.com/@Europe775,2026-09-10T22:00:13Z,2026-09-10T22:00:13Z,False,0,"Bournemouth vs Brentford 3-2 
Aston Villa vs Nottingham Forest 1-1 
Chelsea vs Hull 0-1 
Crystal Palace vs Ipswich Town 3-1 
Liverpool vs Fulham 2-1 
Spurs vs Everton 4-3 
Sunderland vs Arsenal 1-3 
Coventry vs Brighton 1-4 
Manchester United vs Manchester City 3-4 
Leeds vs Newcastle 2-1"
UgwdyuS5aSuhhpySClV4AaABAg,iRVVXaU6zGY,@adoeseverything9834,http://www.youtube.com/@adoeseverything9834,2026-09-10T21:59:03Z,2026-09-10T21:59:03Z,False,0,"Aston Villa 1 - 2 Forrest
Bournemouth 2 - 1 Brentford
Chelsea 2- 3 Hull
Crystal Palace 2 - 0 Ipswich
Liverpool 1- 1 Fulham
Tottenham 0 - 2 Everton 
Sunderland 1 - 1 Arsenal
Coventry 0 - 2 Brighton
Man Utd 0- 2 Man City
Leeds 0 - 2 Newcastle"
UgxNQamWECAdu94ClJB4AaABAg,iRVVXaU6zGY,@_chabrlja,http://www.youtube.com/@_chabrlja,2026-09-10T21:56:32Z,2026-09-10T21:56:32Z,False,0,first time when its okay for prediction to be in any hour of fridy bro make video a day before...
UgyxNqvyqRKjxTpQb6t4AaABAg,iRVVXaU6zGY,@theinformer499,http://www.youtube.com/@theinformer499,2026-09-10T21:54:36Z,2026-09-10T21:54:36Z,False,0,"Aston Villa 1 - 1 Forrest
Bournemouth 2 - 2 Brentford
Chelsea 2 - 2 Hull
Crystal Palace 1 - 2 Ipswich
Liverpool 2- 0 Fulham
Tottenham 1 - 1 Everton 
Sunderland 0 - 2 Arsenal
Coventry 0 - 3 Brighton
Man utd 1 - 1 Man City
Leeds 2 - 2 Newcastle"
UgyylZlWfm6-RLVln594AaABAg,iRVVXaU6zGY,@ammar56604,http://www.youtube.com/@ammar56604,2026-09-10T21:52:17Z,2026-09-10T21:52:17Z,False,0,"Aston Villa 1-1 Nottingham Forest
Bournemouth 1-2 Brentford
Chelsea 4-0 Hull
Crystal Palace 2-0 Ipswich
Liverpool 2-1 Fulham
Tottenham 0-2 Everton
Sunderland 0-1 Arsenal
Coventry 1-4 Brighton
Man United 2-2 Man City
Leeds 1-3 Newcastle"
Ugz_j_qMRxWFutkzfjl4AaABAg,iRVVXaU6zGY,@JoeSmith-ef2zh,http://www.youtube.com/@JoeSmith-ef2zh,2026-09-10T21:50:41Z,2026-09-10T21:50:41Z,False,0,"Aston Villa 2 - 1 Nottingham Forrest
Bournemouth 2 - 4 Brentford
Hull 0 - 4 Chelsea
Palace 3 - 1 Ipswich
Liverpool 5 - 1 Fulham
Tottenham 2 - 3 Everton 
Sunderland 0 - 3 Arsenal
Coventry 1 - 0 Brighton
Manchester United 3 - 3 Manchester City
Leeds 3 - 0 Newcastle 

(Bias Leeds fan…)"
UgwCbvPPS48kWeoAPM14AaABAg,iRVVXaU6zGY,@whatdahecko9328,http://www.youtube.com/@whatdahecko9328,2026-09-10T21:49:43Z,2026-09-10T21:49:51Z,True,0,"Aston Villa vs Nottingham Forest: 1-1
Bournemouth vs Brentford: 2-3 
Chelsea vs Hull: 0-4
Crystal palace vs Ipswich Town: 0-0
Liverpool vs Fulham: 3-1
Tottenham vs Everton: 0-2 
Sunderland vs Arsenal: 0-3 
Man United vs Man city: 2-2
Coventry vs Brighton: 1-2 
Leeds vs Newcastle: 3-3"
Ugx1haIDA6hs_cEbaLx4AaABAg,iRVVXaU6zGY,@A.Sharif.02,http://www.youtube.com/@A.Sharif.02,2026-09-10T21:46:27Z,2026-09-10T21:46:27Z,False,0,"Aston Villa 1-0 Nottingham Forest
Bournemouth 1-1 Brentford
Chelsea 4-0 Hull
Crystal Palace 1-1 Ipswich
Liverpool 4-1 Fulham
Tottenham 2-1 Everton
Sunderland 0-1 Arsenal
Coventry 1-1 Brighton
Man United 2-2 Man City
Leeds 2-2 Newcastle"
Ugwd_nEjBiwgw9bRget4AaABAg,iRVVXaU6zGY,@DaleongL,http://www.youtube.com/@DaleongL,2026-09-10T21:41:35Z,2026-09-10T21:41:35Z,False,0,"Aston Villa 1 - 1 Forest
Bournemouth 2 - 2 Brentford
Chelsea 4 - 0 Hull City
Palace 3 - 1 Ipswich
Liverpool 4 - 1 Fulham
Tottenham 1 - 1 Everton
Sunderland 0 - 1 Arsenal
Coventry 0 - 2 Brighton
Man United 1 - 2 Man City
Leeds 2 - 2 Newcastle"
UgwoALz1XXrEM7asCwF4AaABAg,iRVVXaU6zGY,@jcawa-23,http://www.youtube.com/@jcawa-23,2026-09-10T21:38:05Z,2026-09-10T21:38:05Z,False,0,"Aston Villa 2-1 Forrest
Bournemouth 1-1 Brentford
Chelsea 4-2 Hull 
Crystal Palace 1-1 Ipswich
Liverpool 3-1 Fulham
Tottenham 0-1 Everton
Sunderland 0-3 Arsenal
Coventry 0-1 Brighton
Man Utd 1-2 Man City
Leeds 1-1 Newcastle"
UgzAPELCxwRrCNncOWZ4AaABAg,iRVVXaU6zGY,@HiMyNameIsPip,http://www.youtube.com/@HiMyNameIsPip,2026-09-10T21:38:04Z,2026-09-10T21:38:04Z,False,0,"Aston Villa 1 - 0 Forrest
Bournemouth 2 - 2 Brentford
Chelsea 3 - 2 Hull
Crystal Palace 1 - 2 Ipswich
Liverpool 3 - 1 Fulham (Isak Hat Trick) 
Tottenham 0 - 1 Everton 
Sunderland 0 - 2 Arsenal
Coventry 0 - 2 Brighton
Man utd 2 - 2 Man City
Leeds 2 - 0 Newcastle"
UgzIzk-PnoCR60AYlU54AaABAg,iRVVXaU6zGY,@neilmandimika6142,http://www.youtube.com/@neilmandimika6142,2026-09-10T21:34:05Z,2026-09-10T21:34:05Z,False,1,"Bournemouth 1-1 Brentford
villa 2-1 forrest
chelsea 3-1 Hull
palace 2-1 ipswich
Liverpool 2-2 Fulham
Spurs 1-2 Everton
Sunderland 1-1 Arsenal
Coventry 0-2 Brrighton
United 2-0 City
Leeds 2-1 Newcastle"
UgxH2DtLqSDn6MilIMJ4AaABAg,iRVVXaU6zGY,@furkankilicaslan03,http://www.youtube.com/@furkankilicaslan03,2026-09-10T21:26:37Z,2026-09-10T21:26:37Z,False,0,"Aston Villa 2-1 Forrest
Bournemouth 3-2 Brentford
Chelsea 4-0 Hull
Crystal Palace 3-1 Ipswich
Liverpool 2-0 Fulham
Tottenham 0-0 Everton
Sunderland 1-0 Arsenal
Coventry 0-4 Brighton
Man Utd 1-0 Man City
Leeds 0-2 Newcastle"
Ugxx_-DtVl1Ty5z0XWh4AaABAg,iRVVXaU6zGY,@Bbbraelyn,http://www.youtube.com/@Bbbraelyn,2026-09-10T21:25:15Z,2026-09-10T21:25:15Z,False,0,"Aston villa 0 forest 2
Bournemouth 1 Brentford 3
Chelsea 0 hull 3
Palace 2 Ipswich 2
Liverpool 3 Fulham 1
Spurs 1 Everton 1
Sunderland 1 arsenal 1
Coventry 0 Brighton 2
Man city 1 Man U 2
Leeds 0 Newcastle 0"
UgygV-WXRGonHrvU2JV4AaABAg,iRVVXaU6zGY,@Pronce_5237,http://www.youtube.com/@Pronce_5237,2026-09-10T21:22:59Z,2026-09-10T21:22:59Z,False,0,"Aston Villa vs Nottingham Forest: 1-1
Bournemouth vs Brentford: 2-3 
Chelsea vs Hull: 4-0
Crystal palace vs Ipswich Town: 0-0
Liverpool vs Fulham: 3-1
Tottenham vs Everton: 0-2 
Sunderland vs Arsenal: 0-3 
Man United vs Man city: 2-2
Coventry vs Brighton: 1-2 
Leeds vs Newcastle: 3-3"
UgytsDlbxH1Trr9HR4F4AaABAg,iRVVXaU6zGY,@godofthegreatkurultaj4302,http://www.youtube.com/@godofthegreatkurultaj4302,2026-09-10T21:22:14Z,2026-09-10T21:22:14Z,False,0,"Aston Villa 1 Forest 1
Bournemouth 1 Brentford 2
Chelsea 3 Hull 1
Palace 0 Ipswich 0
Liverpool 2 Fulham 0
Tottenham 1 Everton 2
Sunderland 0 Arsenal 2
Coventry 0 Brighton 2
Man United 2 Man City 2
Leeds 2 Newcastle 2"
UgxAIX5aB8h0llBvt8N4AaABAg,iRVVXaU6zGY,@IvoTheGhouI,http://www.youtube.com/@IvoTheGhouI,2026-09-10T21:22:12Z,2026-09-10T21:22:12Z,False,0,"Aston Villa 0-1 Nottingham Forest
Bournemouth 2-2 Brentford
Chelsea 4-1 Hull City
Crystal Palace 1-1 Ipswich 
Liverpool 2-0 Fulham
Tottenham 1-0 Everton
Sunderland 0-2 Arsenal 
Coventry 2-1 Brighton
Manchester United 1-3 Manchester City
Leeds 2-3 Newcastle 


I’m going to win easily Susan, I’m not staying in 10th!"
UgyrlqHjIVtSiFeOrmh4AaABAg,iRVVXaU6zGY,@olekklein27,http://www.youtube.com/@olekklein27,2026-09-10T21:19:37Z,2026-09-10T21:19:37Z,False,0,"Aston Villa 1 Nottingham Forest 1
Bournemouth 1 Brentford 2
Chelsea 2 Hull 0
Crystal Palace 1 Ipswich 1
Liverpool 3 Fulham 2
Tottenham 0 Everton 1
Sunderland 0 Arsenal 0
Coventry 2 Brighton 2
Manchester United 0 Manchester City 2
Leeds 3 Newcastle 3"
Ugzuic3fO914A_QzMrZ4AaABAg,iRVVXaU6zGY,@Heelbaas,http://www.youtube.com/@Heelbaas,2026-09-10T21:15:29Z,2026-09-10T21:15:29Z,False,0,"Aston Villa 2-- 1 Forrest
Bournemouth 2 - 2 Brentford
Chelsea 5 - 2 Hull
Crystal Palace 1 - 0Ipswich
Liverpool 4 - 1 Fulham
Tottenham 1 - 0 Everton
Sunderland 1 - 3 Arsenal
Coventry 2 - 2 Brighton 
Man utd 1 - 3 Man City 
Leeds 0 - 1 Newcastle"
UgzE6W7EJyFlKt0KN714AaABAg,iRVVXaU6zGY,@ManchesterUnited20fc,http://www.youtube.com/@ManchesterUnited20fc,2026-09-10T21:13:37Z,2026-09-10T21:13:37Z,False,0,"Aston Villa 2-1 Forest
04:20​ Bournemouth 1-1Brentford
06:12​ Chelsea 4-1 Hull
07:39​ Palace 3-1 Ipswich
09:24​ Liverpool 3-1 Fulham
12:13​ Tottenham 1-2 Everton
13:28​ Sunderland 1-3 Arsenal
15:33​ Coventry 1-4 Brighton
16:40​ Man United 3-2 Man City
17:49​ Leeds 2-2 Newcastle"
Ugw7cGt18IVuKXIjZid4AaABAg,iRVVXaU6zGY,@jonathanbnice6816,http://www.youtube.com/@jonathanbnice6816,2026-09-10T21:10:18Z,2026-09-10T21:10:18Z,False,1,"Aston Villa 1 - 1 Nottingham Forest
Bournemouth  1 - 0 Brentford
Chelsea 3 - 0 Hull City
Crystal Palace 1 - 0 Ipswich Town
Liverpool 2 - 1 Fulham
Tottenham 1 - 1 Everton
Sunderland 0 - 2 Arsenal
Coventry 0 - 2 Brighton Hove & Albion
Manchester United 2 - 2 Manchester City 
Leeds United 0 - 1 Newcastle United"
UgyANsY56H4g-TUcSYV4AaABAg,iRVVXaU6zGY,@TacticalTempo,http://www.youtube.com/@TacticalTempo,2026-09-10T21:08:55Z,2026-09-10T21:08:55Z,False,0,"Aston Villa 1 - 2 Forrest
Bournemouth 2 - 1 Brentford
Chelsea 4 - 2 Hull
Crystal Palace 1 - 1 Ipswich
Liverpool 3- 1 Fulham
Tottenham 1 - 1 Everton 
Sunderland 1 - 2 Arsenal
Coventry 1 - 3 Brighton
Man utd 1 - 3 Man City
Leeds 1 - 2 Newcastle"
UgyqYdp5ayo_s9SS7tt4AaABAg,iRVVXaU6zGY,@christianosmusicreviews7919,http://www.youtube.com/@christianosmusicreviews7919,2026-09-10T21:07:07Z,2026-09-10T21:07:07Z,False,0,"Aston Villa vs Nottingham Forest 1-1.  
Bournemouth vs Brentford 2-1.  
Chelsea vs Hull 2-1.  
Crystal Palace vs Ipswich Town 4-1.  
Liverpool vs Fulham 3-1.  
Spurs vs Everton 2-1.  
Sunderland vs Arsenal 0-3.  
Coventry vs Brighton 1-3.  
Man United vs Man City 2-3.  
Leeds vs Newcastle 2-3."
UgxVomCCMOoTPvaF5Ft4AaABAg,iRVVXaU6zGY,@dwumasarpong5996,http://www.youtube.com/@dwumasarpong5996,2026-09-10T21:06:48Z,2026-09-10T21:06:48Z,False,0,"Aston Villa 1 Forest 2
Bournemouth 2 Brentford 1
Chelsea 3 Hull City 1
Crystal Palace 2 Ipswich 1
Liverpool 3 Fulham 1
Spurs 1 Everton 1
Sunderland 0 Arsenal 2
Coventry 1 Brighton 1
Man Utd 3 Man City 2
Leeds 1 Newcastle 0"
UgwmT0jGuzDx45MQWpF4AaABAg,iRVVXaU6zGY,@captainvanisher988,http://www.youtube.com/@captainvanisher988,2026-09-10T21:06:33Z,2026-09-10T21:06:33Z,False,0,"Aston Villa 1 - 2 Forrest
Bournemouth 0 - 2 Brentford
Chelsea 0 - 1 Hull
Crystal Palace 0 - 2 Ipswich
Liverpool 3 - 1 Fulham
Tottenham 1 - 0 Everton 
Sunderland 0 - 2 Arsenal
Coventry 1 - 3 Brighton
Man United 1 - 2 Man City
Leeds 1 - 0 Newcastle"
UgxNuxpLUtj7KojqNsV4AaABAg,iRVVXaU6zGY,@SportsCardsCenter,http://www.youtube.com/@SportsCardsCenter,2026-09-10T21:06:28Z,2026-09-10T21:06:28Z,False,0,"Aston Villa 1 - 0 Nottingham Forrest
Bournemouth 1 - 1 Brentford
Chelsea 3 - 0 Hull City
Crystal Palace 1 - 0 Ipswich Town
Liverpool 3 - 0 Fulham
Tottenham 0 - 1 Everton
Sunderland 0 - 2 Arsenal
Coventry 0 - 2 Brighton
Man Utd 2 - 1 Man City
Leeds Utd 2 - 0 Newcastle"
UgzDsDAgpmpf_JC3lnF4AaABAg,iRVVXaU6zGY,@theofoster5008,http://www.youtube.com/@theofoster5008,2026-09-10T21:06:13Z,2026-09-10T21:06:13Z,False,0,"Aston Villa 2-0 Forest
Bournemouth 1-1 Brentford
Chelsea 3-0 Hull
Crystal Palace 0-1 Ipswich
Liverpool 3-1 Fulham
Tottenham 1-2 Everton
Sunderland 1-2 Arsenal
Coventry 1-3 Brighton
Man United 1-1 Man City
Leeds 2-2 Newcastle"
UgzQdlZ5RkBrDgJz1BR4AaABAg,iRVVXaU6zGY,@Lilleh__,http://www.youtube.com/@Lilleh__,2026-09-10T21:05:20Z,2026-09-10T21:05:20Z,False,0,"Bournemouth 1 Brentford 2
Aston Villa 2 Forest 2
Chelsea 4 Hull 1
Crystal Palace 1 Ipswich 1
Liverpool 3 Fulham 0
Tottenham 1 Everton 0
Sunderland 1 Arsenal 2
Coventry 0 Brighton 2
Man United 2 Man City 1
Leeds 0 Newcastle 2"
Ugz4lOMJmZgqylZCc7J4AaABAg,iRVVXaU6zGY,@Omega45,http://www.youtube.com/@Omega45,2026-09-10T21:02:22Z,2026-09-10T21:02:22Z,False,0,"Aston Villa 2 v 2 forest
Bournemouth 1 v 2 Brentford 
Chelsea 3 v 0 hull
Palace 2 v 0 Ipswich 
Liverpool 4 v 1 Fulham
Tottenham 0 v 1 Everton
Sunderland 1 v 1 arsenal 
Coventry 1 v 4 Brighton 
Man united 3 v 2 Man City 
Leeds 2 v 2 Newcastle"
Ugx-T_KRuz8YQhONWWl4AaABAg,iRVVXaU6zGY,@anthonyvaladez2941,http://www.youtube.com/@anthonyvaladez2941,2026-09-10T21:00:43Z,2026-09-10T21:00:43Z,False,0,"Aston Villa 0 - 2 Forrest
Bournemouth 2 - 2 Brentford
Chelsea 1 - 1 Hull
Crystal Palace 3 - 2 Ipswich
Liverpool 4 - 0 Fulham
Tottenham 0 - 1 Everton 
Sunderland 0 - 3 Arsenal
Coventry 2 - 2 Brighton 
Man utd 2 - 2 Man City 
Leeds 1 - 2 Newcastle"
UgwMmfd6FRPJDP8RK1F4AaABAg,iRVVXaU6zGY,@leozon100,http://www.youtube.com/@leozon100,2026-09-10T21:00:29Z,2026-09-10T21:00:29Z,False,0,"Aston Villa 1 - 1 Forrest
Bournemouth 1 - 2 Brentford
Chelsea 2- 1 Hull
Crystal Palace 2 - 0 Ipswich
Liverpool 4- 1 Fulham
Tottenham 2 - 2 Everton 
Sunderland 0 - 3 Arsenal
Coventry 1 - 3 Brighton
Man utd 2 - 1 Man City
Leeds 1 - 1 Newcastle"
UgzL6CXve_tRRlnVwz94AaABAg,iRVVXaU6zGY,@pedroconceicao6700,http://www.youtube.com/@pedroconceicao6700,2026-09-10T20:56:50Z,2026-09-10T20:56:50Z,False,0,"Aston Villa 1 - 0 Forest
Bournemouth 2 - 2 Brentford
Chelsea 1 - 0 Hull
Palace 1 - 1 Ipswich
Liverpool 3 - 1 Fulham
Tottenham 1 - 1 Everton
Sunderland 0 - 2 Arsenal
Coventry 1 -2 Brighton
Man United 3 - 2 Man City
Leeds 2 - 1 Newcastle"
UgzpGv0AParLvnow4294AaABAg,iRVVXaU6zGY,@jjbingham123,http://www.youtube.com/@jjbingham123,2026-09-10T20:54:50Z,2026-09-10T20:54:50Z,False,0,"Brentford 2 Bournemouth 2
Aston Villa 1 Forrest 2 
Chelsea 4 hull 1 
Crystal palace 1 Ipswich 1 
Liverpool 3 Fulham 0
Spurs 2 Everton 1 
Sunderland 0 Arsenal 2 
Coventry 0 Brighton 3 
Man United 2 man city 1 
Leeds 2 Newcastle 2"
UgyhKJAT13CsuGYiUl54AaABAg,iRVVXaU6zGY,@william1181_,http://www.youtube.com/@william1181_,2026-09-10T20:52:07Z,2026-09-10T20:52:07Z,False,0,"Aston Villa 1-1 Nottingham forest
Bouremouth 2-1 Brentford
Chelsea 4-1 Hull
Crystal palace 1-0 Ipswich
Liverpool 2-0 Fulham
Tottenham 2-3 Everton
Sunderland 0-3 Arsenal
Coventry 1-2 Brighton
Man U 0-2 Man City
Leeds 1-2 Newcastle"
Ugyy04wGqCDK6bv7DId4AaABAg,iRVVXaU6zGY,@TheKalaxis,http://www.youtube.com/@TheKalaxis,2026-09-10T20:51:36Z,2026-09-10T20:51:36Z,False,0,"3.57 Scoring 4 and not being on the winning team is extremely rough, but I think the unluckiest player in this regard has to be Wilf Minter. He once scored 7 for St. Albans City in one match against Dulwich Hamlet and still lost as the game ended 8-7."
UgwcNQ0SfNL0CgASlgx4AaABAg,iRVVXaU6zGY,@franktheflamingo5466,http://www.youtube.com/@franktheflamingo5466,2026-09-10T20:51:08Z,2026-09-10T20:51:08Z,False,0,"Aston Villa 2 - 2 Forrest
Bournemouth 4 - 2 Brentford
Chelsea 1 - 1 Hull
Crystal Palace 1 - 0 Ipswich
Liverpool 3 - 2 Fulham
Tottenham 1 - 2 Everton 
Sunderland 1 - 2 Arsenal
Coventry 1 - 2 Brighton
Man utd 2 - 2 Man City
Leeds 3 - 1 Newcastle"
UgzSSw81AUG-0tbrUFd4AaABAg,iRVVXaU6zGY,@grgech,http://www.youtube.com/@grgech,2026-09-10T20:51:05Z,2026-09-10T20:51:05Z,False,0,"Aston Villa 2 - 1 Nottingham Forest

Bournemouth 2 - 2 Brentford

Chelsea 3 - 1 Hull City

Crystal Palace 2 - 1 Ipswich Town

Liverpool 2 - 1 Fulham

Tottenham 2 - 0 Everton

Sunderland 0 - 0 Arsenal

Coventry 0 - 1 Brighton Hove & Albion

Manchester United 0 - 2 Manchester City

Leeds United 1 - 0 Newcastle United"
UgxGL001YY5pghmTOJ14AaABAg,iRVVXaU6zGY,@aayankapoor1425,http://www.youtube.com/@aayankapoor1425,2026-09-10T20:50:27Z,2026-09-10T20:50:27Z,False,0,"My Predictions:
Villa    2 - 1      Forest
Bournemouth  0- 2  Brentford
Chelsea     0-0      Hull
Palace   2-2     Ipswich
Liverpool 3-0  Fulham
Tottenham 1-1 Everton
Sunderland   0-1 Arsenal
Coventry 0-3  Brighton
Man United 1-2 Man City
Leeds   0-1  Newcastle"
Ugy-pnxmcJTlfmVMA0t4AaABAg,iRVVXaU6zGY,@QuietFox82,http://www.youtube.com/@QuietFox82,2026-09-10T20:49:16Z,2026-09-10T20:49:16Z,False,0,"Aston Villa 2 - 0 Nottingham forest 
Bouremouth 3 - 2 Brentford 
Chelsea 1 - 1 Hull 
Crystal palace 3 - 0 Ipswich
Liverpool 2 - 0 Fulham 
Tottenham 2 - 2 Everton 
Sunderland 0 - 1 Arsenal 
Coventry 0 - 5 Brighton 
Man U 2 - 1 Man City 
Leeds 1 - 0 Newcastle"
UgyDV2xgTOnOkcOqloh4AaABAg,iRVVXaU6zGY,@vandy5113,http://www.youtube.com/@vandy5113,2026-09-10T20:48:33Z,2026-09-10T20:48:33Z,False,0,"Aston Villa 1 Nottm Forest 0
Bournmouth 2 Brentford 2
Chelsea 4 Hull 2
Palace 3 Ipswich Town 1
Liverpool 3 Fulham 1
Spurs 1 Everton 2
Sunderland 0 Arsenal 2
Coventry 1 Brighton 3
Man United 2 Man City 3
Leeds 1 Newcastle 2"
UgzrpKgHRX1eheyNSHR4AaABAg,iRVVXaU6zGY,@TheShaun8109,http://www.youtube.com/@TheShaun8109,2026-09-10T20:47:30Z,2026-09-10T20:47:30Z,False,0,"Aston Villa 2 - 1 Forrest
Bournemouth 2 - 2 Brentford
Chelsea 5 - 1 Hull
Crystal Palace 2 - 1 Ipswich
Liverpool 3 - 1 Fulham
Tottenham 1 - 2Everton 
Sunderland 1 - 3 Arsenal
Coventry 1 - 3 Brighton
Man utd 2 - 2 Man City
Leeds 2 - 1 Newcastle"
UgwkAO2aryWUiTqyyq94AaABAg,iRVVXaU6zGY,@Knight4869-l9y,http://www.youtube.com/@Knight4869-l9y,2026-09-10T20:45:19Z,2026-09-10T20:45:19Z,False,0,"Liverpool 3 Fulham 1
Crystal palace 1 Ipswich 1
Bournemouth 2 Brentford 2
Aston Villa 2 Nottingham Forest 1
Chelsea 1 Hull City 2
Tottenham 1 Everton 1
Sunderland 1 Arsenal 2
Coventry 0 Brighton 2
Man United 2 Man City 3
Leeds 2 Newcastle 1"
UgxS8OuZfem8XIP_b7J4AaABAg,iRVVXaU6zGY,@MrYeet-kv3wj,http://www.youtube.com/@MrYeet-kv3wj,2026-09-10T20:44:13Z,2026-09-10T20:44:13Z,False,1,"My predictions
Aston villa 3-1 Nottingham forest
Bournemouth 1-1 Brentford
Chelsea 1-0 hull city
Crystal palace 1-1 Ipswich town
Liverpool 2-1 Fulham
Tottenham 1-1 Everton
Sunderland 0-3 Arsenal
Coventry city 1-0 Brighton
Man United 2-3 man city
Leeds United 0-0 Newcastle"
Ugzk2Uf09o71cSgPTdt4AaABAg,iRVVXaU6zGY,@mancmarcos,http://www.youtube.com/@mancmarcos,2026-09-10T20:44:11Z,2026-09-10T20:44:11Z,False,0,"My Predictions for GW 4:

Aston Villa 2 - 1 Nottingham Forest
Bournemouth 1 - 1 Brentford
Chelsea 2 - 0 Hull City
Crystal Palace 3 - 1 Ipswich Town
Liverpool 5 - 1 Fulham 
Tottenham 1 - 2 Everton
Sunderland 0 - 3 Arsenal
Coventry 1 - 3 Brighton
Man United 1 -  3 Manchester City 
Leeds 2 - 3 Newcastle"
Ugxhb1WlS2bFcw_xXYF4AaABAg,iRVVXaU6zGY,@brian.n7998,http://www.youtube.com/@brian.n7998,2026-09-10T20:41:01Z,2026-09-10T20:41:01Z,False,0,Aston Villa2-1 Nottingham Forest. Bournemouth 1-1 Brentford. Chelsea 3-1 Hull City. Crystal Palace2-0 Ipswich Town. Liverpool2-1 Fulham. Tottenham0-1 Everton. Sunderland0-2 Arsenal. Coventry1-1 Brighton. Manchester United 1-2 Manchester City. Leeds1-1 Newcastle.
Ugwg0jV8_5UV0SyOMqd4AaABAg,iRVVXaU6zGY,@Mak_Vintage,http://www.youtube.com/@Mak_Vintage,2026-09-10T20:40:28Z,2026-09-10T20:40:28Z,False,0,"Aston Villa 2 Forest 1
Bournemouth 1 Brentford 1
Chelsea 3 Hull 0
Palace 2 Ipswich 0
Liverpool 3 Fulham 1
Tottenham 2 Everton 1
Sunderland 0 Arsenal 3
Coventry 0 Brighton 2
Man United 1 Man City 2
Leeds 1 Newcastle 2"
UgzdpRBtKaBbbsFTeAN4AaABAg,iRVVXaU6zGY,@cinderluna,http://www.youtube.com/@cinderluna,2026-09-10T20:35:58Z,2026-09-10T20:35:58Z,False,0,"omg finally im able to get stuff in
Liverpool 3 Fulham 0
Palace 0 Ipswich Town 0
Bournmouth 1 Brentford 2
Aston Villa 0 Nottm Forest 0
Chelsea 1 Hull 1
Spurs 0 Everton 2
Sunderland 0 Arsenal 2
Coventry 0 Brighton 2
Man United 2 Man City 2
Leeds 2 Newcastle 2"
UgwZrxbzdzrX2Qt5Ih14AaABAg,iRVVXaU6zGY,@hamzahilami1458,http://www.youtube.com/@hamzahilami1458,2026-09-10T20:35:55Z,2026-09-10T20:35:55Z,False,0,"AFC Bournemouth ""2 - 1"" Brentford

Aston Villa ""2 - 0"" Nottingham Forest

Chelsea ""3 - 0"" Hull City

Crystal Palace ""2 - 1"" Ipswich Town

Liverpool ""3 - 1"" Fulham

Tottenham Hotspur ""2 - 1"" Everton

Sunderland ""0 - 2"" Arsenal

Coventry City ""1 - 2"" Brighton & Hove Albion

Manchester United ""1 - 2"" Manchester City

Leeds United ""1 - 1"" Newcastle United"
Ugzal_9jhu2PGbykRqB4AaABAg,iRVVXaU6zGY,@GMDPika,http://www.youtube.com/@GMDPika,2026-09-10T20:35:55Z,2026-09-10T20:35:55Z,False,0,"Villa 2-1 Forest
Bournemouth 1-1 Brentford
Chelsea 2-0 Hull
Palace 1-1 Ipswich
Liverpool 3-2 Fulham
Tottenham 1-0 Everton
Sunderland 1-0 Arsenal
Cov 0-2 Brighton
United 2-1 City
Leeds 2-2 Newcastle"
UgxXJiLfXN0DqD4XZBR4AaABAg,iRVVXaU6zGY,@GragothGames,http://www.youtube.com/@GragothGames,2026-09-10T20:34:15Z,2026-09-10T20:34:15Z,False,0,"Aston Villa 1-0 Forest
Bournemouth 1-1 Brentford
Chelsea 2-1 Hull
Crystal Palace 1-0 Ipswich
Liverpool 2-0 Fulham
Tottenham 1-3 Everton
Sunderland 0-2 Arsenal
Coventry 0-4 Brighton
Man Utd 2-1 Man City
Leeds 1-0 Newcastle"
UgyG4ZJD_8Yv3ZdemS94AaABAg,iRVVXaU6zGY,@Buschmumie,http://www.youtube.com/@Buschmumie,2026-09-10T20:31:05Z,2026-09-10T20:31:05Z,False,0,"Aston Villa 2 - 0 Forrest
Bournemouth 2 - 2 Brentford
Chelsea 3 - 1 Hull
Crystal Palace 1 - 0 Ipswich
Liverpool 3- 1 Fulham
Tottenham 1 - 1 Everton
Sunderland 0 - 6 Arsenal
Coventry 2 - 1 Brighton
Man utd 1 - 3 Man City
Leeds 1 - 1 Newcastle"
UgzsHrhYMkUokeeKf2F4AaABAg,iRVVXaU6zGY,@conquer3539,http://www.youtube.com/@conquer3539,2026-09-10T20:29:51Z,2026-09-10T20:29:51Z,False,0,"Aston Villa 1 - 1 Forrest

Bournemouth 2 - 1 Brentford

Chelsea 2 - 2 Hull

Crystal Palace 1 - 2 Ipswich

Liverpool 4- 1 Fulham

Tottenham 0 - 2 Everton 

Sunderland 0 - 2 Arsenal

Coventry 1 - 2 Brighton

Man utd 1 - 2 Man City

Leeds 2 - 2 Newcastle"
UgydEW3vY2yreKy1g5t4AaABAg,iRVVXaU6zGY,@tantex1747,http://www.youtube.com/@tantex1747,2026-09-10T20:29:17Z,2026-09-10T20:29:17Z,False,0,"Predictions:
Villa 3 Forest 1
Bournemouth 1 Brentford 1
Chelsea 3 Hull 0
Palace 0 Ipswich 0
Liverpool 4 Fulham 2
Spurs 2 Everton 1
Sunderland 0 Arsenal 1
Man U 0 Man City 2
Coventry 1 Brighton 3
Leeds 2 Newcastle 1"
UgxETDP0Y04csUr67qx4AaABAg,iRVVXaU6zGY,@brian.n7998,http://www.youtube.com/@brian.n7998,2026-09-10T20:27:46Z,2026-09-10T20:27:46Z,False,0,How do I sign up for the predictions league someone pls help
UgyXzxB3f_L61_3KD_N4AaABAg,iRVVXaU6zGY,@danielmcallahan,http://www.youtube.com/@danielmcallahan,2026-09-10T20:25:17Z,2026-09-10T20:25:17Z,False,0,"Villa 1-2 Forest
Bournemouth 1-3 Brentford
Chelsea 4-2 Hull
Palace 1-0 Ipswich
Liverpool 3-0 Fulham
Spurs 1-1 Everton
Sunderland 0-2 Arsenal
Coventry 2-2 Brighton
Utd 2-1 City
Leeds 1-1 Newcastle"
UgwcmGdooLXeHwzCjqd4AaABAg,iRVVXaU6zGY,@Fl0w_7625,http://www.youtube.com/@Fl0w_7625,2026-09-10T20:24:32Z,2026-09-10T20:24:32Z,False,0,"Liverpool vs Fulham 3-1
Crystal Palace vs Ipswich 2-1
Bournemouth vs Brentford 1-1
Aston Villa vs Nottm Forest 0-0
Chelsea vs Hull 3-1
Spurs vs Everton 2-2
Sunderland vs Arsenal 0-1
Coventry vs Brighton 0-3
Man United vs Man City 3-3
Leeds vs Newcastle 1-2"
Ugwvn-jjGNERJLHwRZV4AaABAg,iRVVXaU6zGY,@CharlesColeman-k2f,http://www.youtube.com/@CharlesColeman-k2f,2026-09-10T20:23:37Z,2026-09-10T20:23:37Z,False,0,"Aston Villa v Nottingham Forest 2-1
Bournemouth vs Brentford 3-2
Chelsea vs Hull 3-1
Crystal Palace vs Ipswich 1-1
Liverpool vs Fulham 4-0
Tottenham vs Everton 1-1
Sunderland vs Arsenal 1-2
Coventry vs Brighton 0-2
Man United vs Man City 1-1
Leeds vs Newcastle 0-0"
Ugz0eRYETevUVlf72dR4AaABAg,iRVVXaU6zGY,@porfilopez5257,http://www.youtube.com/@porfilopez5257,2026-09-10T20:21:50Z,2026-09-10T20:21:50Z,False,0,"Aston Villa 2 - 2 Forest 
Bournemouth 1 - 2 Brentford
Chelsea 3 - 0 Hull City
Palace 1 - 0 Ipswich
Liverpool 3 - 2 Fulham
Tottenham 0 - 1 Everton
Sunderland 2 - 4 Arsenal
Coventry 1 - 3 Brighton
Manchester United 2 - 0 Manchester City
Leeds 3 - 3 Newcastle"
Ugw3NFs9YFpvPyM8dY14AaABAg,iRVVXaU6zGY,@Ruralsloth1,http://www.youtube.com/@Ruralsloth1,2026-09-10T20:21:39Z,2026-09-10T20:21:39Z,False,0,"Aston Villa 1 - 1 Nottingham Forest
Bournemouth 1 - 2 Brentford
Chelsea 3 - 0 Hull
Crystal Palace 2 - 0 Ipswich
Liverpool 3 - 1 Fulham
Tottenham 1 - 1 Everton
Sunderland 0 - 3 Arsenal
Coventry 0 - 2 Brighton
Manchester United 1 - 2 Manchester City
Leeds 1 - 1 Newcastle"
UgwRK3w6EvinXO97HYJ4AaABAg,iRVVXaU6zGY,@aakivaan2238,http://www.youtube.com/@aakivaan2238,2026-09-10T20:16:52Z,2026-09-10T20:16:52Z,False,0,"Aston Villa 2 - 1 Forrest
Bournemouth 2 - 1 Brentford
Chelsea 2- 2 Hull
Crystal Palace 1 - 0 Ipswich
Liverpool 4- 1 Fulham
Tottenham 0 - 1 Everton
Sunderland 1 - 3 Arsenal
Coventry 1 - 3 Brighton
Man utd 2 - 3 Man City
Leeds 2 - 3 Newcastle"
Ugwy0WyEZzfovcgmB0p4AaABAg,iRVVXaU6zGY,@dressrosaRMCF,http://www.youtube.com/@dressrosaRMCF,2026-09-10T20:15:59Z,2026-09-10T20:15:59Z,False,0,"Liverpool 2 Fulham 1
Palace 1 Ipswich 1
Bournemouth 3 Brentford 2
Aston Villa 2 Forest 1
Chelsea 3 Hull 1
Tottenham 1 Everton 1
Coventry 1 Brighton 2
Man United 1 Man City 1
Leeds 2 Newcastle 2"
UgxzHDIOFrMD8NfjJeV4AaABAg,iRVVXaU6zGY,@psykosis_the_amatuer_animator,http://www.youtube.com/@psykosis_the_amatuer_animator,2026-09-10T20:05:54Z,2026-09-10T20:05:54Z,False,0,"Aston villa 1 forest 0
Bournemouth 1 Brentford 1 
Chelsea 5 Hull 0
Palace 1 Ipswich 2
Liverpool 1 Fulham 2
Tottenham 0 Everton 3
Sunderland 1 Arsenal 1 
Coventry 0 Brighton 3
Man United 1 Man city 0
Leeds 2 Newcastle 2"
Ugy3jGCQvacumug-yPd4AaABAg,iRVVXaU6zGY,@ahmadmobin6217,http://www.youtube.com/@ahmadmobin6217,2026-09-10T20:05:41Z,2026-09-10T20:05:41Z,False,0,"Aston Villa 2-2 Nottingham Forest
Bournemouth 1-1 Brentford
Chelsea 3-0 Hull City
Crystal Palace 2-1 Ipswich 
Liverpool 2-1 Fulham
Tottenham 1-0 Everton
Sunderland 0-2 Arsenal
Coventry 1-1 Brighton
Man United 2-3 Man City
Leeds 0-0 Newcastle"
UgyPUv-XJrG9wHI1Y3B4AaABAg,iRVVXaU6zGY,@stephensixsmith,http://www.youtube.com/@stephensixsmith,2026-09-10T20:04:35Z,2026-09-10T20:04:35Z,False,0,"Bournemouth 0 Brentford 0
Aston Villa 3 Nottm Forest 1
Chelsea 1 Hull City 0
Crystal Palace 1 Ipswich 0
Liverpool 2 Fulham 0
Tottenham 1 Everton 0
Sunderland 2 Arsenal 2
Coventry 0 Brighton 2
Man United 2 Man City 0
Leeds 0 Newcastle 0"
Ugxxd9eZo7PU0pdLlHp4AaABAg,iRVVXaU6zGY,@Mr_Scrisu,http://www.youtube.com/@Mr_Scrisu,2026-09-10T20:02:19Z,2026-09-10T20:02:19Z,False,0,"Aston Villa 1 Nottingham Forest 1
Bournemouth 1 Brentford 1
Chelsea 4 Hull 1
Crystal Palace 1 Ipswich 0
Liverpool 2 Fulham 0
Tottenham 1 Everton 1
Sunderland 0 Arsenal 0
Man Utd 1 Man City 1
Coventry 0 Brighton 2
Leeds 1 Newcastle 1"
UgzoXzjSj6-XtScw6Ft4AaABAg,iRVVXaU6zGY,@Santiago-ct2rv,http://www.youtube.com/@Santiago-ct2rv,2026-09-10T20:01:53Z,2026-09-10T20:01:53Z,False,0,"Aston villa 2 - nottingham forest 1
Bournmouth 1 - Brentford 2
Chelsea 4 - Hull 1
Crystal palace 2 - Ipswich 1
Liverpool 1 - Fulham 1
Tottenham 0 - Everton 0
Sunderland 0 - Arsenal 2
Coventry 1 - Brighton 1
Man united 1 - Man city 2 
Leeds 2 - Newcastle 1"
Ugw7RjsMMboIINITQQF4AaABAg,iRVVXaU6zGY,@jackasbery2337,http://www.youtube.com/@jackasbery2337,2026-09-10T20:01:48Z,2026-09-10T20:01:48Z,False,0,Wear a Newcastle shirt in Sunderland as forfeit? Newcastle fans do that on the regular anyway 🤣
UgzsGNy1bkCgj0xw1gh4AaABAg,iRVVXaU6zGY,@juanpabloforero6874,http://www.youtube.com/@juanpabloforero6874,2026-09-10T20:01:21Z,2026-09-10T20:01:21Z,False,0,"You've said more cringy stuff than Netflix and Chillwell, I dont what's the fixation with the news reporter"
UgyNYAdU2jG4Afz26bt4AaABAg,iRVVXaU6zGY,@Zjqb,http://www.youtube.com/@Zjqb,2026-09-10T20:01:02Z,2026-09-10T20:01:02Z,False,1,"Gameweek 4 predictions 

Bournemouth 2 - 1 Brentford 
Aston Villa 1 - 1 forest 
Chelsea 3 - 2 hull 
Crystal Palace 1 - 0 Ipswich 
Liverpool 4 - 0 Fulham 
Spurs 2 - 2 Everton 
Sunderland 2 - 1 arsenal 
Coventry 1 - 0 Brighton 
Man united 1 - 2 Man City 
Leeds 3 - 0 Newcastle"
UgwmB_mXux5Bcx1lMER4AaABAg,iRVVXaU6zGY,@theonesparrowhawk,http://www.youtube.com/@theonesparrowhawk,2026-09-10T20:00:21Z,2026-09-10T20:00:21Z,False,0,"Aston Villa 2-1 Nottingham Forest
Bournemouth 2-1 Brentford
Chelsea 1-1 Hull
Crystal Palace 1-1 Ipswich Town
Liverpool 3-0 Fulham
Tottenham Hotspur 1-2 Everton
Sunderland 0-2 Arsenal
Coventry 0-2 Brighton
Manchester United 3-2 Manchester City
Leeds 2-2 Newcastle"
UgzkeEcLnF_nODEfnj14AaABAg,iRVVXaU6zGY,@BraydenCoombe,http://www.youtube.com/@BraydenCoombe,2026-09-10T20:00:18Z,2026-09-10T20:00:18Z,False,0,"Aston Villa 1-1 Nottingham Forest
Bournemouth 1-2 Brentford
Chelsea 4-2 Hull City
Crystal Palace 2-0 Ipswich
Liverpool 3-0 Fulham
Tottenham 0-0 Everton
Sunderland 0-2 Arsenal
Coventry 1-3 Brighton
Manchester United 2-2 Manchester City
Leeds 1-1 Newcastle"
UgwC9mye43qQzGYBE214AaABAg,iRVVXaU6zGY,@KaidenAndu,http://www.youtube.com/@KaidenAndu,2026-09-10T19:59:15Z,2026-09-10T19:59:15Z,False,1,"Villa 0-0 Forest 
Bournemouth 1-2 Brentford 
Chelsea 2-1 Hull 
Palace 3-1 Ipswich 
Liverpool 3-1 Fulham 
Tottenham 0-2 Everton 
Sunderland 1-2 Arsenal 
Coventry 0-4 Brighton
Man Utd 3-3 Man City
Leeds 1-1 Newcastle"
Ugzj3JbiDflLpML6CIZ4AaABAg,iRVVXaU6zGY,@KABulletsFootballingChannel,http://www.youtube.com/@KABulletsFootballingChannel,2026-09-10T19:59:03Z,2026-09-10T19:59:03Z,False,0,"Aston Villa 0 Nottingham Forest 0
Bournemouth 1 Brentford 1
Chelsea 0 Hull 0
Crystal Palace 1 Ipswich 2
Liverpool 4 Fulham 0
Tottenham 1 Everton 0
Sunderland 0 Arsenal 2
Coventry 0 Brighton 1
Man United 3 Man City 3
Leeds 0 Newcastle 1"
UgxC0mWqISpzjLYFzK94AaABAg,iRVVXaU6zGY,@TheDougOutFootballChannel,http://www.youtube.com/@TheDougOutFootballChannel,2026-09-10T19:58:02Z,2026-09-10T19:58:02Z,False,0,"Aston Villa 2-0 Nottingham Forest 
Bournemouth 1-1 Brentford 
Chelsea 3-1 Hull City
Crystal Palace 2-1 Ipswich Town 
Liverpool 4-0 Fulham 
Tottenham 0-1 Everton 
Sunderland 1-1 Arsenal 
Coventry 2-1 Brighton
Man Utd 2-1 Manchester City 
Leeds 3-2 Newcastle"
UgxFHijSN_TPzuD-12Z4AaABAg,iRVVXaU6zGY,@jhiyu,http://www.youtube.com/@jhiyu,2026-09-10T19:56:40Z,2026-09-10T19:56:40Z,False,0,"Aston Villa 0 - 1 Forest
Bournemouth 2 - 2 Brentford
Chelsea 2 - 1 Hull City
Crystal Palace 1 - 0 Ipswich
Liverpool 4 - 0 Fulham
Tottenham 0 - 1 Everton
Sunderland 1 - 1 Arsenal
Coventry City 0 - 2 Brighton
Manchester United 1 - 3 Manchester City
Leeds United 1 - 2 Newcastle"
Ugzj6Uj_6qHCmpbw-LF4AaABAg,iRVVXaU6zGY,@EddieMajola-j9g,http://www.youtube.com/@EddieMajola-j9g,2026-09-10T19:51:57Z,2026-09-10T19:51:57Z,False,0,"Villa 2 - Forest 2
Bournemouth 2- Brentford 1
Chelsea 4- Hull City 2
Palace 2- Ipswich 0
Liverpool 1 - Fulham 2
Spurs 2-Everton 2
Sunderland 1 Arsenal 2
Coventry 0-Brighton 3
Mancity 1-ManU 2"
UgxikvQp3sTfPL1z2F14AaABAg,iRVVXaU6zGY,@BYH-19,http://www.youtube.com/@BYH-19,2026-09-10T19:46:03Z,2026-09-10T19:47:21Z,True,2,"Aston Villa 1 - 1 Nottingham Forest
Bournemouth 2 - 2 Brentford
Chelsea 0 - 0 Hull City
Crystal Palace 2 - 1 Ipswich
Liverpool 3 - 1 Fulham
Tottenham 1 - 2 Everton
Sunderland 0 - 3 Arsenal
Coventry 1 - 2 Brighton
Manchester United 2 - 2 Man City
 Leeds United 2 - 2 Newcastle"
Ugz-NAGaT6oQWtpw3i54AaABAg,iRVVXaU6zGY,@arthurhanley1536,http://www.youtube.com/@arthurhanley1536,2026-09-10T19:45:56Z,2026-09-10T19:45:56Z,False,1,"My predictions for Gameweek 4

Aston Villa 2 Nottingham Forest 2
Bournemouth 1 Brentford 2
Chelsea 3 Hull 1
Crystal Palace 1 Ipswich 2
Liverpool 3 Fulham 1
Tottenham 1 Everton 1
Sunderland 0 Arsenal 2
Man Utd 1 Man City 3
Coventry 1 Brighton 2
Leeds 1 Newcastle 1"
UgyL1b3rTQTNrWlItd94AaABAg,iRVVXaU6zGY,@HolyKnight-x4c,http://www.youtube.com/@HolyKnight-x4c,2026-09-10T19:44:22Z,2026-09-10T19:44:22Z,False,31,please Hull keep that clean sheet 🤣
UgwbTk3-M6K__91JFTl4AaABAg,iRVVXaU6zGY,@muhdpeep,http://www.youtube.com/@muhdpeep,2026-09-10T19:43:35Z,2026-09-10T19:43:35Z,False,1,"Gameweek prediction 4:

Villa 0-1 Forest
Bournemouth 0-2 Brentford
Chelsea 0-0 Hull
Palace 1-3 Ipswich
Liverpool 2-3 Fulham
Tottenham 0-1 Everton
Sunderland 1-3 Arsenal
Cov 1-0 Brighton
United 2-4 City
Leeds 3-3 Newcastle"
Ugx5xO6MV8kGcGVn3mN4AaABAg,iRVVXaU6zGY,@charlietin5262,http://www.youtube.com/@charlietin5262,2026-09-10T19:42:16Z,2026-09-10T19:42:16Z,False,1,"Liverpool 3-0 Fulham
Palace 2-1 Ipswich
Bournemouth 1-1 Brentford
Chelsea 2-0 Hull
Spurs 1-1 Everton
Aston Villa 2-1 Forest
Sunderland 0-2 Arsenal
Coventry 0-2 Brighton
Man Utd 2-1 Man City
Leeds 1-1 Newcastle"
UgwRR9JFgwqxdBqaK3d4AaABAg,iRVVXaU6zGY,@zhelyazkopetkov8211,http://www.youtube.com/@zhelyazkopetkov8211,2026-09-10T19:41:25Z,2026-09-10T19:41:25Z,False,1,"Aston Villa 3 N. Forest 1
Bournemouth 2 Brentford 2
Chelsea 2 Hull 0
C. Palace 1 Ipswich 2
Liverpool 3 Fulham 0
Tottenham 1 Everton 2
Sunderland 1 Arsenal 2
Man Utd 1 Man City 2
Coventry 1 Brighton 2
Leeds 2 Newcastle 1"
Ugw3bBK8Dd4GWXbHA1R4AaABAg,iRVVXaU6zGY,@KABulletsFootballingChannel,http://www.youtube.com/@KABulletsFootballingChannel,2026-09-10T19:41:17Z,2026-09-10T19:41:17Z,False,4,"Thank you for posting this earlier, I have had a few games not count because I was late. Now I won’t be late for the Friday evening games."
Ugw23xkrA3fx48d3DSN4AaABAg,iRVVXaU6zGY,@Mr_Desk,http://www.youtube.com/@Mr_Desk,2026-09-10T19:40:53Z,2026-09-10T19:40:53Z,False,1,"Aston Villa 2-0 Forest
Bournemouth 0-1 Brentford
Chelsea 0-0 Hull
Crystal Palace 1-2 Ipswich
Liverpool 2-0 Fulham
Tottenham 1-1 Everton
Sunderland 0-3 Arsenal
Coventry 1-4 Brighton
Man United 1-2 Man City
Leeds 1-1 Newcastle"
Ugx18TYerlKYwtmdRv94AaABAg,iRVVXaU6zGY,@LieutenantPulp,http://www.youtube.com/@LieutenantPulp,2026-09-10T19:39:54Z,2026-09-10T19:39:54Z,False,1,"Villa 2-1 Forest
Brentford 0-0 Bournemouth 
Chelsea 3-1 Hull
Palace 1-1 Ipswich
Liverpool 2-0 Fulham
Tottenham 1-2 Everton
Sunderland 0-3 Arsenal
Coventry 0-2 Brighton
Man Utd 1-3 Man City
Leeds 2-1 Newcastle"
UgyEZP1L1m73Zk7NHH54AaABAg,iRVVXaU6zGY,@ThatOneLutonFan,http://www.youtube.com/@ThatOneLutonFan,2026-09-10T19:39:31Z,2026-09-10T19:39:31Z,False,2,"Liverpool 2-0 Fulham
Palace 0-0 Ipswich
Bournemouth 1-1 Brentford
Villa 0-0 Forest
Chelsea 3-1 Hull
Spurs 1-0 Everton
Sunderland 1-3 Arsenal 
Coventry 2-0 Brighton 
Man City 1-1 Man U
Leeds 2-1 Newcastle 

Woohoo I'm in like 31st rn"
Ugw2Oh27oIS3IJ-sf-J4AaABAg,iRVVXaU6zGY,@Drabori,http://www.youtube.com/@Drabori,2026-09-10T19:39:09Z,2026-09-10T19:39:09Z,False,1,"My Premier League gameweek 4

Aston Villa 2 - 1 Nottingham Forest
Bournemouth  1 - 1 Brentford
Chelsea 3 - 1 Hull City
Crystal Palace 3 - 1 Ipswich Town
Liverpool 2 - 0 Fulham
Tottenham 1 - 2 Everton
Sunderland 0 - 3 Arsenal
Coventry 0 - 2 Brighton Hove & Albion
Manchester United 1 - 5 Manchester City 
Leeds United 0 - 1 Newcastle United"
UgzGQ5pVKnypshlJcW54AaABAg,iRVVXaU6zGY,@HridaySen.,http://www.youtube.com/@HridaySen.,2026-09-10T19:38:06Z,2026-09-10T19:38:06Z,False,0,"Aston Villa 2 Nottingham forest 2
Bourmouth 1 Brentford 2
Chelsea 3 Hull city 1
Crystal palace 2 Ipswich 3
Liverpool 2 Fulham 0
Tottenham  1 Everton 2
Sunderland 0 Arsenal 3
Coventry city 1 Brighton 2
Manchester united 2 Man City 1
Leeds united 1 Newcastle 3"
UgyIMxyHZn_etTZ21K54AaABAg,iRVVXaU6zGY,@MikePollock-b1q,http://www.youtube.com/@MikePollock-b1q,2026-09-10T19:37:03Z,2026-09-10T19:42:04Z,True,0,"Chelsea v hull 4:2
Bournemouth v Brentford 1:2 if Calum Wilson scores the winner give me 1 extra point 
Aston villa v Nottingham forest 0:2
Liverpool v Fulham 1:2
Crystal palace v Ipswich 1:2
Everton v Tottenham 2:0
Coventry v Brighton 0:0
Man united v man city 2:3
Leeds v Newcastle 1:2
Sunderland v arsenal 1:4"
Ugyp2yWfmAPrlKU0L8x4AaABAg,iRVVXaU6zGY,@Eminem-F1,http://www.youtube.com/@Eminem-F1,2026-09-10T19:36:19Z,2026-09-10T19:36:19Z,False,1,"I skyrocketed from 157 to 60, im half impressed with myself. If I continue this positive correlation, Ill be top by Gameweek 7"
UgzVXQAToZiDy15k2Np4AaABAg,iRVVXaU6zGY,@Eminem-F1,http://www.youtube.com/@Eminem-F1,2026-09-10T19:35:35Z,2026-09-10T19:35:35Z,False,0,"Aston Villa 2-2 Forest
Bournemouth 1-1 Brentford
Chelsea 3-0 Hull
 Palace 2-1 Ipswich
Liverpool 1-0 Fulham
Tottenham 2-4 Everton
Sunderland 1-1 Arsenal
Coventry 2-3 Brighton
Man United 3-1 Man City
Leeds 1-1 Newcastle"
UgwTXNWJuYDnlOvUyMB4AaABAg,iRVVXaU6zGY,@balinthejner465,http://www.youtube.com/@balinthejner465,2026-09-10T19:35:03Z,2026-09-10T19:35:03Z,False,0,"Aston Villa 2-1 Forest
Bournemouth 1-1 Brentford
Chelsea 4-0 Hull
Crystal Palace 0-0 Ipswich
Liverpool 3-0 Fulham
Tottenham 2-1 Everton
Sunderland 0-2 Arsenal
Coventry 1-2 Brighton
Man United 2-0 Man City
Leeds 1-2 Newcastle"
UgxNw0DE3XwRcO5HoZ94AaABAg,iRVVXaU6zGY,@Knowledge5eeker,http://www.youtube.com/@Knowledge5eeker,2026-09-10T19:33:43Z,2026-09-10T19:33:43Z,False,0,"Aston Villa 2 - Nottingham Forest 1 

Bournemouth 1 - Brentford 2 

Chelsea 3 - Hull 2

Crystal Palace 3 - Ipswich Town 0

Liverpool 2 - Fulham 0

Tottenham 0 - Everton 1

Sunderland 0 - Arsenal 2

Coventry 0 - Brighton 3

Man United 1 - Man City 3

Leeds 2 - Newcastle 2"
UgxDZrejAFKGHs6mWRF4AaABAg,iRVVXaU6zGY,@leomccarron9133,http://www.youtube.com/@leomccarron9133,2026-09-10T19:32:45Z,2026-09-10T19:32:45Z,False,0,"Prem predictions week 4

Villa 1 Forest 2
Bournemouth 1 Brighton 1
Chelsea 2 Hull 1
Palace 2 Ipswich 1
Liverpool 3 Fulham 1
Tottenham 1 Everton 1
Sunderland 0 Arsenal 4
Coventry 1 Brighton 3
Man U 1 Man City 1
Leeds 1 Newcastle 2"
UgxqN6hYQbw0ufBJPsR4AaABAg,iRVVXaU6zGY,@harrisoncowperthwaite9190,http://www.youtube.com/@harrisoncowperthwaite9190,2026-09-10T19:32:10Z,2026-09-10T19:32:10Z,False,0,Totenham score in 2 minutes against everton cause its in our dna to give people what they cant have
UgyN2Os2yItyHMZ_0XN4AaABAg,iRVVXaU6zGY,@aaronbard4403,http://www.youtube.com/@aaronbard4403,2026-09-10T19:32:09Z,2026-09-10T19:32:09Z,False,0,"Aston Villa 2-1 Nottingham Forest
Bournemouth 1-1 Everton
Chelsea 4-0 Hull
Palace 3-1 Ipswich
Liverpool 3-1 Fulham
Tottenham 0-2 Everton
Sunderland 0-2 Arsenal
Coventry 1-2 Brighton
Manchester United 2-1 Manchester City
Leeds 1-1 Newcastle"
Ugz4vGmoFpZIDzI8itd4AaABAg,iRVVXaU6zGY,@txelmun,http://www.youtube.com/@txelmun,2026-09-10T19:31:31Z,2026-09-10T19:31:31Z,False,0,"Liverpool 2 Fulham 1
Palace 1 Ipswich 1
Bournemouth 2 Brentford 2
Villa 1 Forest 0
Chelsea 3 Hull 1
Spurs 1 Everton 0
Sunderland 1 Arsenal 2
Coventry 0 Brighton 2
Man U 2 Man C 2
Leeds 3 Newcastle 2"
UgxYu5gGREyQ_hBoExx4AaABAg,iRVVXaU6zGY,@hulk7402,http://www.youtube.com/@hulk7402,2026-09-10T19:31:08Z,2026-09-10T19:31:08Z,False,0,"Aston Villa 1-1 Forest
Bournemouth 1-3 Brentford
Chelsea 2-0 Hull
Palace 0-1 Ipswich
Liverpool 2-2 Fulham
Tottenham 0-2 Everton
Sunderland 0-3 Arsenal
Coventry 1-4 Brighton
Man United 1-1 Man City
Leeds 1-0 Newcastle"
UgxbcOKfoDeXOcYmfqx4AaABAg,iRVVXaU6zGY,@anmaroud9813,http://www.youtube.com/@anmaroud9813,2026-09-10T19:27:17Z,2026-09-10T19:27:17Z,False,0,"PL GW4

Aston Villa 1 - 0 Forest 
Bournemouth 2- 2 Brentford
Chelsea 1- 1 Hull
Palace 3 - 1 Ipswich
Liverpool 4 - 0 Fulham
Tottenham 1 - 2 Everton
Sunderland 0 - 2 Arsenal
Coventry 1 - 0 Brighton
Man U 3 - 2 Man City
Leeds 1 - 1 Newcastle"
Ugzxqn0AFs7FDTT51D14AaABAg,iRVVXaU6zGY,@jfigueroaist,http://www.youtube.com/@jfigueroaist,2026-09-10T19:26:34Z,2026-09-10T19:26:34Z,False,0,"Aston Villa 1 - 1 Nottingham Forest 
Bournemouth 1 - 1 Brentford
Chelsea 3 - 2 Hull City
Crystal Palace 1 - 0 Ipswich Town
Liverpool 3 - 0 Fulham 
Tottenham 1 - 1 Everton
Sunderland 0 - 2 Arsenal
Coventry 0 - 2 Brighton Hove & Albion
Manchester United 1 - 1 Manchester City
 Leeds United 0 - 2 Newcastle United"
Ugy1dxHnHr9jC4ztjb54AaABAg,iRVVXaU6zGY,@RAGNAR-3-3,http://www.youtube.com/@RAGNAR-3-3,2026-09-10T19:25:01Z,2026-09-10T19:25:01Z,False,0,"not doing the leaderboard, just leaving my predictions for fun this week.


Villa-Forest / 3-1
Bournemouth-Brentford / 1-2
Chelsea-Hull / 2-0
Palace-Ipswich / 1-0
Liverpool-Fulham / 3-0
Spurs-Everton / 1-1
Sunderland-Arsenal / 2-4
Coventry-Brighton / 1-1
United-City / 3-3
Leeds-Newcastle / 2-2"
UgyTP6j9kRK08-d8owx4AaABAg,iRVVXaU6zGY,@TheDutchStarWarsGuy,http://www.youtube.com/@TheDutchStarWarsGuy,2026-09-10T19:23:16Z,2026-09-10T19:23:16Z,False,0,"Aston Villa 1-1 Nottingham
Bournemouth 2-1 Brentford
Chelsea 1-1 Hull
Crystal Palace 2-1 Ipswich
Liverpool 3-2 Fulham
Tottenham 1-1 Everton
Sunderland 0-2 Arsenal
Coventry 1-3 Brighton
Man United 2-2 Man City
Leeds 2-1 Newcastle"
Ugy8IzqTpUpor1Xq2J54AaABAg,iRVVXaU6zGY,@AriaWand-u9f,http://www.youtube.com/@AriaWand-u9f,2026-09-10T19:21:51Z,2026-09-10T19:21:51Z,False,0,"Aston Villa 2 Nottingham Forest 0
Bournemouth 2 Brentford 1
Chelsea 2 Hull 1
Crystal Palace 1 Ipswich 0
Liverpool 2 Fulham 0
Tottenham 1 Everton 1
Sunderland 0 Arsenal 2
Coventry 0 Brighton 2
Man United 1 Man City 2
Leeds 0 Newcastle 1"
UgxRyeqs5FrE9H-r7lt4AaABAg,iRVVXaU6zGY,@privateRo,http://www.youtube.com/@privateRo,2026-09-10T19:21:34Z,2026-09-10T19:21:34Z,False,0,"Villa v Forest= 2-1
Bournemouth v Brentford= 2-2
Chelsea v Hull= 4-3
Palace v Ipswich= 3-1
Liverpool v Fulham= 2-0
Spurs v Everton= 4-2
Sunderland v Arsenal= 1-2
Coventry v Brighton= 2-2
Man Utd v Man City= 3-3
Leeds v Newcastle= 1-3"
Ugx57GMwui8Zi58m4J14AaABAg,iRVVXaU6zGY,@achusworld102,http://www.youtube.com/@achusworld102,2026-09-10T19:21:24Z,2026-09-10T19:21:24Z,False,1,"Aston villa 0 Nottingham Forest 0
Bournemouth 2 Brentford 3
Chelsea 2 Hull City 0
Crystal Palace 1 Ipswich 0
Liverpool 3 Fulham 2
Tottenham 2 Everton 2
Sunderland 1 Arsenal 2
Coventry 1 Brighton 2
Man utd 2 Man city 1
Leeds 2 Newcastle 2"
UgyW18iJw3rVG47r2Id4AaABAg,iRVVXaU6zGY,@manguy3135,http://www.youtube.com/@manguy3135,2026-09-10T19:21:03Z,2026-09-10T19:21:03Z,False,0,"GW4:
Aston villa 1-2 Nottingham
Bournemouth 0-1 Brentford
Chelsea 3-1 Hull
Liverpool 4-1 Fulham
Crystal Palace 1-1 Ipswich
Tottenham 0-2 Everton
Sunderland 0-0 Arsenal
Coventry 0-2 Brighton
United 2-1 City
Leeds 1-2 Newcastle"
Ugz3bsc4DmN_tNDsyYd4AaABAg,iRVVXaU6zGY,@mikethegoatisgoat,http://www.youtube.com/@mikethegoatisgoat,2026-09-10T19:18:40Z,2026-09-10T19:18:40Z,False,0,"Bournemouth1-2 Brentford
Aston villa 0-2 forest
Chelsea 1-1 hull
crystal palace 3-0 Ipswich
Liverpool 1-0 Fulham
Tottenham 0-1 Everton
Sunderland 0-4 arsenal 
Coventry 0-0 brighton
man united 2-0 man city"
UgxfGMlUfux6vJU8LGF4AaABAg,iRVVXaU6zGY,@DJYungHank,http://www.youtube.com/@DJYungHank,2026-09-10T19:18:12Z,2026-09-10T19:18:12Z,False,0,"My predictions for Gameweek 4

Aston villa 2 - 2 Nottingham Forrest 
Bournemouth 1 - 2 Brentford 
Chelsea 3 - 1 Hull City 
Crystal Palace 1 - 1 Ipswich 
Liverpool 3 - 0 Fulham 
Tottenham 2 - 2 Everton
Sunderland 1 - 0 Arsenal 
Coventry 1 - 2 Brighton 
Manchester United 1 - 3 Manchester City 
Leeds 1 - 1 Newcastle"
UgzvzovQt55PuQ4iS9R4AaABAg,iRVVXaU6zGY,@jacobdean6989,http://www.youtube.com/@jacobdean6989,2026-09-10T19:17:25Z,2026-09-10T19:17:25Z,False,0,"Liverpool 2-1 Fulham
Bournemouth 1-1 Brentford 
Chelsea 3-0 Hull
Aston Villa 0-0 Nottingham Forest 
Crystal Palace 1-0 Ipswich 
Tottenham 2-0 Everton
Sunderland 1-2 Arsenal
Coventry 1-3 Brighton 
Man United 0-2 Man City 
Leeds 2-2 Newcastle"
UgwA1bOlUsIfZAHCMUJ4AaABAg,iRVVXaU6zGY,@Therealkobbiemainoo,http://www.youtube.com/@Therealkobbiemainoo,2026-09-10T19:15:28Z,2026-09-10T19:15:28Z,False,0,"My predictions for GW4: 
Aston Villa 3 Nottingham Forest 0
Bournemouth 3 Brentford 2
Chelsea 2 Hull 1
Crystal Palace 1 Ipswich 1
Liverpool 2 Fulham 1
Tottenham 0 Everton 2
Sunderland 2 Arsenal 2
Man United 1 Man City 1
Coventry 0 Brighton 2
Leeds 0 Newcastle 1"
UgyYeN5oQprQDaBXLwZ4AaABAg,iRVVXaU6zGY,@lobstageorge,http://www.youtube.com/@lobstageorge,2026-09-10T19:14:49Z,2026-09-10T19:14:49Z,False,0,"Aston Villa 1-2 Forest
Bournemouth 1-3 Brentford
Chelsea 1-1 Hull
Crystal Palace 2-0 Ipswich
Liverpool 2-0 Fulham
Tottenham 0-0 Everton
Sunderland 0-2 Arsenal
Coventry 0-2 Brighton
Man United 1-3 Man City
Leeds 0-1 Newcastle"
UgyppU1Eb9yFHNGnodJ4AaABAg,iRVVXaU6zGY,@yaboietan_6430,http://www.youtube.com/@yaboietan_6430,2026-09-10T19:14:22Z,2026-09-10T19:14:22Z,False,0,"Aston Villa 0-0 Nottingham Forest
Bournemouth 1-3 Brentford
Chelsea 3-2 Hull
Crystal Palace 1-2 Ipswich 
Liverpool 3-1 Fulham
Spurs 1-0 Everton
Sunderland 0-3 Arsenal
Coventry 0-0 Brighton
Man United 1-1 Man City
Leeds 2-1 Newcastle"
UgyM2ejNQ5eOMZW-Otx4AaABAg,iRVVXaU6zGY,@Myšutr_cz,http://www.youtube.com/@My%C5%A1utr_cz,2026-09-10T19:13:39Z,2026-09-10T19:13:39Z,False,1,"Aston villa 1 Nottingham forest 0
Bournemouth 1 Brentford 1
Chelse 3 Hull 1
Crystal palace 2 Ipswich 0
Liverpool 2 fulham 1
Tottenham 1 Everton 0
Sunderland 0 Arsenal 2
Coventry 0 Brighton 0
Manchester United 2 Manchester City 2
Leeds 0 Newcastle 2"
UgzzX_CtzA0YzxF6H6J4AaABAg,iRVVXaU6zGY,@GeeklyVideos,http://www.youtube.com/@GeeklyVideos,2026-09-10T19:13:36Z,2026-09-10T19:13:36Z,False,0,"Villa 2-1 Forest 
Bournemouth 2-2 Brentford 
Chelsea 5-1 Hull city 
Palace 1-1 Ipswich 
Liverpool 4-2 Fulham 
Spurs 1-0 Everton 
Sunderland 0-2 Arsenal 
Brighton 4-1 Coventry 
Man Utd 1-1 Man City 
Leeds 1-2 Newcastle"
Ugwd49v1IMHwvzopL0R4AaABAg,iRVVXaU6zGY,@djsmeguk,http://www.youtube.com/@djsmeguk,2026-09-10T19:09:48Z,2026-09-10T19:09:48Z,False,1,"Did he really predict that hull wouldn't score? Chelsea will score more, probably lots more, but the defence doesn't understand the meaning of ""clean sheet"". Chelsea 7-2 Hull"
Ugz0nXlsELQhBO7Fkf14AaABAg,iRVVXaU6zGY,@ElizabethPopplewell6234,http://www.youtube.com/@ElizabethPopplewell6234,2026-09-10T19:09:32Z,2026-09-10T19:09:32Z,False,0,"My predictions for Gameweek 4:
Aston Villa 2 Nottingham Forest 2
Bournemouth 1 Brentford 2
Chelsea 1 Hull 1
Crystal Palace 4 Ipswich 1
Liverpool 3 Fulham 0
Tottenham 0 Everton 2
Sunderland 1 Arsenal 2
Man United 0 Man City 2
Coventry 1 Brighton 3
Leeds 2 Newcastle 0"
UgwsOEUrFS38mlQAK9B4AaABAg,iRVVXaU6zGY,@ricardoblayer9537,http://www.youtube.com/@ricardoblayer9537,2026-09-10T19:07:08Z,2026-09-10T19:07:08Z,False,0,"Aston Villa 1 Nott. Forest 1
Bournemouth 2 Brentford 2
Chelsea 2 Hull 0
Palace 1 Ipswich 1
Liverpool 3 Fulham 1
Tottenham 0 Everton 1
Sunderland 0 Arsenal 1
Man Utd 2 Man City 4
Coventry 0 Brighton 2
Leeds 1 Newcastle 1"
Ugw053VWKlhkzixl3E14AaABAg,iRVVXaU6zGY,@thubelihlembonane2674,http://www.youtube.com/@thubelihlembonane2674,2026-09-10T19:05:08Z,2026-09-10T19:05:08Z,False,0,"2 days in advance, nice, let's begin.

Aston Villa 1 Nottingham Forest 1
Bournemouth 1 Brentford 2
Chelsea 2 Hull 1 
Crystal Palace 2 Ipswich Town 1
Liverpool 2 Fulham 2
Tottenham 1 Everton 1
Sunderland 0 Arsenal 1
Man United 1 Man City 1
Coventry City 1 Brighton 2
Leeds 2 Newcastle 2"
Ugz-PGUcbSAc3uNdKyV4AaABAg,iRVVXaU6zGY,@lewismacdonald7776,http://www.youtube.com/@lewismacdonald7776,2026-09-10T19:05:07Z,2026-09-10T19:05:07Z,False,0,"Aston Villa 1-1 Nottingham Forest 
Bournemouth 2-3 Brentford 
Chelsea 2-2 Hull
Crystal Palace 1-2 Ipswich
Liverpool 2-2 Fulham
Tottenham 0-2 Everton 
Sunderland 0-1 Arsenal 
Coventry 1-2 Brighton"
UgzL0T9UgXwWBISby8t4AaABAg,iRVVXaU6zGY,@owainflemig972,http://www.youtube.com/@owainflemig972,2026-09-10T19:03:19Z,2026-09-10T19:03:19Z,False,0,"Gameweek 4:
Aston Villa 2 Forest 1
Bournmouth 1 Brentford 0
Chelsea 0 Hull 1
Palace 2 Ipswich 0
Liverpool 3 Fulham 0
Tottenham 0 Everton 2
Sunderland 0 Arsenal 4
Coventry 1 Brighton 3
Man Utd 2 Man City 1
Leeds 1 Newcastle 1"
UgzUqMxS6_JzmjGIscB4AaABAg,iRVVXaU6zGY,@Pando1773,http://www.youtube.com/@Pando1773,2026-09-10T19:02:49Z,2026-09-10T19:02:49Z,False,11,"Aston Villa 1 - 1 Forrest
Bournemouth 2 - 2 Brentford
Chelsea 3 - 1 Hull
Crystal Palace 1 - 2 Ipswich
Liverpool 4- 1 Fulham
Tottenham 0 - 1 Everton (Hackney 90 + 1 Min)
Sunderland 0 - 3 Arsenal
Coventry 1 - 3 Brighton
Man utd 2 - 2 Man City
Leeds 2 - 1 Newcastle"
Ugwk_4DmT9pZuMQLkp54AaABAg,iRVVXaU6zGY,@itschris2628,http://www.youtube.com/@itschris2628,2026-09-10T19:02:19Z,2026-09-10T19:02:19Z,False,0,"Villa vs Forest: 1-1
Bournemouth vs Brentford: 2-3
Chelsea vs Hull: 4-0
Palace vs Ipswich: 1-1
Liverpool vs Fulham: 2-0
Tottenham vs Everton: 1-0
Sunderland vs Arsenal: 0-3
Utd vs City: 1-1
Coventry vs Brighton: 0-2
Leeds vs Newcastle: 0-0"
UgwXgoLS4h85n49Sf-F4AaABAg,iRVVXaU6zGY,@chelsea4life307,http://www.youtube.com/@chelsea4life307,2026-09-10T19:01:58Z,2026-09-10T19:01:58Z,False,0,"My predictions

Aston villa vs Nottingham forest 1-1
Bournemouth vs Brentford 2-1
Chelsea vs Hull 3-1
Liverpool vs fulham 2-0
Crystal Palace vs ipswich 1-0
Tottenham vs Everton 2-1
Sunderland vs Arsenal 0-2
Coventry vs Brighton 2-1
Man utd vs Man city 2-1
Leeds vs Newcastle 2-1"
UgwHNtcUECkHBKzMgn94AaABAg,iRVVXaU6zGY,@jimmyhurt,http://www.youtube.com/@jimmyhurt,2026-09-10T19:01:46Z,2026-09-10T19:01:46Z,False,0,"GW 4 predictions:
Aston Villa 2 - 1 Nottingham Forest
Bournemouth 1 - 2 Brentford
Chelsea 4 - 2 Hull City
Crystal Palace 1 - 2 Ipswich 
Liverpool 3 - 1 Fulham
Tottenham 1 - 2 Everton
Sunderland 1 - 3 Arsenal
Coventry 1 - 2 Brighton
Man United 2 - 1 Man City
Leeds 1 - 2 Newcastle"
UgzmUEHJU4NXHTQAT8p4AaABAg,iRVVXaU6zGY,@cuthbertmcvane9159,http://www.youtube.com/@cuthbertmcvane9159,2026-09-10T19:00:57Z,2026-09-10T19:00:57Z,False,0,"Bournemouth 2 Brentford 2
Aston Villa 2 Nottingham Forest 1
Chelsea 3 Hull City 1
Crystal Palace 2 Ipswich Town 0
Liverpool 2 Fulham 1
Tottenham 2 Everton 2
Sunderland 0 Arsenal 2
Coventry City 1 Brighton 3
Man United 2 Man City 2
Leeds United 1 Newcastle 2"
UgyuVdxyBsRjHjDDAbZ4AaABAg,iRVVXaU6zGY,@O_z_a_e,http://www.youtube.com/@O_z_a_e,2026-09-10T18:59:26Z,2026-09-10T18:59:26Z,False,0,"Bournemouth 1-1 Brentford
Aston Villa 2-2 Nottingham Forest
Chelsea 4-0 Hull
Crystal Palace 1-1 Ipswich
Liverpool 2-0 Fulham
Tottenham 1-2 Everton
Sunderland 0-3 Arsenal
Coventry 0-2 Brighton
Man United 3-1 Man City
Leeds 2-2 Newcastle"
UgxVJ0T8BnHRBChqS4R4AaABAg,iRVVXaU6zGY,@hemangpai1140,http://www.youtube.com/@hemangpai1140,2026-09-10T18:59:23Z,2026-09-10T18:59:23Z,False,0,"Aston Villa 1-1 Nottingham Forest
Bournemouth 1-1 Brentford
Chelsea 4-1 Hull
Crystal Palace 2-1 Ipswich
Liverpool 3-1 Fulham
Tottenham 0-0 Everton
Sunderland 1-3 Arsenal
Coventry 1-2 Brighton
Man United 2-2 Man City
Leeds 1-1 Newcastle"
UgzNP5vxaBVB5WoA9eZ4AaABAg,iRVVXaU6zGY,@Omar_18AFC,http://www.youtube.com/@Omar_18AFC,2026-09-10T18:59:06Z,2026-09-10T18:59:06Z,False,0,"Aston Villa 1 Nottm Forrest 1 
Bournemouth 1 Brentford 1
 Chelsea’ 4 Hull city 0
Palace 2 Ipswich 1
Liverpool 4 Fulham 0
Spurs 2 Everton 1
Sunderland 0 Arsenal 2
Coventry 0 Brighton 2
Man Utd 1 Man City 2 
Leeds 2 Newcastle 2"
UgxAB7uXZabb-qxfIGR4AaABAg,iRVVXaU6zGY,@amanbelani3518,http://www.youtube.com/@amanbelani3518,2026-09-10T18:58:57Z,2026-09-10T18:58:57Z,False,0,"Aston Villa 1-0 Nottingham Forest
Bournemouth 1-1 Brentford 
Chelsea 3-1 Hull City 
Crystal Palace 2-1 Ipswich Town
Liverpool 3-0 Fulham
Spurs 2-1 Everton 
Sunderland 0-2 Arsenal 
Coventry 0-2 Brighton 
Man United 2-3 Man City 
Leeds United 1-2 Newcastle"
UgzmoclGDKWK7zJym4F4AaABAg,iRVVXaU6zGY,@lucozadelover8186,http://www.youtube.com/@lucozadelover8186,2026-09-10T18:55:04Z,2026-09-10T18:55:04Z,False,0,"Aston Villa 2 - 1 Forest
Bournemouth 1 - 1 Brentford
Chelsea 4 - 0 Hull
Palace 3 - 1 Ipswich
Liverpool 3 - 1 Fulham
Tottenham 1 - 1 Everton 
Sunderland 0 - 3 Arsenal
Coventry 1 - 2 Brighton
Man United 2 - 1 Man City
Leeds 2 - 2 Newcastle"
UgzBE4b4P2wTiJsColp4AaABAg,iRVVXaU6zGY,@leobarnes4593,http://www.youtube.com/@leobarnes4593,2026-09-10T18:54:58Z,2026-09-10T18:54:58Z,False,0,"Aston villa v Nottm Forest 2:1
Bournemouth v Brentford 1:1
Chelsea v Hull 5:2
Liverpool v Fulham 4:1
Crystal Palace v Ipswich 2:2
Tottenham v Everton 1:2
Sunderland v Arsenal 0:3
Coventry v Brighton 2:3
Man United v Man City 3:3
Leeds v Newcastle 2:2"
UgyFaDdL77Z-7VUNv614AaABAg,iRVVXaU6zGY,@TheKing0fToot,http://www.youtube.com/@TheKing0fToot,2026-09-10T18:53:54Z,2026-09-10T18:53:54Z,False,0,"Aston Villa 2-1 Nottingham Forest

Bournemouth 2-1 Brentford

Chelsea 1-0 Hull City

Crystal Palace 1-0 Ipswich

Liverpool 3-0 Fulham

Tottenham 1-1 Everton

Sunderland 0-1 Arsenal

Coventry 0-1 Brighton

Man United 1-2 Man City

Leeds 1-2 Newcastle"
UgzfIgsLp4LUhNrVYY94AaABAg,iRVVXaU6zGY,@TheSkinnerBrothers1,http://www.youtube.com/@TheSkinnerBrothers1,2026-09-10T18:52:46Z,2026-09-10T18:52:46Z,False,0,"Villa 2 Forest 0
Bournemouth 1 Brentford 2
Chelsea 4 Hull 0
Crystal Palace 2 Ipswich 0
Liverpool 1 Fulham 1
Spurs 1 Everton 0
Sunderland 0 Arsenal 2
Coventry 2 Brighton 1
Manchester United 1 Manchester City 3
Leeds 2 Newcastle 1"
Ugx10zEOBMEp165eBDl4AaABAg,iRVVXaU6zGY,@Reaper5514,http://www.youtube.com/@Reaper5514,2026-09-10T18:52:02Z,2026-09-10T18:52:02Z,False,0,"GW4

Aston Villa 2-0 Forest 
Bournemouth 1-1 Brentford
Chelsea 3-1 Hull
Crystal Palace 2-0 Ipswich
Liverpool 3-0 Fulham
Spurs 1-2 Everton
Sunderland 0-1 Arsenal
Coventry 1-0 Brighton
Man Utd 2-2 Man City
Leeds 0-1 Newcastle"
Ugzf2y-LqL8UUdOa8Qt4AaABAg,iRVVXaU6zGY,@colossalbrawl,http://www.youtube.com/@colossalbrawl,2026-09-10T18:51:36Z,2026-09-10T18:51:36Z,False,0,"Aston villa 1 nottingham forest 2
Bournemouth 0 brentford 2
Chelsea 2 hull 1
Palace 3 ipswich 1
Liverpool 2 fulham 0
Tottenham 1 everton 1
Arsenal 0 sunderland 0
Coventry 0 brighton 2
Man united 2 man city 1
Leeds 1 newcastle 1"
UgyvfkoZimS3KmopX3B4AaABAg,iRVVXaU6zGY,@lorenzomosca5655,http://www.youtube.com/@lorenzomosca5655,2026-09-10T18:51:19Z,2026-09-10T18:51:19Z,False,0,"Aston villa 2:1 Nottingham Forest 
Bournemouth 1:1 Brentford 
Chelsea 2:0 Hull City 
Crystal Palace 3:0 Ipswich Town 
Liverpool 3:0 Fulham 
Totthenham 1:1 Everton
Sunderland 0:3 Arsenal 
Coventry 0:2 Brighton Hove & Albion
Manchester United 1:2 Manchester city 
Leeds United 1:0 Newcastle United"
UgzSfqu2Ky2Mnmx_Ekp4AaABAg,iRVVXaU6zGY,@robstar20011,http://www.youtube.com/@robstar20011,2026-09-10T18:49:40Z,2026-09-10T18:53:23Z,True,0,"Villa 2 - 1 Forest
Bournemouth 1 - 1 Brentford
Chelsea 3 - 0 Hull
Palace  2 - 0 Ipswich
Liverpool 2 - 0 Fulham
Spurs 1 - 1 Everton
Sunderland 0 - 2 Arsenal
Coventry 0 - 2 Brighton
Man Utd 1 - 2 Man City
Leeds 0 - 2 Newcastle"
UgwmoQ1UcMxbk-u7ROR4AaABAg,iRVVXaU6zGY,@ymAtaraxia,http://www.youtube.com/@ymAtaraxia,2026-09-10T18:49:16Z,2026-09-10T18:49:16Z,False,0,"Aston Villa 1 Forest 0
Bournemouth 2 Brentford 3
Chelsea 1 Hull 0
Crystal Palace 1 Ipswich 1
Liverpool 4 Fulham 1
Tottenham 0 Everton 0
Sunderland 0 Arsenal 2
Coventry 1 Brighton 3
Man Utd 1 Man City 2
Leeds 2 Newcastle 2"
UgzehdioJxqIDmgP8jl4AaABAg,iRVVXaU6zGY,@heathenwolf9847,http://www.youtube.com/@heathenwolf9847,2026-09-10T18:47:05Z,2026-09-10T18:47:05Z,False,0,"Villa 3 forrest 1
Bournemouth 1 Brentford 1
Chelsea 0 Hull 2
Palace 2 Ipswich 1
Liverpool 3 Fullam 1
Tottenham 1 Everton 2
Sunderland 0 Arsenal 2
Coventry 0 Brighton 1
Man U 1 Man City 2
Leeds 1 Newcastle 2"
UgyWI3RSc4_KyDNqjwN4AaABAg,iRVVXaU6zGY,@chrisstocks7137,http://www.youtube.com/@chrisstocks7137,2026-09-10T18:46:54Z,2026-09-10T18:46:54Z,False,0,"Aston Villa 1-1 Nottingham Forest 

Bournemouth 1-1 Brentford 

Chelsea 5-0 Hull City

Crystal Palace 3-1 Ipswich Town 

Liverpool 4-1 Fulham 

Tottenham Hotspur 1-1 Everton 

Sunderland 0-2 Arsenal 

Coventry City 0-2 Brighton 

Manchester United 2-3 Manchester City 

Leeds United 2-2 Newcastle United"
UgwPdk5p3JdZlGv2STd4AaABAg,iRVVXaU6zGY,@Number-wq3fq,http://www.youtube.com/@Number-wq3fq,2026-09-10T18:46:05Z,2026-09-10T18:46:05Z,False,0,"Two days to prepare? Miraculous! Can finally get my predictions in ahead of the first game so here we go
Aston Villa 3 Nottingham Forest 1
Bournemouth 2 Brentford 0
Chelsea 2 Hull 1
Crystal Palace 2 Ipswich 0
Liverpool 3 Fulham 0
Tottenham 1 Everton 2
Sunderland 0 Arsenal 3
Man Utd 2 Man City 1
Coventry 0 Brighton 2
Leeds 1 Newcastle 3"
Ugx899xLYqrc0Betp1R4AaABAg,iRVVXaU6zGY,@Filip_games_real,http://www.youtube.com/@Filip_games_real,2026-09-10T18:45:15Z,2026-09-10T18:45:15Z,False,1,"Aston Villa 2-1 Nottingham forest
Bournemouth 1-2 Brentford
Chelsea 3-0 Hull
Crystal Palace 3-1 Ipswich
Liverpool 3-1 Fulham
Tottenham 1-2 Everton
Sunderland 0-1 Arsenal
Coventry 1-3 Brighton
Man united 1-2 Man city
Leeds 3-2 Newcastle"
UgwzAjmUI38kFDuK1gF4AaABAg,iRVVXaU6zGY,@memoelrey13,http://www.youtube.com/@memoelrey13,2026-09-10T18:44:54Z,2026-09-10T18:44:54Z,False,0,"Aston Villa 1 - 1 Nottingham Forest 

Bournemouth 2 - 1 Brentford

Chelsea 3 - 1 Hull City

Crystal Palace 2 - 1 Ipswich Town

Liverpool 2 - 1 Fulham

Tottenham 1 - 2 Everton

Sunderland 0 - 1 Arsenal

Coventry 1 - 1 Brighton Hove & Albion

Manchester United 1 - 2 Manchester City

Leeds United 1 - 0 Newcastle United"
UgyU-AKRZJk73gbfL2Z4AaABAg,iRVVXaU6zGY,@ZeroComments7,http://www.youtube.com/@ZeroComments7,2026-09-10T18:42:45Z,2026-09-10T18:42:45Z,False,0,"Predictions:

Aston Villa 2 Nottingham Forrest 2
Bournemouth 1 Brentford 3
Chelsea 4 Hull 1
Crystal Palace 2 Ipswitch 1
Liverpool 3 Fulham 1
Tottenham 0 Everton 2
Sunderland 1 Arsenal 3
Coventry 2 Brighton 1
Man United 1 Man City 2
Leeds 0 Newcastle 2"
UgxtqcCodfFGMlF5a094AaABAg,iRVVXaU6zGY,@proachievementhunter8201,http://www.youtube.com/@proachievementhunter8201,2026-09-10T18:42:27Z,2026-09-10T18:42:27Z,False,0,"Aston Villa 1 Nottingham Forest 1
Bournemouth 1 Brighton 1
Chelsea 2 Hull 0
Crystal Palace 2 Ipswich 1
Liverpool 3 Fulham 1
Tottenham 1 Everton 1
Sunderland 0 Arsenal 1
Coventry 2 Brighton 4
Man United 1 Man City 1
Leeds 1 Newcastle 2"
Ugw6KhPLpxb6yJR92nR4AaABAg,iRVVXaU6zGY,@jakelong2893,http://www.youtube.com/@jakelong2893,2026-09-10T18:41:25Z,2026-09-10T18:41:25Z,False,0,"Aston Villa 1-1 Forest
Bournemouth 2-3 Brentford
Chelsea 2-1 Hull
Palace 1-2 Ipswich
Liverpool 3-1 Fulham
Tottenham 1-1 Everton
Sunderland 0-2 Arsenal
Coventry 0-3 Brighton
Man United 1-2 Man City
Leeds 2-2 Newcastle"
UgwLmCQ9GqmN5zKyyV54AaABAg,iRVVXaU6zGY,@Nathan._.0403,http://www.youtube.com/@Nathan._.0403,2026-09-10T18:40:08Z,2026-09-10T18:40:08Z,False,0,"Aston Villa 1 - 1 Forest
Bournemouth 1 - 2 Brentford
Chelsea 3 - 0 Hull
Palace 2 - 2 Ipswich
Liverpool 4 - 1 Fulham
Tottenham 2 - 0 Everton
Sunderland 0 - 1 Arsenal
Coventry 1 - 3 Brighton
Man United 1 - 2 Man City
Leeds 1 - 1 Newcastle"
Ugzj6bGKQJ3M4882rVh4AaABAg,iRVVXaU6zGY,@EuanHaldane,http://www.youtube.com/@EuanHaldane,2026-09-10T18:39:54Z,2026-09-10T18:39:54Z,False,0,"Villa 1 Forest 1
Bournemouth 2 Brentford 3
Chelsea 1 Hull 0
Palace 2 Ipswich 0
Liverpool 3 Fulham 1
Spurs 0 Everton 1
Sunderland 0 Arsenal 2
Coventry 2 Brighton 0
Man united 3 City 2
Leeds 1 Newcastle 1"
UgxB5ksnLrc_W3fJEKl4AaABAg,iRVVXaU6zGY,@DomKnight-r4i,http://www.youtube.com/@DomKnight-r4i,2026-09-10T18:39:51Z,2026-09-10T18:39:51Z,False,0,"Aston villa v Nottingham 1-0
Bournemouth v Brentford 0-0 
Chelsea v hull 3-0
Palace v Ipswich 2-0
Liverpool v Fulham 2-0
Tottenham v Everton 1-0
Sunderland v arsenal 0-2
Coventry v Brighton 2-2
Man united v man city 1-3
Leeds v Newcastle 2-0"
UgwQcXygjaQyP8gYxzR4AaABAg,iRVVXaU6zGY,@nyendwakabayi3323,http://www.youtube.com/@nyendwakabayi3323,2026-09-10T18:39:37Z,2026-09-10T18:39:37Z,False,0,"Aston Villa 1-1 Nottingham forest

Bournemouth 0-2 Brentford

Chelsea 4-0 Hull City

Crystal Palace 2-1 Ipswich

Liverpool 3-0 Fulham

Tottenham 1-0 Everton

Sunderland 1-3 Arsenal

Coventry 0-2 Brighton

Man United 4-2 Man City

Leeds 0-0 Newcastle"
UgyePqwKEUg-XSRsV_t4AaABAg,iRVVXaU6zGY,@ItsTheBoombox,http://www.youtube.com/@ItsTheBoombox,2026-09-10T18:39:04Z,2026-09-10T18:39:04Z,False,0,Betting on Arsenal to concede given how their first 5 games went is certainly an Irishguy prediction.
Ugx3LN6F_ralJr8xBEN4AaABAg,iRVVXaU6zGY,@williamhawkridge6613,http://www.youtube.com/@williamhawkridge6613,2026-09-10T18:38:15Z,2026-09-10T18:39:25Z,True,0,"My predictions
Aston Villa 1-2 Nottingham Forest
Bournemouth 1-1 Brentford
Chelsea 3-0 Hull City
Crystal Palace 1-1 Ipswich
Liverpool 3-1 Fulham
Tottenham 0-1 Everton
Sunderland 0-2 Arsenal
Coventry 0-1 Brighton
Man United 2-2 Man City
Leeds 1-1 Newcastle"
UgwoNK6i9k4DCiDns-x4AaABAg,iRVVXaU6zGY,@reecetheblack8901,http://www.youtube.com/@reecetheblack8901,2026-09-10T18:38:03Z,2026-09-10T18:38:03Z,False,0,"GameWeek 4 predictions-

Aston Villa 1-1 Nottingham Forest
Bournemouth 1-2 Brentford
Chelsea 3-0 Hull City
Crystal Palace 2-0 Ipswich
Liverpool 2-0 Fulham
Tottenham 1-2 Everton
Sunderland 0-3 Arsenal
Coventry 0-1 Brighton
Man United 1-4 Man City
Leeds 1-2 Newcastle"
UgzBLT60GeGqVUWG0uB4AaABAg,iRVVXaU6zGY,@dominictyler1766,http://www.youtube.com/@dominictyler1766,2026-09-10T18:37:46Z,2026-09-10T18:37:46Z,False,0,"Aston Villa 1 Nottingham forest 1 
Bournemouth 2 Brentford 1
Chelsea 3 hull 0
Palace 0 Ipswich 0
Liverpool 4 Fulham 1
Tottenham 0 Everton 1 
Sunderland 0 Arsenal 2
Coventry 0 Brighton 3
Man united 1 Man City 2 
Leeds 1 Newcastle 1"
Ugwg4iBPBF2rzkGpNA14AaABAg,iRVVXaU6zGY,@AJD45,http://www.youtube.com/@AJD45,2026-09-10T18:37:40Z,2026-09-10T18:37:40Z,False,0,"Bournemouth 1 - Brentford 1
Aston Villa 2 - Nottingham forest 2
Chelsea 3 - Hull 1
Crystal palace 2 - Ipswich 1
Liverpool 3 - Fulham 1
Spurs 1 - Everton 1
Sunderland 0 - arsenal 2
Coventry 1 - Brighton 3
Manchester United 3 - Manchester city 1
Leeds 1 - Newcastle 2"
Ugwu1hxK5OVjBR9mDKh4AaABAg,iRVVXaU6zGY,@SilverCapybara94,http://www.youtube.com/@SilverCapybara94,2026-09-10T18:37:10Z,2026-09-10T18:37:10Z,False,0,"Villa 3 Forest 2
Bournemouth 2 Brentford 2
Chelsea 2 Hull 0
Crystal Palace 3 Ipswich Town 1
Liverpool 2 Fulham 1
Tottenham 1 Everton 3
Sunderland 1 Arsenal 2
Coventry 0 Brighton 4
Man United 2 Man City 1
Leeds 3 Newcastle 2"
UgzkFkQAthiIrAyTIpJ4AaABAg,iRVVXaU6zGY,@dracotempest4053,http://www.youtube.com/@dracotempest4053,2026-09-10T18:37:05Z,2026-09-10T18:37:05Z,False,0,"getting it in early
Liverpool 2-0 Fulham
Palace 2-1 Ipswich
bournemouth 0-3 brentford
Villa 2-0 Forest
Chelsea 3-1 Hull
Spurs 1-1 Everton
arsenal 2-0 sunderland
brighton 3-1 coventry
Man United 2-1 Man City
newcastle 3-2 Leeds"
UgzoYkpF43P3LmV0n0N4AaABAg,iRVVXaU6zGY,@raineroooo4553,http://www.youtube.com/@raineroooo4553,2026-09-10T18:36:25Z,2026-09-10T18:36:25Z,False,0,"Gameweek 4:
Liverpool 3 Fulham 2
Palace 3 Ipswich Town 0
Bournmouth 2 Brentford 2
Aston Villa 3 Nottm Forest 1
Chelsea 0 Hull 1
Spurs 3 Everton 1
Sunderland 1 Arsenal 3
Coventry 1 Brighton 4
Man United 2 Man City 0
Leeds 1 Newcastle 1"
UgwK61_RTbTAE5UU7kl4AaABAg,iRVVXaU6zGY,@ramii0_0,http://www.youtube.com/@ramii0_0,2026-09-10T18:34:35Z,2026-09-10T18:34:35Z,False,0,"Bournemouth 2:1 Brentford
Aston Villa 1:1 Nottingham Forest 
Chelsea 2:0 Hull
Crystal Palace 1:2 Ipswich
Liverpool 2:0 Fulham 
Spurs 1:1 Everton
Sunderland 0:2 Arsenal
Coventry 1:3 Brighton
Man United 0:2 Man City
Leeds 2:1 Newcastle"
Ugx_TLpqgon7ZP5mhDx4AaABAg,iRVVXaU6zGY,@kamaujohn6303,http://www.youtube.com/@kamaujohn6303,2026-09-10T18:34:14Z,2026-09-10T18:34:14Z,False,0,"Aston Villa 2 Nottingham Forest 1
Bournemouth 1 Brentford 1
Chelsea 2 Hull 1
Crystal Palace 2 Ipswich 1
Liverpool 3 Fulham 1
Tottenham 2 Everton 1
Sunderland 0 Arsenal 3
Man Utd 0 Man City 1
Coventry 1 Brighton 2
Leeds 1 Newcastle 3"
Ugx6JQg6vgjSaaQBexB4AaABAg,iRVVXaU6zGY,@benwest3929,http://www.youtube.com/@benwest3929,2026-09-10T18:33:40Z,2026-09-10T18:33:40Z,False,0,"First time protecting
Week 4 
Bournemouth 1-1 Brentford

Aston Villa 2-1 Nottingham Forest

Chelsea 1-1 hull city

Crystal Palace 3 -2 Ipswich town

Liverpool 5-0 Fulham 

Tottenham 1-3 Everton 

Sunderland 0-2 arsenal 

Coventry City1-0 Brighton

Man united 2-2 Man City 

Leeds 1-1 Newcastle"
UgwAi-8y14iOKV9B8Rl4AaABAg,iRVVXaU6zGY,@danielrogers3070,http://www.youtube.com/@danielrogers3070,2026-09-10T18:33:35Z,2026-09-10T18:33:35Z,False,0,"Villa v Notts Forest 2:0
Bournemouth v Brentford 2:1
Chelsea v Hull 3:1
Crystal palace v Ipswich 1:1
Liverpool v Fulham 4:0
Tottenham v Everton 2:1
Sunderland v Arsenal 0:2
Man United v Man City 3:1
Leeds v Newcastle 2:1"
UgwFMd1ZsSU6LdlGprV4AaABAg,iRVVXaU6zGY,@Wondersoc,http://www.youtube.com/@Wondersoc,2026-09-10T18:33:28Z,2026-09-10T18:33:28Z,False,0,"Aston Villa 2-2 Nottingham Forest
Bournemouth 1-2 Brentford
Chelsea 4-2 Hull City
Crystal Palace 1-1 Ipswich
Liverpool 2-0 Fulham
Tottenham 2-1 Everton
Sunderland 0-2 Arsenal
Coventry 0-1 Brighton
Man United 2-2 Man City
Leeds 2-1 Newcastle"
UgytZsECz3tDlOLV_X94AaABAg,iRVVXaU6zGY,@ConnorPenfold,http://www.youtube.com/@ConnorPenfold,2026-09-10T18:32:44Z,2026-09-10T18:32:44Z,False,1,"My Gameweek 4 Predictions:

Liverpool 2 Fulham 1
Crystal Palace 1 Ipswich Town 1
Bournemouth 2 Brentford 2
Aston Villa 1 Nottingham Forest 1
Chelsea 3 Hull City 1
Tottenham Hotspur 1 Everton 1
Sunderland 1 Arsenal 2
Coventry City 1 Brighton 2
Manchester United 1 Manchester City 1
Leeds United 2 Newcastle United 2"
UgwpW-0qTLXmeh9LueN4AaABAg,iRVVXaU6zGY,@EmenussGOamazing,http://www.youtube.com/@EmenussGOamazing,2026-09-10T18:32:26Z,2026-09-10T18:32:26Z,False,0,"Liverpool 3 Fulham 1
Crystal Palace 1 Ipswich Town 0
Bournmouth 2 Brentford 1
Aston Villa 1 Nottm Forest 0
Chelsea 4 Hull 0
Spurs 1 Everton 2
Sunderland 0 Arsenal 3
Coventry 0 Brighton 3
Man United 1 Man City 1
Leeds 0 Newcastle 2"
UgwWivUMvrXv2bge3jd4AaABAg,iRVVXaU6zGY,@12tentacao,http://www.youtube.com/@12tentacao,2026-09-10T18:31:44Z,2026-09-10T18:31:44Z,False,0,"Aston Villa 1 - 2 Nottingham Forest
Bournemouth  2 - 2 Brentford
Chelsea 3 - 2 Hull City
Crystal Palace 1 - 2 Ipswich Town
Liverpool 3 - 0 Fulham
Tottenham 1 - 0 Everton
Sunderland 0 - 2 Arsenal
Coventry 1 - 1 Brighton Hove & Albion
Manchester United 2 - 0 Manchester City 
Leeds United 0 - 1 Newcastle United"
UgzAYN2AlLz6urQKH6Z4AaABAg,iRVVXaU6zGY,@lukecummins4403,http://www.youtube.com/@lukecummins4403,2026-09-10T18:31:07Z,2026-09-10T18:31:07Z,False,0,"Villa 2-1 Forest
Bournemouth 2-2 Brentford 
Chelsea 3-1 Hull
Crystal Palace 2-0 Ipswich 
Liverpool 2-1 Fulham 
Tottenham 2-1 Everton
Sunderland 0-2 Arsenal 
Coventry 0-3 Brighton
Man Utd 2-1 Man City 
Leeds 2-0 Newcastle"
Ugz5HMcG4oShz70TfTx4AaABAg,iRVVXaU6zGY,@paulhardy8710,http://www.youtube.com/@paulhardy8710,2026-09-10T18:31:05Z,2026-09-10T18:31:05Z,False,0,"Aston Villa v Nottm Forest 1:1 
Bournemouth v Brentford 1:2
Liverpool v Fulham 3:0
Crystal Palace v Ipswich 1:1
Chelsea v Hull 4:1
Spurs v Everton 0:1
Sunderland v Arsenal 0:2
Coventry v Brighton 0:3
Man United v Man City 1:2
Leeds v Newcastle 2:2"
Ugx_w7_4V4e56nqctjh4AaABAg,iRVVXaU6zGY,@lorenzomartinez8543,http://www.youtube.com/@lorenzomartinez8543,2026-09-10T18:30:49Z,2026-09-10T18:30:49Z,False,0,"Aston Villa 1:2 Nottingham Forest 
Bournemouth 2:2 Brentford
Chelsea 2:0 Hull City
Crystal Palace 1:0 Ipswich
Liverpool 2:0 Fulham
Tottenham 1:1 Everton
Sunderland 1:2 Arsenal
Coventry 0:4 Brighton
Man Utd 1:3 Man City
Leeds 0:1 Newcastle"
Ugz4gpvVY09O7ODgYM54AaABAg,iRVVXaU6zGY,@A_k_a_r_i_i,http://www.youtube.com/@A_k_a_r_i_i,2026-09-10T18:29:54Z,2026-09-10T18:29:54Z,False,0,"Liverpool vs Fulham: 4-1
Bournemouht vs Brentford: 2-2
Chelsea vs Hull: 4-2
Aston Villa vs Nottingham: 1-3
Crystal Palace vs Ipswich: 2-0
Spurs vs Everton: 3-1
Sunderland vs Arsenal: 0-1
Coventry vs Brighton: 0-3
Man U vs Man City: 1-3
Leeds vs Newcastle: 3-2"
Ugx37yDFCzSxNHkhEcx4AaABAg,iRVVXaU6zGY,@ConnorPenfold,http://www.youtube.com/@ConnorPenfold,2026-09-10T18:29:22Z,2026-09-10T18:29:22Z,False,13,I wasn’t expecting this quite this early
UgwXsRUwJ760mLyscXV4AaABAg,iRVVXaU6zGY,@irishlad_3,http://www.youtube.com/@irishlad_3,2026-09-10T18:29:18Z,2026-09-10T18:29:18Z,False,6,"When irish guy does his prem table based on predictions Liverpool will be top on 110 points cause he'll have them win every week with iralola, except 2 draws for Newcastle"
UgyvaIowuk-5EPHXM9F4AaABAg,iRVVXaU6zGY,@willharvison3898,http://www.youtube.com/@willharvison3898,2026-09-10T18:29:04Z,2026-09-10T18:29:04Z,False,0,"Liverpool 3 Fulham 0
Palace 3 Ipswich 0
Bournemouth 2 Brentford 2
Aston Villa 2 Nottingham Forest 1
Chelsea 4 Hull 1
Spurs 1 Everton 1
Sunderland 0 Arsenal 2
Coventry 0 Brighton 2
Man United 2 Man City 3
Leeds 1 Newcastle 2"
UgzqSLnoQdvZQ4VdVgx4AaABAg,iRVVXaU6zGY,@pinkgoose989,http://www.youtube.com/@pinkgoose989,2026-09-10T18:28:21Z,2026-09-10T18:28:21Z,False,0,"Aston Villa 2 Forest 1
Bournemouth 2 Brentford 2
Chelsea 3 Hull 1
Palace 0 Ipswich 0
Liverpool 3 Fulham 0
Tottenham 1 Everton 0
Sunderland 0 Arsenal 2
Coventry 0 Brighton 2
Man United 2 Man City 1
Leeds 1 Newcastle 2"
UgzQ9ki3OPrPG9iWah94AaABAg,iRVVXaU6zGY,@TGold7,http://www.youtube.com/@TGold7,2026-09-10T18:28:15Z,2026-09-10T18:28:15Z,False,0,"Aston villa v Nottm Forest 0 1
Bournemouth v Brentford 1 3
Chelsea v Hull 4 2
Liverpool v Fulham 2 0
Crystal Palace v Ipswich 2 2
Tottenham v Everton 0 1
Sunderland v Arsenal 0 1
Coventry v Brighton 1 3
Man United v Man City 1 3
Leeds v Newcastle 2 2"
UgwkMrJ-Zd1sZsZLbdN4AaABAg,iRVVXaU6zGY,@toko429,http://www.youtube.com/@toko429,2026-09-10T18:27:21Z,2026-09-10T18:27:21Z,False,0,"Predictions:
Aston Villa 2-2 Notingham Forest
Bournemouth 0-2 Brentford
Chelsea 3-1 Hull
Crystal Palace 1-1 Ipswich
Liverpool 3-0 Fulham
Spurs 1-0 Everton
Sunderland 0-0 Arsenal
Coventry city 1-2 Brighton
Man United 1-2 Man City
Leeds 2-4 Newcastle"
UgwDEwKGWSJQ-iC2_eN4AaABAg,iRVVXaU6zGY,@Darko_Milosevski03,http://www.youtube.com/@Darko_Milosevski03,2026-09-10T18:27:18Z,2026-09-10T18:27:18Z,False,7,"My predictions for Gameweek 4

Aston Villa 2 Nottingham Forest 1
Bournemouth 1 Brentford 2
Chelsea 3 Hull 1
Crystal Palace 2 Ipswich 1
Liverpool 3 Fulham 1
Tottenham 2 Everton 1
Sunderland 0 Arsenal 1
Man Utd 1 Man City 2
Coventry 1 Brighton 3
Leeds 2 Newcastle 2"
Ugwj0qdqiBBwdsL0uCV4AaABAg,iRVVXaU6zGY,@Kaltyre,http://www.youtube.com/@Kaltyre,2026-09-10T18:26:45Z,2026-09-10T18:26:45Z,False,0,"Liveepool 2 - 0 Fulham
Chelsea 3 - 1 Hull
Aston Villa 1 - 0 Forest
Crystal Palace 2 - 1 Ipswich
Bournemouth 1 - 2 Brentford
Tottenham 1 - 2 Everton
Sunderland 0 - 2 Arsenal
Coventry 1 - 1 Brighton
Man United 2 - 3 Man City
Leeds 1 - 2 Newcastle"
Ugyc6_H4M2ElHdqRCeB4AaABAg,iRVVXaU6zGY,@georgewells4136,http://www.youtube.com/@georgewells4136,2026-09-10T18:25:45Z,2026-09-10T18:25:45Z,False,0,"Villa 2 Forest 2 
Bournemouth 1 Brentford 2
Chelsea 5 Hull 0 
Palace 2 Ipswich 1  
Liverpool 4 Fulham 1

Tottenham 1 Everton 1 
Sunderland 0 Arsenal 2 
Coventry 1 Brighton 2
Man Utd 1 Man City 3
Leeds 2 Newcastle 2"
Ugx4qT792vUcgLK9Pp54AaABAg,iRVVXaU6zGY,@j.cdonascimentotavares5570,http://www.youtube.com/@j.cdonascimentotavares5570,2026-09-10T18:25:30Z,2026-09-10T18:25:30Z,False,13,"5:39 - 6:09 "" Netflix and Chillwell."" It is SO BAD , it actually is low key decent.... 😅🤣😭"
UgwFeaf3qclhCc6NsKl4AaABAg,iRVVXaU6zGY,@lilpeth67,http://www.youtube.com/@lilpeth67,2026-09-10T18:25:30Z,2026-09-10T18:25:30Z,False,0,Aston Villa 3-1 Forest Bournemouth 1-1 Brentford Chelsea 3-0 Hull City Palace 0-0 Ipswich Liverpool 4-1 Fulham Tottenham 2-2 Everton Sunderland 0-2 Arsenal Coventry 2-1 Brighton Man United 3-2 Man City Leeds United 0-1 Newcastle
Ugy8Tels7m9ttqBOnZB4AaABAg,iRVVXaU6zGY,@ryandarbyshire5046,http://www.youtube.com/@ryandarbyshire5046,2026-09-10T18:23:41Z,2026-09-10T18:23:41Z,False,0,"Aston Villa 1 Nottingham Forest 1 
Bournemouth 2 Brentford 2 
Chelsea 2 Hull City 1 
Crystal Palace 2 Ipswich Town 0 
Liverpool 3 Fulham 1 
Tottenham 1 Everton 1 
Sunderland 1 Arsenal 2 
Coventry 1 Brighton 1 
Man United 1 Man City 3 
Leeds United 2 Newcastle 0"
UgzZOM8KoAQmNNV41Ml4AaABAg,iRVVXaU6zGY,@LibanAbdi-n5l,http://www.youtube.com/@LibanAbdi-n5l,2026-09-10T18:22:27Z,2026-09-10T18:22:27Z,False,0,"Aston Villa 2 v Forest 1
Bournemouth 1 v Brentford 3
Chelsea 3 v Hull 1
Palace 2 v Ipswich 0
Liverpool 2 v Fulham 0
Tottenham 1 v Everton 0
Sunderland 1 v Arsenal 3
Coventry 1 v Brighton 4
Man United 2 v Man City 2
Leeds 0 v Newcastle 2"
Ugyu5fEYZ0-zIo_ScPB4AaABAg,iRVVXaU6zGY,@CharlieMogg-zl4wl,http://www.youtube.com/@CharlieMogg-zl4wl,2026-09-10T18:22:21Z,2026-09-12T10:17:56Z,True,1,"My gameweek 4 predictions  
Aston Villa 1:0 Nottingham forest Bournemouth 1:2 Brentford 
Chelsea 3:1 Hull
Crystal 1:0 Ipswich 
Liverpool 3:0 Fulham
Tottenham 1:1 Everton 
Sunderland 0:2 Arsenal 
Coventry 1:1 Brighton 
Man United 0:2 Man City
Leeds 0:1 Newcastle"
UgyfcDUeFnsplyLSY394AaABAg,iRVVXaU6zGY,@TheFinalHoss,http://www.youtube.com/@TheFinalHoss,2026-09-10T18:22:11Z,2026-09-10T18:22:11Z,False,0,"My predictions:

Aston villa 2 Forest 1
Bournemouth 1 Brentford 0
Chelsea 3 Hull 1
Palace 1 Ipswich 0
Liverpool 2 Fulham 1
Tottenham 0 Everton 2
Sunderland 0 Arsenal 1
Coventry 1 Brighton 3
Man utd 2 Man city 2
Leeds 1 Newcastle 1"
Ugzoxv03FxpJpzJ07Dp4AaABAg,iRVVXaU6zGY,@charlienotcharles4137,http://www.youtube.com/@charlienotcharles4137,2026-09-10T18:21:37Z,2026-09-10T18:21:37Z,False,0,"Aston Villa 2 Nottingham Forest 0
Bournemouth 1 Brentford 2
Chelsea 4 Hull 1
Crystal Palace 1 Ipswich 0
Liverpool 2 Fulham 0
Tottenham 2 Everton 2
Sunderland 1 Arsenal 2
Coventry 1 Brighton 1
Manchester United 2 Manchester City 1
Leeds 1 Newcastle 1"
UgxCplXq3tTNvme3TlJ4AaABAg,iRVVXaU6zGY,@abhedyaagarwal5054,http://www.youtube.com/@abhedyaagarwal5054,2026-09-10T18:20:37Z,2026-09-10T18:20:37Z,False,0,"The website looks absolutely amazing. If you need the comment in a particular format just let us know

Aston Villa 0-2 Nottingham Forest
Bournemouth 1-2 Brentford
Chelsea 4-2 Hull
Palace 0-1 Ipswich
Liverpool 3-0 Fulham
Tottenham 2-2 Everton
Sunderland 0-2 Arsenal
Coventry 0-4 Brighton
Man Utd 2-2 Man City
Leeds 1-2 Newcastle"
UgzR-5T-RVi8n1PaSi14AaABAg,iRVVXaU6zGY,@eliashaugenberg5879,http://www.youtube.com/@eliashaugenberg5879,2026-09-10T18:20:33Z,2026-09-10T18:20:33Z,False,2,"My Premier League gameweek 4

Liverpool vs Fulham: 2-0
Bournemouht vs Brentford: 0-1
Chelsea vs Hull: 1-0
Aston Villa vs Nottingham: 1-1
Crystal Palace vs Ipswich: 2-0
Spurs vs Everton: 2-2
Sunderland vs Arsenal: 1-3
Coventry vs Brighton: 0-2
Man U vs Man City: 2-2
Leeds vs Newcastel: 1-1"
UgyTbtK-lKtJCQm3XQJ4AaABAg,iRVVXaU6zGY,@ghostdavid4838,http://www.youtube.com/@ghostdavid4838,2026-09-10T18:20:12Z,2026-09-10T18:20:12Z,False,2,"My Predictions (glad u doing this early now):

Aston Villa 1 - 1 Nottingham Forest
Bournemouth  1 - 1 Brentford
Chelsea 4 - 0 Hull City
Crystal Palace 3 - 2 Ipswich Town
Liverpool 2 - 2 Fulham
Tottenham 1 - 2 Everton
Sunderland 0 - 0 Arsenal
Coventry 0 - 1 Brighton Hove & Albion
Manchester United 0 - 2 Manchester City 
Leeds United 0 - 0 Newcastle United"
UgyYX8vrV_EuX829qCh4AaABAg,iRVVXaU6zGY,@AyushSharma-qy2si,http://www.youtube.com/@AyushSharma-qy2si,2026-09-10T18:20:04Z,2026-09-10T18:20:04Z,False,0,"Bournemouth 2-1 Brentford
Aston villa 2-2 forest
Chelsea 3-1 Hull
Crystal palace 2-1 ipswich
Liverpool 2-0 fulham
Spurs 2-1 Everton
Sunderland 1-2 Arsenal
Coventry  1-0 brighton 
Manu 3-2 manc
Leeds 0-0 Newcastle"
UgyGb1nyyJO8rmGTOG94AaABAg,iRVVXaU6zGY,@strikeyz,http://www.youtube.com/@strikeyz,2026-09-10T18:19:38Z,2026-09-10T18:19:38Z,False,0,"Bournemouth 0 Brentford 3
Aston Villa 0 Nottingham Forest 1
Chelsea 1 Hull 1
Crystal Palace 2 Ipswich 1
Liverpool 2 Fulham 3
Tottenham 0 Everton 2
Sunderland 1 Arsenal 3
Coventry 1 Brighton 0
Man Utd 2 Man City 2
Leeds 0 Newcastle 0"
Ugwbkht4zj3vVi1aUst4AaABAg,iRVVXaU6zGY,@Porto5452,http://www.youtube.com/@Porto5452,2026-09-10T18:18:48Z,2026-09-10T18:18:48Z,False,0,"Aston Villa 2-1 Nottingham, Bournemouth 1-1 Brentford, Chelsea 3-2 Hull, Crystal Palace 2-1 Ipswich, Liverpool 3-0 Fulham, Tottenham 0-1 Everton, Sunderland 0-2 Arsenal, Coventry 0-1 Brighton, Manchester United 1-2 Manchester City, Leeds 2-2 Newcastle"
UgxL3SIn9moojUzXUJ54AaABAg,iRVVXaU6zGY,@SilverCapybara94,http://www.youtube.com/@SilverCapybara94,2026-09-10T18:18:20Z,2026-09-10T18:18:20Z,False,6,"My prayers have been answered. Thank you, Susan!"
UgwtSxdq8v0llM8D5C94AaABAg,iRVVXaU6zGY,@gainzwithglenn,http://www.youtube.com/@gainzwithglenn,2026-09-10T18:18:17Z,2026-09-10T18:18:17Z,False,0,"Aston Villa 2-2 Nottingham Forest
Bournemouth 2-1 Brentford
Chelsea 4-1 Hull
Crystal Palace 2-0 Ipswich
Liverpool 3-1 Fulham
Spurs 1-0 Everton
Sunderland 1-2 Arsenal
Coventry 1-1 Brighton
Man United 0-2 Man City
Leeds 2-1 Newcastle"
UgyfYOB4irXMDcLQm3Z4AaABAg,iRVVXaU6zGY,@adcid93,http://www.youtube.com/@adcid93,2026-09-10T18:15:52Z,2026-09-10T18:15:52Z,False,0,"Bournemouth 0-2 Brentford
Villa 1-1 forest
Chelsea 4-1 hull
Palace 2-0 Ipswich
Liverpool 2-1 Fulham
Spurs 1-2 Everton 
Sunderland 0-2 Arsenal
Coventry 0-1 Brighton
Man City 2-1 man united
Leeds 0-0 Newcastle"
UgxlAh8-4cSiLwr0Lqt4AaABAg,iRVVXaU6zGY,@Kingcuba137,http://www.youtube.com/@Kingcuba137,2026-09-10T18:15:30Z,2026-09-10T18:17:42Z,True,0,"Aston Villa 2- Nottingham Forest 2
Bournemouth 1- Brentford 2
Chelsea 3- Hull City 0
Crystal Palace 1- Ipswich 1
Liverpool 3- Fulham 1
Tottenham 1- Everton 2
Sunderland 2- Arsenal 2
Coventry 1- Brighton 3
Manchester United 3- Manchester city 2
Leeds 2- Newcastle 1

I spell all names right this time please count all i miss 2 points already ;(;("
Ugz80eAR3NWwt7VcMCV4AaABAg,iRVVXaU6zGY,@electro6767,http://www.youtube.com/@electro6767,2026-09-10T18:15:23Z,2026-09-10T18:15:23Z,False,0,"Aston villa 1-1 Nottingham Forest
Bournemouth 2-1 Brentford
Chelsea 3-1 Hull City 
Crystal Palace 3-1 Ipswich Town
Liverpool 2-0 Fulham
Tottenham 1-2 Everton 
Sunderland 1-1 Arsenal
Coventry 0-3 Brighton
Manchester United 2-2 Manchester City
Leeds 1-1 Newcastle United"
Ugzoe8IaDOJ2r61M_zN4AaABAg,iRVVXaU6zGY,@Manof0talents,http://www.youtube.com/@Manof0talents,2026-09-10T18:15:19Z,2026-09-10T18:15:19Z,False,0,"Bournemouth 1-2 Brentford
Aston Villa 1-1 Forest
Chelsea 2-1 Hull
Crystal Palace 1-2 Ipswich
Liverpool 3-1 Fulham
Tottenham 0-1 Everton
Sunderland 1-2 Arsenal
Coventry 1-1 Brighton
Man United 1-1 Man City
Leeds 2-1 Newcastle"
UgxZbuB7RYpnHwoeQFR4AaABAg,iRVVXaU6zGY,@aaronparker111,http://www.youtube.com/@aaronparker111,2026-09-10T18:15:15Z,2026-09-10T18:15:15Z,False,0,"Gameweek 4 predictions
 Aston Villa 1-1  Forest
 Bournemouth 2-2 Brentford
 Chelsea 3-0 Hull
 Palace 2-1Ipswich
 Liverpool 3-1 Fulham
 Tottenham 1-1 Everton
 Sunderland 1-4 Arsenal
 Coventry 0-2Brighton
 Man United 2-3 Man City
 Leeds 1-1Newcastle"
Ugx-nA8Tv3e7caI2D3R4AaABAg,iRVVXaU6zGY,@ExoticalOfficial,http://www.youtube.com/@ExoticalOfficial,2026-09-10T18:14:40Z,2026-09-10T18:14:40Z,False,0,"Villa vs forest 0-1
Bournemouth 1-1 Brentford 
Chelsea 3-1 hull  
Palace 0-2 Ipswich 
Tottenham 0-2 Everton 
Sunderland 0-2 Arsenal 
Coventry 0-3 Brighton
 United 1-2 city 
Leeds 1-0 newcastle"
UgwrKsq_-MQEBEoocNd4AaABAg,iRVVXaU6zGY,@keelanduffy6024,http://www.youtube.com/@keelanduffy6024,2026-09-10T18:14:15Z,2026-09-10T18:14:15Z,False,0,"Aston Villa 1 Nottingham Forest 1
Bournemouth 1 Brentford 2
Chelsea 4 Hull 0
Crystal Palace 3 Ipswich 1
Liverpool 3 Fulham 1
Tottenham 1 Everton 1
Sunderland 0 Arsenal 1
Coventry 2 Brighton 2
Man United 2 Man City 2
Leeds 1 Newcastle 0"
Ugzz86tcBERupBI4I_p4AaABAg,iRVVXaU6zGY,@missleafeatheleafeon2593,http://www.youtube.com/@missleafeatheleafeon2593,2026-09-10T18:14:07Z,2026-09-10T18:14:07Z,False,3,"Aston Villa 8-2 Nottingham Forest
Bournemouth 7-8 Brentford [Bournemouth 7 nil up HT]
Chelsea 1-18 Hull
Crystal Palace 3-9 Nintendo Ipswich
Liverpool 1-6 Fulham
Tottenham 0-22 Everton
Sunderland 17-17 Arsenal
Coventry 0-3 Brighton
Manchester United Negative 3-7 Manchester City
Leeds 8-1 Newcastle [Leeds sign entire Newcastle squad at FT]"
UgwSKLf1QcyMvap1-IJ4AaABAg,iRVVXaU6zGY,@jiken220,http://www.youtube.com/@jiken220,2026-09-10T18:13:51Z,2026-09-10T18:13:51Z,False,0,"Aston Villa 1 Nottingham Forest 2
AFC Bournemouth 2 Brentford 1
Chelsea 2 Hull City 1
Crystal Palace 1 Ipswich Town 1
Liverpool 3 Fulham 1
Tottenham Hotspur 0 Everton 1
Sunderland 0 Arsenal 3
Coventry City 0 Brighton & Hove Albion 4
Manchester United 1 Manchester City 3
Leeds United 1 Newcastle United 3"
UgzX2E-aME0-IEmbl5N4AaABAg,iRVVXaU6zGY,@kylere2k9,http://www.youtube.com/@kylere2k9,2026-09-10T18:13:20Z,2026-09-10T18:13:20Z,False,0,"Finally I won’t miss the first game, given I’m 4th in the table so far 😅

Aston Villa 2 Forest 1
Bournemouth 1 Brentford 1
Chelsea 1 Hull 1
Crystal Palace 3 Ipswich 1
Liverpool 2 Fulham 0
Spurs 1 Everton 2
Sunderland 0 Arsenal 1
Coventry 1 Brighton 1
Man United 3 Man City 2
Leeds 1 Newcastle 3

Hopefully my streak continues to keep doing well!"
UgyJCNfE8SIkaUtm2vx4AaABAg,iRVVXaU6zGY,@cianmatthews3723,http://www.youtube.com/@cianmatthews3723,2026-09-10T18:13:17Z,2026-09-10T18:13:17Z,False,0,"Liverpool 3-0 Fulham 
Crystal Palace 1-0 Ipswich 
Bournemouth 2-1 Brentford 
Aston villa 2-1 Nottingham Forest 
Chelsea 3-0 Hull
Spurs 1-0 Everton 
Sunderland 0-2 Arsenal 
Coventry 1-3 Brighton 
Man United 0-2 Man 
Leeds 1-1 Newcastle"
UgzIM-23Qtv4fDKu-qd4AaABAg,iRVVXaU6zGY,@jameskelvin9360,http://www.youtube.com/@jameskelvin9360,2026-09-10T18:12:55Z,2026-09-10T18:14:40Z,True,0,"Aston Villa 2-0 Nottingham Forest 
Bournemouth 1-2 Brentford
Chelsea 4-1 Hull
Tottenham 0-1 Everton
Sunderland 0-0 Arsenal
Coventry 0-1 Brighton
Man Utd 3-2 Man City 
Leeds 2-2 Newcastle
Liverpool 3-0 Fulham 
Palace 2-0 Ipswich Town"
Ugw1rZKeZQaU1ACQtFN4AaABAg,iRVVXaU6zGY,@mogus581,http://www.youtube.com/@mogus581,2026-09-10T18:10:40Z,2026-09-10T18:10:40Z,False,0,"Aston Villa 0-0 Nottingham Forest
Bournemouth 2-1 Brentford
Chelsea 3-0 Hull City
Crystal Palace 0-2 Ipswich Town
Liverpool 2-1 Fulham
Tottenham 3-2 Everton
Sunderland 0-2 Arsenal
Coventry 1-1 Brighton
Manchester United 3-2 Manchester City 
Leeds United 0-0 Newcastle"
Ugzlw57Ng9FYOjI3dDl4AaABAg,iRVVXaU6zGY,@coveisyes,http://www.youtube.com/@coveisyes,2026-09-10T18:10:30Z,2026-09-10T18:10:30Z,False,0,"Here we go do we hit top 100 
does my cov bias let me down
villa 0-1 forest
bournemouth 1-1 brentford
Chelsea 0-0 Hull
Palace 2-0 Ipswich
Liverpool 2-1 Fulham
Spurs 0-1 Everton
Sunderland 0-2 Arsenal
Coventry 1-1 Brighton
Man Utd 1-2 Man City
Leeds 2-2 Newcastle"
Ugwmk9sPHP8gwvLiLhp4AaABAg,iRVVXaU6zGY,@blackbirdieyt,http://www.youtube.com/@blackbirdieyt,2026-09-10T18:10:17Z,2026-09-10T18:10:17Z,False,0,"GW4 predictions:

Aston Villa 0-1 Forest
Bournemouth 1-1 Brentford
Chelsea 3-0 Hull
Crystal Palace 3-1 Ipswich
Liverpool 3-0 Fulham
Tottenham 2-0 Everton
Sunderland 0-1 Arsenal
Coventry 2-2 Brighton 
Man United 0-2 Man City
Leeds 1-2 Newcastle"
UgyvuqYUEp4ChW2X8lN4AaABAg,iRVVXaU6zGY,@kaushaltank3305,http://www.youtube.com/@kaushaltank3305,2026-09-10T18:09:41Z,2026-09-10T18:09:41Z,False,0,"Liverpool 3 Fulham 1
Palace 2 Ipswich Town 1
Bournmouth 2 Brentford 2
Aston Villa 1 Nottm Forest 0
Chelsea 3 Hull 1
Spurs 1 Everton 1
Sunderland 1 Arsenal 3
Coventry 1 Brighton 1
Man United 1 Man City 1
Leeds 2 Newcastle 2"
Ugy5Bu1jMoyPqFvOjpB4AaABAg,iRVVXaU6zGY,@m4cle4n30,http://www.youtube.com/@m4cle4n30,2026-09-10T18:09:40Z,2026-09-10T18:09:40Z,False,0,"Bournemouth 1 0 Brentford 

Aston Villa 2 0 Nott Forest

Chelsea 2 0 Hull

Crystal Palace 3 2 Ipswich 

Liverpool 1 0 Fulham

Spurs 2 0 Everton

Sunderland 1 2 Arsenal 

Coventry 2 2 Brighton

Man United 1 1 Man City"
UgxalKZ-gDyY2GFrZtV4AaABAg,iRVVXaU6zGY,@Omer-v1y9x,http://www.youtube.com/@Omer-v1y9x,2026-09-10T18:08:23Z,2026-09-10T18:08:23Z,False,0,"Aston Villa 1-1 Nottingham forest
Bournemouth 2-1 Brentford
Chelsea 4-1 Hull
Crystal Palace 2-1 Ipswich
Liverpool 2-0 Fulham 
Tottenham 1-2 Everton
Sunderland 0-3 Arsenal
Coventry 1-3 Brighton
Manchester United 2-1 Manchester City
Leeds 2-3 Newcastle"
UgxYdq5VAagMqJBlxdN4AaABAg,iRVVXaU6zGY,@davidord2934,http://www.youtube.com/@davidord2934,2026-09-10T18:08:19Z,2026-09-10T18:08:19Z,False,0,"Aston Villa 1 Nottingham Forest 1
Bournemouth 0 Brentford 2
Chelsea 2 Hull 2
Crystal Palace 2 Ipswich 2
Liverpool 3 Fulham 2
Tottenham 0 Everton 2
Sunderland 1 Arsenal 1
Coventry 1 Brighton 1
Man UTD 0 Man City 3
Leeds 2 Newcastle 3"
Ugz_QbWS7E24FBgYE-V4AaABAg,iRVVXaU6zGY,@aakashagarwal6184,http://www.youtube.com/@aakashagarwal6184,2026-09-10T18:07:39Z,2026-09-10T18:07:39Z,False,0,"Liverpool 3 Fulham 2
Palace 2 Ipswich Town 2
Bournmouth 3 Brentford 3
Aston Villa 2 Nottm Forest 1
Chelsea 2 Hull 1
Spurs 1 Everton 1
Sunderland 1 Arsenal 2
Coventry 1 Brighton 2
Man United 1 Man City 2
Leeds 1 Newcastle 2"
UgzgjSGI0aP7u4l5bk54AaABAg,iRVVXaU6zGY,@mrgreenmario64,http://www.youtube.com/@mrgreenmario64,2026-09-10T18:07:14Z,2026-09-10T18:07:14Z,False,0,"gameweek 4 predictions (think i might have lost the plot on some of these)

Aston Villa 1-2 Nottingham Forest
Bournemouth 2-0 Brentford
Chelsea 2-2 Hull
Crystal Palace 3-1 Ipswich
Liverpool 4-1 Fulham
Tottenham 1-2 Everton
Sunderland 1-1 Arsenal
Coventry 1-3 Brighton
Manchester United 2-2 Manchester City
Leeds 2-1 Newcastle"
UgwS6u8yVH83ENeDkFJ4AaABAg,iRVVXaU6zGY,@nonstoptown6461,http://www.youtube.com/@nonstoptown6461,2026-09-10T18:06:17Z,2026-09-10T18:06:17Z,False,0,"Predictions:
Aston Villa 1 Nottingham Forest 1
Bournemouth 0 Brentford 2
Chelsea 3 Hull 2
Crystal Palace 2 Ipswich 2
Liverpool 3 Fulham 1
Tottenham 0 Everton 2
Sunderland 0 Arsenal 1
Coventry 1 Brighton 2
Man UTD 0 Man City 3
Leeds 3 Newcastle 3"
UgzOgGGsf5Lo_VB_LFl4AaABAg,iRVVXaU6zGY,@thehamyton4700,http://www.youtube.com/@thehamyton4700,2026-09-10T18:06:13Z,2026-09-10T18:06:13Z,False,1,"Aston villa v Nottm Forest 1:1
Bournemouth v Brentford 2:2
Chelsea v Hull 0:1
Liverpool v Fulham 3:1
Crystal Palace v Ipswich 1:2
Tottenham v Everton 1:3
Sunderland v Arsenal 1:4
Coventry v Brighton 1:3
Man United v Man City 2:4
Leeds v Newcastle 2:2"
UgyFmPYakMlQp3AIALl4AaABAg,iRVVXaU6zGY,@hopjoshkins,http://www.youtube.com/@hopjoshkins,2026-09-10T18:04:22Z,2026-09-10T18:04:22Z,False,0,"Let prem predictions 
Liverpool 2-1 Fulham
Palace 1-1 Ipswich
Bournemouth 0-1 Brentford
Villa 0-2 Nottingham Forest
Chelsea 4-2 Hull
Spurs 1-1 Everton
Sunderland 0-2 Arsenal
Coventry 1-2 Brighton
Man Utd 0-3 Man City
Leeds 2-2 Newcastle"
UgwcSUIsyb7rCBhm5Mx4AaABAg,iRVVXaU6zGY,@NatalieMeow1,http://www.youtube.com/@NatalieMeow1,2026-09-10T18:03:59Z,2026-09-10T18:03:59Z,False,8,"My Gameweek 4 predictions:

Aston Villa 2-1 Nottingham Forest

Bournemouth 1-1 Brentford

Chelsea 0-0 Hull City

Crystal Palace 2-0 Ipswich

Liverpool 3-1 Fulham

Tottenham 1-1 Everton

Sunderland 0-3 Arsenal

Coventry 0-2 Brighton

Man United 1-2 Man City
Leeds 1-1 Newcastle

Table based on my predictions:
1. Arsenal (10 pt, +7) (+1) (actual position: 2nd)
2. Man City (10 pt, +7) (-1) (actual position: 1st)
3. Brighton (10 pt, +5) (+1) (actual position: 10th)
4. Liverpool (10pt, +4) (+1) (actual position: 6th)
5. Man United (7pt, +3) (-2) (actual position: 11th)
6. Crystal Palace (7pt, +2) (+4) (actual position: 13th)
7. Newcastle (7pt, +1) (-) (actual position: 7th)
8. Nottingham Forest (7pt, +1) (-2) (actual position: 16th)
9. Brentford (6pt, +2) (-1) (actual position: 5th)
10. Chelsea (5pt, +2) (-1) (actual position: 4th)
11. Everton (4pt, -2) (+1) (actual position: 8th)
12. Aston Villa (4pt, -3) (+7) (actual position: 17th)
13. Sunderland (4pt, -4) (-2) (actual position: 12th)
14. Leeds (3pt, -1) (-1) (actual position: 9th)
15. Hull City (3pt, -2) (-1) (actual position: 3rd)
16. Bournemouth (2pt, -2) (-) (actual position: 15th)
17. Tottenham (2pt, -3) (+1) (actual position: 18th)
18. Fulham (2pt, -5) (-3) (actual position: 19th)
19. Ipswich Town (1pt, -2) (-2) (actual position: 14th)
20. Coventry (1pt, -9) (-4) (actual position: 20th)"
Ugxhywn6C_nEhg6mE4B4AaABAg,iRVVXaU6zGY,@NZ_COYS_SPURS,http://www.youtube.com/@NZ_COYS_SPURS,2026-09-10T18:03:54Z,2026-09-10T18:03:54Z,False,0,"Matchweek 4 predictions 

Bournemouth 2 Brentford 2

Aston villa 1 Nottingham Forest 1

Chelsea 2 Hull city 1 

Crystal palace 1 Ipswich town 2 

Liverpool 2 Fullham 1

Spurs 2 Everton 1 

Sunderland united 0 Arsenal 2 

Coventry city 1 Brighton Hove Albion 3

Manchester united 2 Manchester city 3 

Leeds united 2 Newcastle United 1"
UgyCiRd4lB1AY-71I2B4AaABAg,iRVVXaU6zGY,@aakashezhilan4520,http://www.youtube.com/@aakashezhilan4520,2026-09-10T18:03:24Z,2026-09-10T18:03:24Z,False,0,"Aston Villa 1 Nottingham Forest 2
AFC Bournemouth 2 Brentford 1
Chelsea 2 Hull City 0
Crystal Palace 1 Ipswich Town 0
Liverpool 3 Fulham 1
Tottenham Hotspur 1 Everton 2
Sunderland 0 Arsenal 3
Coventry City 0 Brighton & Hove Albion 2
Manchester United 1 Manchester City 3
Leeds United 1 Newcastle United 2"
UgyHqP5C_aYBoJOLOv54AaABAg,iRVVXaU6zGY,@zavock,http://www.youtube.com/@zavock,2026-09-10T18:02:54Z,2026-09-10T18:02:54Z,False,0,"Bournemouth 1 Brentford 3
Aston Villa 2 Nottingham Forest 2
Chelsea 4 Hull City 0
Crystal Palace 2 Ipswich 0
Liverpool 2 Fulham 1
Tottenham 0 Everton 1
Sunderland 0 Arsenal 1
Coventry 1 Brighton 1
Man United 1 Man City 3
Leeds 1 Newcastle 1"
Ugym28iyv6DqHekR4Yt4AaABAg,iRVVXaU6zGY,@FootyFever-m3s,http://www.youtube.com/@FootyFever-m3s,2026-09-10T18:02:37Z,2026-09-10T18:02:37Z,False,3,"Liverpool 3 Fulham 1
Palace 2 Ipswich Town 1
Bournmouth 4 Brentford 4
Aston Villa 2 Nottm Forest 0
Chelsea 1 Hull 0
Spurs 0 Everton 0
Sunderland 1 Arsenal 1
Coventry 1 Brighton 1
Man United 2 Man City 1
Leeds 2 Newcastle 1"
UgyNSNT3rnoIrcuO3ZZ4AaABAg,iRVVXaU6zGY,@SomeGuyWhoSupportsManCity,http://www.youtube.com/@SomeGuyWhoSupportsManCity,2026-09-10T18:02:31Z,2026-09-10T18:02:31Z,False,0,"Villa 2 Forest 3
Bournemouth 2 Brentford 1
Chelsea 3 Hull 0
Palace 0 Ipswich 0
Liverpool 4 Fulham 2
Spurs 1 Everton 2
Sunderland 1 Arsenal 2
Coventry 1 Brighton 4
Utd 1 City 2
Leeds 2 Newcastle 2"
Ugy9_RhfbW2OfSPGAsN4AaABAg,iRVVXaU6zGY,@brynjar843,http://www.youtube.com/@brynjar843,2026-09-10T18:01:32Z,2026-09-10T18:01:32Z,False,0,"Aston Villa 1 - 1 Forest 
Bournemouth 1 - 2 Brentford
Chelsea 1 - 0 Hull 
Crystal Palace 3 - 1 Ipswich 
Liverpool 4 - 2 Fulham 
Spurs 2 - 1 Everton 
Sunderland 0 - 2 Arsenal 
Coventry 1 - 2 Brighton 
Man Utd 1 - 1 Man City 
Leeds 1 - 0 Newcastle"
Ugw-xV-Ue2JtqgI61k94AaABAg,iRVVXaU6zGY,@daynerichards5292,http://www.youtube.com/@daynerichards5292,2026-09-10T18:00:16Z,2026-09-10T18:00:16Z,False,0,"Villa 1 Forest 2
Bournemouth 1 Brentford 1
Chelsea 2 Hull 1
Palace 2 Ipswich 1
Liverpool 3 Fulham 1
Tottenham 1 Everton 2
Sunderland 0 Arsenal 3
Coventry 0 Brighton 2
Man U 2 Man City 1
Leeds 1 Newcastle 2"
UgwdWcZfuAAHtDuIBsV4AaABAg,iRVVXaU6zGY,@CosminsssAlex,http://www.youtube.com/@CosminsssAlex,2026-09-10T18:00:04Z,2026-09-10T18:00:04Z,False,0,"Aston Villa 2 Nottingham 1
Bournemouth 2 Brentford 0
Chelsea 3 Hull City 0
Crystal Palace 1 Ipswich 1
Liverpool 3 Fulham 1
Tottenham 2 Everton 1
Sunderland 0 Arsenal 1
Coventry 0 Brighton 2
Man United 1 Man City 1
Leeds 3 Newcastle 2"
UgzJw93fzq5qkolBOHt4AaABAg,iRVVXaU6zGY,@Everything-LiverpoolFC,http://www.youtube.com/@Everything-LiverpoolFC,2026-09-10T17:59:52Z,2026-09-10T17:59:52Z,False,0,"Bournemouth 1-2 Brentford
Villa 2-1 forest
Chelsea 2-0 hull
Palace 2-1 Ipswich
Liverpool 3-1 Fulham
Spurs 1-1 Everton 
Sunderland 0-1 Arsenal
Coventry 0-3 Brighton
Man City 3-2 man united
Leeds 2-2 Newcastle"
UgwOwpUrDHQvFVx8uPN4AaABAg,iRVVXaU6zGY,@Madcam647,http://www.youtube.com/@Madcam647,2026-09-10T17:59:48Z,2026-09-10T17:59:48Z,False,0,"Aston Villa 1 Nottingham Forest 1
Bournemouth 1 Brentford 2
Chelsea 2 Hull 1
Crystal palace 1 Ipswich 0
Liverpool 2 Fulham 0
Tottenham 2 Everton 2
Sunderland 1 Arsenal 3
Coventry 0 Brighton 3
Manchester United 1 Manchester City 2
Leeds 2 Newcastle 3"
UgwT1qUku2O1hZx2pjR4AaABAg,iRVVXaU6zGY,@kevinnaves2277,http://www.youtube.com/@kevinnaves2277,2026-09-10T17:58:38Z,2026-09-10T17:58:38Z,False,0,"My Predictions:
Aston Villa 1 Nottingham Forest 1
Bournemouth 0 Brentford 2
Chelsea 3 Hull City 2
Crystal Palace 1 Ipswich 1
Liverpool 2 Fulham 0
Tottenham 0 Everton 1
Sunderland 0  Arsenal 2
Coventry 0  Brighton 2
Man United 1  Man City 2
Leeds 2  Newcastle 1"
Ugx_hr_9deEc69Uz4wp4AaABAg,iRVVXaU6zGY,@EthanDolan6,http://www.youtube.com/@EthanDolan6,2026-09-10T17:56:11Z,2026-09-10T17:56:11Z,False,0,"Bournemouth 1 Brentford 1
Aston Villa 1 Nottingham Forest 1
Chelsea 2 Hull 0
Crystal 2 Ipswich 1
Liverpool 2 Fulham 0
Tottenham 0 Everton 1
Sunderland 1 Arsenal 3
Coventry 1 Brighton 2
Man Utd 3 Man City 1"
Ugz_mLbhtOi_w7TWycR4AaABAg,iRVVXaU6zGY,@FrontrunnerMotorsport,http://www.youtube.com/@FrontrunnerMotorsport,2026-09-10T17:55:18Z,2026-09-10T17:55:18Z,False,0,"Aston Villa 3-1 Nottingham Forest
Bournemouth 2-1 Brentford
Chelsea 2-0 Hull
Crystal Palace 2-2 Ipswich
Liverpool 3-2 Fulham
Tottenham 1-2 Everton
Sunderland 0-2 Arsenal
Coventry 2-2 Brighton
Man United 1-5 Man City
Leeds 2-3 Newcastle"
UgyZmdmxJShhpAV0P0V4AaABAg,iRVVXaU6zGY,@WashierPrism477,http://www.youtube.com/@WashierPrism477,2026-09-10T17:53:58Z,2026-09-10T17:53:58Z,False,13,1:19 hopefully soon haha. Had a really slow start though tbf.
UgyKuB7mxuW4gsOQ_1h4AaABAg,iRVVXaU6zGY,@th3ropy406,http://www.youtube.com/@th3ropy406,2026-09-10T17:53:25Z,2026-09-10T17:53:25Z,False,0,"Villa 1 Forest 2
Bournemouth 1 Brentford 1
Chelsea 2 Hull 0
Palace 2 Ipswich 1
Liverpool 4 Fulham 0
Tottenham 0 Everton 1
Sunderland 1 Arsenal 3
Coventry 0 Brighton 2
Man U 1 Man City 3
Leeds 1 Newcastle 1"
Ugx9zBUqn-iUMVi2V_94AaABAg,iRVVXaU6zGY,@LiamRichie825,http://www.youtube.com/@LiamRichie825,2026-09-10T17:53:24Z,2026-09-10T17:53:24Z,False,27,Don’t forget Matty Cash scored for Forest in that 5-5
Ugww3IALP7EFSUu_KqJ4AaABAg,iRVVXaU6zGY,@brandonmarlo69,http://www.youtube.com/@brandonmarlo69,2026-09-10T17:51:29Z,2026-09-10T17:51:29Z,False,0,"Aston Villa 3-0 Forest
Bournemouth 1-1 Brentford
Chelsea 4-1 Hull
Palace 1-0 Ipswich
Liverpool 2-0 Fulham
Tottenham 1-0 Everton
Sunderland 1-4 Arsenal
Coventry 0-2 Brighton
Man United 2-3 Man City
Leeds 2-1 Newcastle"
UgzJ7M-G6vQ-jl5olEd4AaABAg,iRVVXaU6zGY,@RyanH2005,http://www.youtube.com/@RyanH2005,2026-09-10T17:50:44Z,2026-09-10T17:50:44Z,False,0,"Aston Villa 2-1 Nottingham Forest
Bournemouth 1-1 Brentford
Chelsea 3-1 Hull
Crystal Palace 2-0 Ipswich
Liverpool 3-1 Fulham
Tottenham 1-1 Everton
Sunderland 0-2 Arsenal
Coventry 1-2 Brighton
Man United 1-2 Man City
Leeds 1-2 Newcastle"
Ugzq6kQ0xjGtsf7dq8x4AaABAg,iRVVXaU6zGY,@OttoTalksAi,http://www.youtube.com/@OttoTalksAi,2026-09-10T17:48:42Z,2026-09-10T17:48:42Z,False,62,Alfried is free now that he's self employed so constantly message him until he gets a restraining order!
Ugzo-BOYDW4qgW4WMxJ4AaABAg,iRVVXaU6zGY,@theastonvillaseal585,http://www.youtube.com/@theastonvillaseal585,2026-09-10T17:48:37Z,2026-09-10T17:48:37Z,False,176,A whole 2 DAYS in advance and not 15 minutes before the first game?? We are blessed
