comment_id,video_id,author,author_channel_url,published_at,updated_at,is_edited,like_count,text
UgwJttILF6fuRmlnL6t4AaABAg,6Ezl5T_rH_c,@TheIrishGuyExtra,http://www.youtube.com/@TheIrishGuyExtra,2026-09-04T17:15:30Z,2026-09-04T17:15:56Z,True,12,"Still put the predictions in the comment section here, lads - you can just check out the table standings here: https://avibomb.github.io/premier-league-predictions-tracker/dashboard.html"
UgyEjCEmShLJd7yDn9F4AaABAg,6Ezl5T_rH_c,@Everything-LiverpoolFC,http://www.youtube.com/@Everything-LiverpoolFC,2026-09-04T18:41:42Z,2026-09-04T18:41:42Z,False,0,5:02 well no win for us then
UgzkHcfwIG_h814IGld4AaABAg,6Ezl5T_rH_c,@dudeacus1,http://www.youtube.com/@dudeacus1,2026-09-04T18:41:38Z,2026-09-04T18:41:38Z,False,0,"Liverpool 3:0 Ipswich
Newcastle 2:2 Bournemouth
Brentford 2:1 Sunderland
Brighton 1:1 Leeds
Fulham 2:0 Crystal Palace
Man City 4:1 Coventry
Nottingham Forest 3:0 Spurs
Hull 1:2 Aston Villa
Everton 2:2 Man United
Arsenal 3:1 Chelsea"
Ugzx1kWWaoljnVrQawh4AaABAg,6Ezl5T_rH_c,@shanematthews-ng6oe,http://www.youtube.com/@shanematthews-ng6oe,2026-09-04T18:41:32Z,2026-09-04T18:41:32Z,False,0,"Ipswich 0-1 Liverpool
Newcastle 2-1 Bournemouth
Brentford 2-0 Sunderland
Brighton 1-1 Leeds
Fulham 2-0 Palace
City 3-1 Coventry
Forest 3-2 Spurs
Hull 1-3 Villa
Everton 0-2 Man Utd
Arsenal 2-1 Chelsea"
Ugwb6O_cvlDPOI4TF7N4AaABAg,6Ezl5T_rH_c,@aryanomsharma07,http://www.youtube.com/@aryanomsharma07,2026-09-04T18:41:23Z,2026-09-04T18:41:23Z,False,0,"Ipswich 0 Liverpool 2
Newcastle 2 Bournemouth 1
Brentford 2 Sunderland 0
Brighton 1 Leeds 1
Fulham 1 Crystal Palace 1
Man City 4 Coventry 0
Nottingham Forest 2 Tottenham 1
Hull 0 Aston Villa 1
Everton 2 Man Utd 2
Arsenal 3 Chelsea 2"
UgyAo82ri8wPqF4mETp4AaABAg,6Ezl5T_rH_c,@Nathan._.0403,http://www.youtube.com/@Nathan._.0403,2026-09-04T18:41:22Z,2026-09-04T18:41:22Z,False,0,"Ipswich 1 - 3 Liverpool
Newcastle 0 - 1 Bournemouth
Brentford 3 - 1 Sunderland
Brighton 2 - 2 Leeds
Fulham 1 - 1 Palace
Man City 5 - 1 Coventry
Forest 0 - 3 Spurs
Hull 1 - 0 Aston Villa
Everton 0 - 2 Man United
Arsenal 1 - 2 Chelsea"
UgwZAW6lpl2iHdsW1aF4AaABAg,6Ezl5T_rH_c,@Omar_18AFC,http://www.youtube.com/@Omar_18AFC,2026-09-04T18:41:19Z,2026-09-04T18:41:19Z,False,0,"Ipswich 1- 2 Liverpool
Newcastle 1- 1 Bournemouth
Brentford 2- 0 Sunderland
Brighton 2- 1 Leeds utd
Fulham 1- 2 Crystal Palace
Man City 4-0 Coventry
Forrest 2- 0 Spurs
Hull 1- 1 Villa
Everton 1- 1 Man Utd
Arsenal 3- Chelsea 1"
UgwjVw3o6hsrNEh4Upl4AaABAg,6Ezl5T_rH_c,@franktheflamingo5466,http://www.youtube.com/@franktheflamingo5466,2026-09-04T18:41:15Z,2026-09-04T18:41:15Z,False,0,"first entry of the season, bit late but here I go:

Ipswich v Liverpool 1-3
Newcastle v Bournemouth 3-3
Brentford v Sunderland 2-1
Brighton v Leeds 4-2
Fulham v Crystal Palace 2-1
Manchester City v Coventry 4-0
Nottingham forest v Spurs 1-1
Hull v Aston Villa 1-0
Everton v Manchester United 2-1
Arsenal v Chelsea 2-0"
Ugxppfnyi7F6fJdYT4F4AaABAg,6Ezl5T_rH_c,@reecetheblack8901,http://www.youtube.com/@reecetheblack8901,2026-09-04T18:39:46Z,2026-09-04T18:39:46Z,False,0,"Missed the first 2 weeks but here we go

Ipswich 1-3 Liverpool
Newcastle 2-2 Bournemouth
Brentford 2-0 Sunderland
Nottingham Forest 2-1 Spurs
Man City 5-0 Coventry
Fulham 1-0 Crystal Palace
Brighton 0-0 Leeds
Hull City 1-1 Aston Villa
Everton 0-3 Man U
Arsenal 1-2 Chelsea"
UgyQSzNbJkVVluw_mn54AaABAg,6Ezl5T_rH_c,@ibrahimkolawole5568,http://www.youtube.com/@ibrahimkolawole5568,2026-09-04T18:39:37Z,2026-09-04T18:39:37Z,False,0,"Ipswich 1 Liverpool 2
Newcastle 2 Bournemouth 1
Brentford 2 Sunderland 0
Forest 3 Spurs 1
Man City 5 Coventry 1
Fulham 1 Palace 2
Brighton 2 Leeds 2
Hull 1 Aston Villa 1 
Everton 2 Man United 1
Arsenal 2 Chelsea 2"
UgyZx8Y3g_ri3g-l4TR4AaABAg,6Ezl5T_rH_c,@ramii0_0,http://www.youtube.com/@ramii0_0,2026-09-04T18:38:58Z,2026-09-04T18:38:58Z,False,0,"It starts here

Liverpool 3:0 Ipswich 
Newcastle 2:2 Bournemouth 
Brentford 2:1 Sunderland 
Brighton 0:2 Leeds
Fulham 1:1 Crystal Palace
Man City 4:0 Coventry
Nottingham Forest 1:1 Spurs
Hull 1:0 Aston Villa 
Everton 1:2 Man United 
Arsenal 1:2 Chelsea"
Ugz_ssgrXXli2p5hgVF4AaABAg,6Ezl5T_rH_c,@nyendwakabayi3323,http://www.youtube.com/@nyendwakabayi3323,2026-09-04T18:38:40Z,2026-09-04T18:38:40Z,False,0,"Ipswitch 0-3 Liverpool
Newcastle 2-1 Bournemouth
Brentford 2-0 Sunderland
Brighton 1-0 Leeds
Fulham 2-1 Crystal Palace
Man city 4-0 Conventry
Nottingham Forrest 0-1 Tottenham 
Hull city 0-1 Aston villa
Everton 1-3 Manchester United
Arsenal 2-3 Chelsea

i didn't make one for gameweek 2 because you said you might not be continuing it, anyway will catch up I'm not finishing 184 lol"
Ugxz3VtvemCw0xbRe7N4AaABAg,6Ezl5T_rH_c,@ljrsavage6612,http://www.youtube.com/@ljrsavage6612,2026-09-04T18:38:27Z,2026-09-04T18:38:27Z,False,0,"Ipswich 1 Liverpool 2
Newcastle 2 Bournemouth 1 
Brentford 1 Sunderland 1
Brighton 2 Leeds 0
Fulham 0 Crystal Palace 0
Man City 4 Coventry 1 
Nottingham Forrest 1 Spurs 0
Hull City 3 Aston Villa 2

Everton 1 Man United 3
Arsenal 2 Chelsea 2"
UgyOTCrFuoIV3ACTBqh4AaABAg,6Ezl5T_rH_c,@ExoticalOfficial,http://www.youtube.com/@ExoticalOfficial,2026-09-04T18:38:00Z,2026-09-04T18:38:00Z,False,0,"Prediction Ipswich 2- Liverpool 2 
Newcastle 1-0 Bournemouth 
Brentford 2-1 Sunderland 
Brighton 2-0 Leeds 
Fulham 1-0 Crystal palace 
Man City 4-0 Coventry 
Forest 3-1 spurs 
Hull 0-1 Villa 
Everton 1-0 man United  shock result I know 
Arsenal 2-1 Chelsea"
UgyXhwxNn3_NmvW_Xwp4AaABAg,6Ezl5T_rH_c,@thvo5835,http://www.youtube.com/@thvo5835,2026-09-04T18:37:50Z,2026-09-04T18:37:50Z,False,0,"Ipswich 0-2 Liverpool
Newcastle 2-1 Bournemouth
Brentford 0-1 Sunderland
Brighton 1-0 Leeds
Fulham 3-1 Crystal Palace
Man City 2-0 Coventry
Nottm Forest 3-2 Tottenham
Hull 1-2 Aston Villa
Everton 1-1 Man United
Arsenal 1-0 Chelsea"
UgyPNAegU069VecM08x4AaABAg,6Ezl5T_rH_c,@jcawa-23,http://www.youtube.com/@jcawa-23,2026-09-04T18:37:33Z,2026-09-04T18:37:33Z,False,0,"Ipswich 1-2 Liverpool
Newcastle 2-0 Bournemouth
Brentford 3-1 Sunderland
Nottingham Forest 1-0 Tottenham
Manchester City 5-2 Coventry
Fulham 1-1 Crystal Palace
Brighton 2-0 Leeds 
Hull 2-2 Aston Villa
Everton 1-1 Manchester United
Arsenal 3-2 Chelsea"
Ugyv0CfMjvrCY3mecT94AaABAg,6Ezl5T_rH_c,@Filip_games_real,http://www.youtube.com/@Filip_games_real,2026-09-04T18:37:26Z,2026-09-04T18:37:26Z,False,1,3:12 he can play on both wings though...
UgyeEgdU7iSXMT3_KeV4AaABAg,6Ezl5T_rH_c,@NathanielCarpenter-g2y,http://www.youtube.com/@NathanielCarpenter-g2y,2026-09-04T18:37:19Z,2026-09-04T18:37:19Z,False,0,"liverpool 4-1 ipswitch 
newcastle 1-1 bourenmouth 
brentford 2-0 sunderland 
brighton 0-0 leeds 
fulham 1-1 palace 
man city 3-0 coventry 
forrest 2-0 spurs
hull 1-0 aston villa 
everton 2-1 man united 
arsenal 2-2 chelsea"
UgyGYF9g0jinWJyaVMt4AaABAg,6Ezl5T_rH_c,@AriaWand-u9f,http://www.youtube.com/@AriaWand-u9f,2026-09-04T18:37:04Z,2026-09-04T18:37:04Z,False,0,"Ipswich 1 Liverpool 2
Newcastle 2 Bournemouth 1
Brentford 1 Sunderland 0
Brighton 2 Leeds 0
Fulham 1 Crystal Palace 2
Man City 3 Coventry 0
Nottingham Forest 2 Tottenham 1
Hull 2 Aston Villa 1
Everton 1 Man Untied 2
Arsenal 3 Chelsea 1"
UgyPD8UYc0IwDbmnYIx4AaABAg,6Ezl5T_rH_c,@conquer3539,http://www.youtube.com/@conquer3539,2026-09-04T18:36:45Z,2026-09-04T18:36:45Z,False,0,"Ipswich 0 Liverpool 3

Newcastle 2 B'mouth 1

Brentford 2 Sunderland 0

Nottm 2 Spurs 0

Man City 5 Coventry 0

Fulham 1 Palace 1

Brighton 3 Leeds 2

Hull 0 Aston Villa 1

Everton 1 Man Utd 1

Arsenal 2 Chelsea 2"
UgwTSh8Ejlbl09CuIy54AaABAg,6Ezl5T_rH_c,@MylerKurray,http://www.youtube.com/@MylerKurray,2026-09-04T18:36:41Z,2026-09-04T18:36:41Z,False,0,Mate nobody cares about national cup quarter finals unless you support a league 1 or below side
UgyNWPGCDFWd_mwBJNl4AaABAg,6Ezl5T_rH_c,@Thommey27749,http://www.youtube.com/@Thommey27749,2026-09-04T18:36:35Z,2026-09-04T18:36:35Z,False,0,"Ipswich 0-2 Liverpool
Newcastle 1-1 Bournemouth Brentford 2-1 Sunderland
 Brighton 1-1 Leeds 
Fulham 2-0 Crystal Palace
 Man City 3-0 Coventry Nottingham Forest 2-0 Spurs
 Hull 1-0 Aston Villa 
Everton 0-3 Man United
 Arsenal 1-2 Chelsea"
UgzQDBAGhxupSi-s9Vp4AaABAg,6Ezl5T_rH_c,@travismanning224,http://www.youtube.com/@travismanning224,2026-09-04T18:36:32Z,2026-09-04T18:36:32Z,False,0,"Forgot about GW 1 and 2

Ipswich 0-2 Liverpool
Newcastle 0-0 Bournemouth
Brentford 1-0 Sunderland
Brighton 0-0 Leeds
Fulham 0-2 Crystal Palace
Man City 1-0 Coventry
Nottingham Forest 1-1 Spurs
Hull 0-1 Aston Villa
Everton 1-3 Man United
Arsenal 1-1 Chelsea"
UgwuAYNqKSEWjCQSqw14AaABAg,6Ezl5T_rH_c,@eliashaugenberg5879,http://www.youtube.com/@eliashaugenberg5879,2026-09-04T18:35:57Z,2026-09-04T18:35:57Z,False,0,"My Premier League gameweek 3 Predictions

Ipswich vs Liverpool: 1-4
Newcastle vs Bournemouth: 2-0
Brentford vs Sunderland: 2-2
Fulham vs Crystal Palace: 1-1
Nottinghan vs Spurs: 0-1
Brighton vs Leeds: 2-0
Man City vs Coventry: 5-1
Hull vs Aston Villa: 1-2
Everton vs Man U: 1-2
Arsenal vs Chelsea: 2-2"
Ugy4ZwrkLZtLjdOR0kV4AaABAg,6Ezl5T_rH_c,@williamkirksey1669,http://www.youtube.com/@williamkirksey1669,2026-09-04T18:35:32Z,2026-09-04T18:35:32Z,False,0,"Ipswich 1 Liverpool 2
Newcastle 2 Bournemouth 2
Brentford 2 Sunderland 0
Brighton 3 Leeds 1
Fulham 1 Cry Palace 1
Man City 4 Coventry 1
N Forest  1 Tottenham  2
Hull 1  Aston Villa 1
Everton 1 Man U 2
Arsenal 1 Chelsea 1"
Ugxy7MI-hOWJ1tU8aq94AaABAg,6Ezl5T_rH_c,@Maidrhap,http://www.youtube.com/@Maidrhap,2026-09-04T18:35:31Z,2026-09-04T18:35:31Z,False,0,"Ipswich v Liverpool 2-3
Newcastle v Bournemouth 2-0
Brentford v Sunderland 2-1
Brighton v Leeds 2-1
Fulham v Crystal Palace 1-1
Manchester City v Coventry 5-0
Nottingham forest v Spurs 3-1
Hull v Aston Villa 2-1
Everton v Manchester United 2-3
Arsenal v Chelsea 3-1"
UgzTR9_kdVfPljOun9V4AaABAg,6Ezl5T_rH_c,@MylerKurray,http://www.youtube.com/@MylerKurray,2026-09-04T18:35:02Z,2026-09-04T18:35:02Z,False,0,"Ipswich 1 Liverpool 4
Newcastle 2 B’mouth 3
Brentford 2 Sunderland 1
Nottm 0 Spurs 0
Man City 6 Coventry 0
Fulham 1 Palace 1
Brighton 0 Leeds 2
Hull 1 Aston Villa 0
Everton 1 Man Utd 1
Arsenal 2 Chelsea 2"
UgxJGtg-mO8te8hXKSh4AaABAg,6Ezl5T_rH_c,@SarimQazi-ut1zr,http://www.youtube.com/@SarimQazi-ut1zr,2026-09-04T18:34:50Z,2026-09-04T18:34:50Z,False,1,"Here are my PL predictions but how do I sign in to the website it says user forbidden,or am O doing it wrong? Someone please help. Anyway here are my predictions:

Ipswich 0 Liverpool 2
Newcastle 1 Bournemouth 1
Brentford 2 Sunderland 0
Fulham 0 Crystal Palace 0
Man City 3 Coventry 0
Hull City 2 Aston Villa 0
Everton 0 United 1
Arsenal 3 Chelsea 1"
UgwHqf3a1dXDKVcnZbB4AaABAg,6Ezl5T_rH_c,@wormy67,http://www.youtube.com/@wormy67,2026-09-04T18:34:49Z,2026-09-04T18:34:49Z,False,0,"Ipswitch 1-2 liverpool
Newcastle 1-1 bournemouth
Brentford 2-0 sunderland
Brighton 0-0 leeds
Fulham 1-1 palace
Man city 5-0 coventry
Nottingham forrest 2-1 spurs
Hull 1-2 villa
Man united 3-1 everton
Arsenal 2-2 chelsea"
UgxnWMFAtDdpmLbf4YR4AaABAg,6Ezl5T_rH_c,@leejohnmwadime3205,http://www.youtube.com/@leejohnmwadime3205,2026-09-04T18:33:53Z,2026-09-04T18:33:53Z,False,0,"Predictions
Ipswich 1 Liverpool 3
Newcastle 2 Bournemouth 1
Brentford 2 Sunderland 0
Brigthon 1 Leeds 1
Fulham 1 Crystal Palace 2
Man City 5 Coventry 0
Nottingham Forest 2 Spurs 1
Hull 1 Aston Villa 1
Everton 2 Man United 2
Arsenal 2 Chelsea 2"
Ugzm386SrP-HvILb6Qd4AaABAg,6Ezl5T_rH_c,@Daialuga,http://www.youtube.com/@Daialuga,2026-09-04T18:33:43Z,2026-09-04T18:33:43Z,False,0,"If I competed last matchday, I would've had 3 bang on predictions, but it is what it is, anyways!

Ipswich 1 vs Liverpool 2
Newcastle 1 vs AFC Bournemouth 0
Brentford 1 vs Sunderland 1
Forest 1 vs Tottenham 0
Man City 3 vs Coventry 0
Fulham 1 vs Crystal Palace 1
Brighton 2 vs Leeds 2
Hull city 1 vs Aston Villa 1
Everton 0 vs Man Utd 2
Arsenal 1 vs Chelsea 1"
Ugy-j7eoH9YvIxiRVzV4AaABAg,6Ezl5T_rH_c,@AaravShukla-v4q,http://www.youtube.com/@AaravShukla-v4q,2026-09-04T18:33:41Z,2026-09-04T18:33:41Z,False,0,"Ipswich 0-2 Liverpool
Newcastle 1-1 Bournemouth
Brentford 3-1 Sunderland
Brighton 2-2 Leeds
Fulham 3-1 Crystal Palace
Man city 6-0 Coventry
Nottingham Forest 1-1 Tottenham
Hull 2-2 Aston villa
Everton 1-3 Man united
Arsenal 2-2 Chelsea"
UgxFS_Jxq23RKp4TrOF4AaABAg,6Ezl5T_rH_c,@28thJanuary2o17,http://www.youtube.com/@28thJanuary2o17,2026-09-04T18:33:01Z,2026-09-04T18:33:01Z,False,0,"Ipswich 2-1 Liverpool
Newcastle 2-2 Bournemouth
Brentford 2-1 Sunderland 
Brighton 3-1 Leeds
Fulham 2-0 Crystal Palace
Man City 3-0 Coventry
Notts Forest 2-0 Tottenham
Hull City 1-0 Aston Villa
Everton 2-1 Man United
Arsenal 2-2 Chelsea"
UgwakeGxCL_fZiu9w1F4AaABAg,6Ezl5T_rH_c,@agustinriestra9594,http://www.youtube.com/@agustinriestra9594,2026-09-04T18:32:39Z,2026-09-04T18:32:39Z,False,0,"Ipswich v Liverpool 1-3

Newcastle v Bournemouth 2-1

Brentford v Sunderland 2-1

Brighton v Leeds 1-1

Fulham v Crystal Palace 1-1

Manchester City v Coventry 3-0

Nottingham forest v spurs 2-2

Hull v Aston villa 1-1

Everton v Manchester United 1-3

Arsenal v Chelsea 2-1"
UgyDS-8qmmFxY1tm4E54AaABAg,6Ezl5T_rH_c,@RyanH2005,http://www.youtube.com/@RyanH2005,2026-09-04T18:32:21Z,2026-09-04T18:32:21Z,False,0,"Ipswich 1-2 Liverpool
Newcastle 2-1 Bournemouth
Brentford 1-1 Sunderland
Brighton 2-1 Leeds
Fulham 1-1 Crystal Palace
Man City 4-0 Coventry
Nottingham Forest 2-1 Tottenham
Hull 1-1 Aston Villa
Everton 1-2 Man United
Arsenal 2-2 Chelsea"
UgwQADpyctpnMIDQAy14AaABAg,6Ezl5T_rH_c,@zods-os2eb,http://www.youtube.com/@zods-os2eb,2026-09-04T18:32:12Z,2026-09-04T18:32:12Z,False,0,"Ipswich 0 Liverpool 2
Newcastle 1 Bournemouth 1
Brentford 3 Sunderland 3
Brighton 0 Leeds 2
Fulham 1 Crystal Palace 1
Man City 4 Coventry 0
Nottingham Forest 2 Spurs 1
Hull 0 Aston Villa 1
Everton 2 Man United 2
Arsenal 1 Chelsea 0"
UgzfjV8q1aAaAZCJ-DV4AaABAg,6Ezl5T_rH_c,@Kingcuba137,http://www.youtube.com/@Kingcuba137,2026-09-04T18:31:49Z,2026-09-04T18:31:49Z,False,0,@theirishguyextra one my picks last week wasn’t counted the Manchester United game against ispich town
Ugz6MVJiMFFEkuSzIWt4AaABAg,6Ezl5T_rH_c,@Filip_games_real,http://www.youtube.com/@Filip_games_real,2026-09-04T18:31:44Z,2026-09-04T18:31:44Z,False,1,"Ipswich 1-3 Liverpool
Newcastle 2-1 Bournemouth
Brentford 2-2 Sunderland
Brighton 2-0 Leeds
Fulham 1-2 Crystal Palace
Man city 5-1 Coventry
Nottingham Forest 2-1 Tottenham
Hull 1-2 Aston villa
Everton 2-3 Man united
Arsenal 3-2 Chelsea"
Ugwx29YG5g_Kgjrs9Ml4AaABAg,6Ezl5T_rH_c,@ScotchNCigar,http://www.youtube.com/@ScotchNCigar,2026-09-04T18:31:40Z,2026-09-04T18:31:40Z,False,0,"Ipswich 1-3 Liverpool
Newcastle 2-1 Bournemouth
Brentford 2-0 Sunderland
Brighton 2-1 Leeds
Fulham 2-0 Crystal Palace
Man City 4-0 Coventry
Nottingham Forest 2-3 Spurs
Hull 1-0 Aston Villa
Everton 1-1 Man United
Arsenal 2-2 Chelsea"
Ugzb2gBKBvsGBBFVSzt4AaABAg,6Ezl5T_rH_c,@lfaz7,http://www.youtube.com/@lfaz7,2026-09-04T18:31:35Z,2026-09-04T18:31:35Z,False,0,"Ipswich v Liverpool   0-2
Newcastle v Bournemouth   1-1
Brentford v Sunderland   2-0
Brighton v Leeds   0-1
Fulham v Palace   0-0
Man City v Coventry   3-0
Forest v Spurs   1-0
Hull v Aston Villa   2-2
Everton v Man United   0-2
Arsenal v Chelsea   1-0"
UgyvyDsdvrIkcefu-IZ4AaABAg,6Ezl5T_rH_c,@Prod.Dizzy0nz,http://www.youtube.com/@Prod.Dizzy0nz,2026-09-04T18:31:24Z,2026-09-04T18:31:24Z,False,0,"Shootout to the guy who made the website

Ipswich 0-3 Liverpool
Newcastle 1-0 Bournemouth
Brentford 2-0 Sunderland
Brighton 2-1 Leeds
Fulham 1-1 Crystal Palace
Man City 4-1 Coventry
Nottingham Forest 2-2 Spurs
Hull 1-3 Aston Villa
Everton 1-2 Man United
Arsenal 0-0 Chelsea"
UgzJYnObqf_Nf7ewuMh4AaABAg,6Ezl5T_rH_c,@manguy3135,http://www.youtube.com/@manguy3135,2026-09-04T18:30:53Z,2026-09-04T18:31:11Z,True,0,"First time participating.


Ipswich 0-2 Liverpool
Newcastle 0-0 Bournemouth
Brentford 1-2 Sunderland
Fulham 1-1 Crystal Palace
City 5-1 Coventry
Forest 1-1 Tottenham
Hull 2-2 villa
Everton 0-1 United
Arsenal 0-1 Chelsea"
Ugynrujr7Wm-Y1xLAvF4AaABAg,6Ezl5T_rH_c,@NZ_COYS_SPURS,http://www.youtube.com/@NZ_COYS_SPURS,2026-09-04T18:30:40Z,2026-09-04T18:30:40Z,False,0,"Ipswich town 1 Liverpool 3

Newcastle United 2 AFC Bournemouth 1

Brentford 3 Sunderland united 1

Brighton 3 leeds united 2

Fullham 2 Crystal palace 1

Manchester city 4 Coventry 1

Nottingham Forest 1 Spurs 2

Hull  Aston villa 

Everton 1 Manchester united 2

Arsenal 2 Chelsea 2"
UgwhaDCn9Tm63UermSp4AaABAg,6Ezl5T_rH_c,@TheFinalHoss,http://www.youtube.com/@TheFinalHoss,2026-09-04T18:30:38Z,2026-09-04T18:30:38Z,False,0,"My predictions:

Ipswich 1 Liverpool 2
Newcastle 2 Bournemouth 1
Brentford 1 Sunderland 0
Brighton 2 Leeds 0
Fulham 1 Palace 1
Man city 5 Coventry 0
Forest 2 Spurs 2
Hull 1 Aston villa 0
Everton 1 Man utd 3
Arsenal 1 Chelsea 1"
UgwisVj8N551RdHX75x4AaABAg,6Ezl5T_rH_c,@pratyushchandra3354,http://www.youtube.com/@pratyushchandra3354,2026-09-04T18:30:27Z,2026-09-04T18:30:27Z,False,0,"My GW1 comment was edited BEFORE any matches happened. To call that invalid is a farce, sack the techwiz!!"
Ugw8Q_aAX8NeoS8SJU14AaABAg,6Ezl5T_rH_c,@michaelscott107,http://www.youtube.com/@michaelscott107,2026-09-04T18:30:10Z,2026-09-04T18:30:10Z,False,0,"Ipswich 1-3 Liverpool
Newcastle 2-0 Bournemouth
Brentford 1-1 Sunderland
Brighton 3-1 Leeds
Fulham 3-0 Crystal Palace
Man City 2-1 Coventry
Nottingham Forest 0-1 Spurs
Hull 1-1 Aston Villa
Everton 1-0 Man United
Arsenal 1-2 Chelsea"
Ugx_OroeRrA0nHUst3B4AaABAg,6Ezl5T_rH_c,@dr4wd348,http://www.youtube.com/@dr4wd348,2026-09-04T18:29:52Z,2026-09-04T18:29:52Z,False,0,"Ipswich 1-1 Liverpool 
Newcastle 3-0 Bournemouth 
Brentford 1-0 Sunderland 
Forrest 2-0 Spurs
Man City 5-2 Coventry 
Fulham 0-1 Palace 
Brighton 3-3 Leeds
Hull 0-2 Villa
Everton 0-3 Man United
Arsenal 3-0 Chelsea"
Ugz5fOptN-wwo-wJU0V4AaABAg,6Ezl5T_rH_c,@pawaratharva6371,http://www.youtube.com/@pawaratharva6371,2026-09-04T18:29:28Z,2026-09-04T18:29:28Z,False,0,"Lemme try once lol

Ipswich v Liverpool 1-3
Newcastle v Bournemouth 2-2
Brentford v Sunderland 2-1
Brighton v Leeds 1-1
Fulham v Crystal Palace 2-1
Manchester City v Coventry 4-0
Nottingham forest v Spurs 0-2
Hull v Aston Villa 1-2
Everton v Manchester United 1-2
Arsenal v Chelsea 3-1"
UgxDeYzsZz6hlYMdwAp4AaABAg,6Ezl5T_rH_c,@anmaroud9813,http://www.youtube.com/@anmaroud9813,2026-09-04T18:29:26Z,2026-09-04T18:29:26Z,False,0,"PL GW3

Ipswich 1 - 2 Liverpool 
Newcastle 2 - 0 Bournemouth 
Brentford 3 - 2 Sunderland 
Brighton 2 - 2 Leeds
Fulham 0 - 0 Palace
Man city 4 - 0 Coventry 
Forest 3 - 3 Spurs
Hull 0 - 2 Aston Villa
Everton 1 - 1 Man U
Arsenal 1 - 0 Chelsea"
UgwLMXA7gd9fbYStmPB4AaABAg,6Ezl5T_rH_c,@lilpeth67,http://www.youtube.com/@lilpeth67,2026-09-04T18:29:22Z,2026-09-04T18:31:53Z,True,0,Ipswich 1-3 Liverpool Newcastle 1-0 Bournemouth Brentford 3-2 Sunderland Brighton 1-2 Leeds Fulham 2-2 Crystal Palace Man City 4-0 Coventry Forest 1-1 Spurs Hull 2-3 Villa Everton 1-1 Man United Arsenal 1-1 Chelsea
Ugy3RUon51DX_-hYeYR4AaABAg,6Ezl5T_rH_c,@Superpikmin64,http://www.youtube.com/@Superpikmin64,2026-09-04T18:29:13Z,2026-09-04T18:29:13Z,False,0,"Ipswich 1-2 Liverpool
Newcastle 2-2  Bournemouth
Brentford 3-2 Sunderland
Nottingham Forest 1-1 Tottenham
Man City 3-1 Coventry
Fulham 0-0 Crystal Palace
Brighton 1-1 Leeds
Hull 2-0 Aston Villa
Everton 0-2 Man United
Arsenal 2-0 Chelsea"
UgwybqEASr9WG5nUpAd4AaABAg,6Ezl5T_rH_c,@Pedro-st3pg,http://www.youtube.com/@Pedro-st3pg,2026-09-04T18:27:35Z,2026-09-04T18:27:35Z,False,0,"Loving the website! 

Ipswich 1-2 Liverpool
Newcastle 1-1 Bournemouth
Brentford 2-1 Sunderland
Brighton 2-0 Leeds
Fulham 1-0 Crystal Palace
Man City 4-0 Coventry
Nottingham Forest 2-3 Spurs
Hull 2-2 Aston Villa
Everton 1-1 Man United
Arsenal 2-1 Chelsea"
UgxUtqbHVqzUk3duI414AaABAg,6Ezl5T_rH_c,@ratonul260,http://www.youtube.com/@ratonul260,2026-09-04T18:27:33Z,2026-09-04T18:27:33Z,False,1,Ipswich 0 Liverpool 2; Newcastle 2 Bouremouth 1; Brentford 2 Sunderland 0; Brighton 3 Leeds1; Fulham 1 Pallace 1; City 4 Coventry 0; Notts 1 Spurs 2; Hull 0 Villa 0; Everton 1 United 1; Arsenal 2 Chelsea 2;
Ugzg28HZUmiVd0phBAV4AaABAg,6Ezl5T_rH_c,@Lilleh__,http://www.youtube.com/@Lilleh__,2026-09-04T18:27:26Z,2026-09-04T18:27:26Z,False,0,"Ipswich 1 Liverpool 2
Newcastle 2 Bournemouth 1
Brentford 2 Sunderland 0
Brighton 1 Leeds 1
Fulham 0 Crystal Palace 0
Man City 4 Coventry 0
Forest 2 Tottenham  2
Hull 1 Aston Villa 2
Everton 0 Man Utd 2
Arsenal 1 Chelsea 1"
UgytHFiMDFImozzg_EJ4AaABAg,6Ezl5T_rH_c,@jackknowler6651,http://www.youtube.com/@jackknowler6651,2026-09-04T18:27:14Z,2026-09-04T18:27:14Z,False,0,"GW3 predictions:
Ipswich 1-3 Liverpool 
Newcastle 3-1 Bournemouth 
Brentford 2-0 Sunderland 
Nottingham Forest 2-0 Tottenham 
Manchester City 4-1 Coventry 
Fulham 1-0 Crystal Palace 
Brighton 1-1 Leeds 
Hull 1-2 Aston Villa
Arsenal 1-0 Chelsea"
UgxFsH8pxcY_m5endsB4AaABAg,6Ezl5T_rH_c,@spongeguybridankia8735,http://www.youtube.com/@spongeguybridankia8735,2026-09-04T18:27:14Z,2026-09-04T18:27:14Z,False,0,"Ipswich 1 Liverpool 2
Newcastle 2 Bournemouth 3
Brentford 2 Sunderland 0
Brighton 1 Leeds 1
Fulham 1 Crystal Palace 1
Man City 4 Coventry 0
Nottingham Forest 2 Tottenham 1
Hull 1 Aston Villa 2
Everton 1 Manchester United 1
Arsenal 2 Chelsea 3"
UgwyX-Qk6BxEoBo-0C14AaABAg,6Ezl5T_rH_c,@jfigueroaist,http://www.youtube.com/@jfigueroaist,2026-09-04T18:26:49Z,2026-09-04T18:26:49Z,False,0,"First time Participating 


Ipswich 1-3 Liverpool
Newcastle 1-1 Bournemouth
Brentford 2-1 Sunderland
Nottingham Forest 2-1 Tottenham
Man City 3-0 Coventry
Fulham 1-1 Crystal Palace
Brighton 2-2 Leeds 
Hull 1-1 Aston Villa
Everton 2-1 Man United
Arsenal 2-2 Chelsea"
Ugy8zlLDS9fowQy8oQt4AaABAg,6Ezl5T_rH_c,@dkstinson3011,http://www.youtube.com/@dkstinson3011,2026-09-04T18:26:44Z,2026-09-04T18:26:44Z,False,0,"Ipswich 0-3 Liverpool
Newcastle 1-1 Bournemouth
Brentford 3-0 Sunderland
Brighton 2-2 Leeds
Fulham 1-2 Palace
Man City 5-0 Coventry
Forest 0-1 Spurs
Hull 0-2 Villa
Everton 1-2 Man United
Arsenal 2-0 Chelsea"
UgwdjcNnnmgGCnYHFih4AaABAg,6Ezl5T_rH_c,@UltraMLPMMMunetes,http://www.youtube.com/@UltraMLPMMMunetes,2026-09-04T18:26:27Z,2026-09-04T18:26:27Z,False,0,"Ipswich 0 Liverpool 2
Newcastle 3 Bournemouth 2
Brentford 1 Sunderland 0
Nottingham Forest 1 Tottenham 2
Man City 4 Coventry 0
Fulham 1 Crystal Palace 2
Brighton 2 Leeds 2
Hull 1 Aston Villa 2
Everton 1 Man Utd 3
Arsenal 2 Chelsea 2"
Ugwq6JXhFK0Y6ZST0K94AaABAg,6Ezl5T_rH_c,@Everything-LiverpoolFC,http://www.youtube.com/@Everything-LiverpoolFC,2026-09-04T18:26:09Z,2026-09-04T18:26:09Z,False,0,"Ipswich 1-2 lfc
Newcastle 3-2 Bournemouth 
Brentford 2-0 Sunderland
Brighton 1-1 Leeds
Fulham 0-1 palace
City 4-1 Coventry 
Forest 1-1 spurs
Hull 2-2 villa
Everton 1-2 man united 
Arsenal 2-1 Chelsea"
UgxYzAewSyfmPpIz1OB4AaABAg,6Ezl5T_rH_c,@SportsCardsCenter,http://www.youtube.com/@SportsCardsCenter,2026-09-04T18:25:58Z,2026-09-04T18:25:58Z,False,0,"Ipswich 0-2 Liverpool
Newcastle 2-1 Bournemouth
Brentford 1-0 Sunderland
Brighton 1-2 Leeds
Fulham 0-0 Crystal Palace
Man City 4-0 Coventry
Nottingham Forrest 1-1 Tottenham
Hull 0-1 Aston Villa
Everton 2-2 Man Utd
Arsenal 2-2 Chelsea"
Ugzfu3x8kGRivq5Pg0Z4AaABAg,6Ezl5T_rH_c,@pratyushchandra3354,http://www.youtube.com/@pratyushchandra3354,2026-09-04T18:25:57Z,2026-09-04T18:25:57Z,False,0,"Ipswich 2-2 Liverpool
Newcastle 3-1 Bournemouth
Brentford 2-1 Sunderland
Brighton 1-1 Leeds
Fulham 2-0 Crystal Palace
Man City 4-0 Coventry
Nottingham Forest 3-0 Spurs
Hull 1-0 Aston Villa
Everton 1-1 Man United
Arsenal 3-2 Chelsea"
UgyQDMjR1Rt4e6OKTeJ4AaABAg,6Ezl5T_rH_c,@Rambo11500,http://www.youtube.com/@Rambo11500,2026-09-04T18:25:50Z,2026-09-04T18:25:50Z,False,0,"My Gameweek 3 Predictions
1 Ipswich Liverpool 3
2 Newcastle Bournemouth 1
2 Brentford Sunderland 0
1 Brighton Leeds 1
0 Fulham Palace 0
4 Man City Coventry 0
3 Forest Spurs 0
2 Hull Aston Villa 2
1 Everton Man United 1
2 Arsenal Chelsea 1"
UgxK0fbUJ3F7IHc3j094AaABAg,6Ezl5T_rH_c,@LordEdmund1973,http://www.youtube.com/@LordEdmund1973,2026-09-04T18:25:41Z,2026-09-04T18:25:41Z,False,0,"Ipswich - Liverpool: 1-3

Newcastle - Bournemouth: 2-1

Brentford - Sunderland: 2-0

Notts Forest vs Spurs: 3-0

Man City vs Coventry: 4-0

Fulham vs Palace: 3-2

Brighton vs Leeds: 2-2

Hull vs Aston Villa: 1-0

Everton vs Man Utd: 0-2

Arsenal vs Chelsea: 2-1"
Ugzrtr5MOA42W2DbcIJ4AaABAg,6Ezl5T_rH_c,@InquisitorGass,http://www.youtube.com/@InquisitorGass,2026-09-04T18:25:29Z,2026-09-04T18:25:29Z,False,0,new castle fans are into slavery apparently 😂... no one wants a player stinking up the dressing room who doesnt want to be there.  the long contracts are just insurance to make sure we get the most money for sales; which its pretty obvious that we did.  also the Enzo sale made 59 million in book profit not 20.  google is free.  youre still the most entertaining waffler on the internet though
UgyKtTFDE-0isskmJVZ4AaABAg,6Ezl5T_rH_c,@xpertassassin8178,http://www.youtube.com/@xpertassassin8178,2026-09-04T18:24:37Z,2026-09-04T18:24:37Z,False,0,"Ipswich v Liverpool 0:2
Newcastle v Bournemouth 2:2
Brentford v Sunderland 2:1
Brighton v Leeds 2:2
Fulham v Palace 3:2
Man City v Coventry 3:0
Forest v Spurs 1:1
Hull v Aston Villa 1:1
Everton v Man United 1:2
Arsenal v Chelsea 2:1"
UgyjWCrVK_POplCQ3Op4AaABAg,6Ezl5T_rH_c,@TheShaun8109,http://www.youtube.com/@TheShaun8109,2026-09-04T18:24:17Z,2026-09-04T18:24:17Z,False,0,"Ipswich 1-3 Liverpool
Newcastle 1-2 Bournemouth
Brentford 2-1 Sunderland
Brighton 2-2 Leeds
Fulham 1-2 Crystal Palace
Man City 3-0 Coventry
Nottingham Forest 2-1 Spurs
Hull 1-2 Aston Villa
Everton 1-3 Man United
Arsenal 2-2Chelsea"
UgwLEH5UeSe33CYd7Dd4AaABAg,6Ezl5T_rH_c,@Anotherjuan0,http://www.youtube.com/@Anotherjuan0,2026-09-04T18:24:13Z,2026-09-04T18:24:13Z,False,0,"My predictions:

Ipswich v Liverpool 1-4
Newcastle v Bournemouth 3-1
Brentford v Sunderland 2-2
Brighton v Leeds 1-1
Fulham v Crystal Palace 1-3
Manchester City v Coventry 4-0
Nottingham forest v spurs 2-1
Hull v Aston villa 2-2
Everton v Manchester United 0-3
Arsenal v Chelsea 2-1"
Ugz0_j2HkRW957wreQR4AaABAg,6Ezl5T_rH_c,@petersands2677,http://www.youtube.com/@petersands2677,2026-09-04T18:23:27Z,2026-09-04T18:23:27Z,False,0,"Ipswich 0 - 2 Liverpool 
Newcastle 2 - 1 Bournemouth 
Brentford 3 - 1 Sunderland
Nottingham Forrest 1 - 1 Tottenham 
Man City 4 - 1 Coventry
Fulham 1 - 1 Palace
Brighton 2 - 2 Leeds
Hull 1 - 0 Aston Villa
Everton 1 - 2 Manchester United
Arsenal 2 - 1 Chelsea"
Ugx1urs3Tt5Vm5BPjsd4AaABAg,6Ezl5T_rH_c,@abarkadabra,http://www.youtube.com/@abarkadabra,2026-09-04T18:23:05Z,2026-09-04T18:23:05Z,False,0,"Ipswich 3-1 Liverpool
Newcastle 2-5 Bournemouth
Brentford 1-4 Sunderland
Brighton 6-1 Leeds
Fulham 0-0 Crystal Palace
Man City 11-0 Coventry
Nottingham Forest 5-1 Spurs
Hull 3-0 Aston Villa
Everton 2-1 Man United
Arsenal 4-5 Chelsea"
Ugw4aTMA1g3iWuc441N4AaABAg,6Ezl5T_rH_c,@IAmRonny,http://www.youtube.com/@IAmRonny,2026-09-04T18:22:49Z,2026-09-04T18:22:49Z,False,0,"Ipswich 1-3 Liverpool
Newcastle 1-0 Bournemouth
Brentford 2-0 Sunderland
Brighton 1-1 Leeds
Fulham 0-0 Crystal Palace
Man City 2-0 Coventry
Nottingham Forest 1-3 Spurs
Hull 0-1 Aston Villa
Everton 0-2 Man United
Arsenal 1-2 Chelsea"
Ugzd4mBlBzz4Jfh13v54AaABAg,6Ezl5T_rH_c,@blero473,http://www.youtube.com/@blero473,2026-09-04T18:22:42Z,2026-09-04T18:22:42Z,False,2,Gary O'Neill hasn't even done anything yet and bro already wants him sacked 🤣
UgwlcBaZIxFIchS9CFx4AaABAg,6Ezl5T_rH_c,@thomasrichardson6432,http://www.youtube.com/@thomasrichardson6432,2026-09-04T18:22:29Z,2026-09-04T18:22:29Z,False,0,"Ipswich 1-3 Liverpool
Newcastle 2-2 Bournemouth
Brentford 2-0 Sunderland
Forest 1-0 Spurs
Man City 4-0 Coventry
Fulham 2-1 Palace
Brighton 3-1 Leeds
Hull 1-2 Villa
Everton 0-2 Man Utd
Arsenal 2-1 Chelsea"
Ugwv74vz2sCMUPv20PN4AaABAg,6Ezl5T_rH_c,@elias6126,http://www.youtube.com/@elias6126,2026-09-04T18:21:59Z,2026-09-04T18:21:59Z,False,0,"Ipswich 1-4 Liverpool
Newcastle 2-1 Bournemouth
Brentford 1-0 sunderland
Brighton 2-0 leeds
fulham 0-0 crystal palace
Man city 5-2 coventry
Nottingham 1-1 tottenham
Hull 2-3 aston villa
everton 1-2 man utd
arsenal 2-2 chelsea"
UgwdOBeFY0UA_TS8upN4AaABAg,6Ezl5T_rH_c,@SnappedFootball,http://www.youtube.com/@SnappedFootball,2026-09-04T18:21:39Z,2026-09-04T18:21:39Z,False,0,"Ipswich 1-2 Liverpool
Newcastle 2-1 Bournemouth
Brentford 3-0 Sunderland
Brighton 1-1 Leeds
Fulham 1-1 Crystal Palace
Man City 1-0 Coventry
Nottingham Forest 1-1 Spurs
Hull 2-0 Aston Villa
Everton 1-2 Man United
Arsenal 2-1 Chelsea"
UgyUn2HTBniEw7SRU9R4AaABAg,6Ezl5T_rH_c,@ollieoleary,http://www.youtube.com/@ollieoleary,2026-09-04T18:21:27Z,2026-09-04T18:21:27Z,False,0,"Predictions:
Ipswich 1 Liverpool 2
Newcastle 3 B'mouth 1
Brentford 3 Sunderland 0
Brighton 0 Leeds 0
Fulham 1 C Palace 1
Man City 4 Coventry 0
Nott'm F. 2 Tottenham 1
Hull 0 Aston Villa 0
Everton 0 Man Utd 1
Arsenal 1 Chelsea 2"
UgxOR3T-MFqmqV9WHRF4AaABAg,6Ezl5T_rH_c,@aayankapoor1425,http://www.youtube.com/@aayankapoor1425,2026-09-04T18:21:21Z,2026-09-04T18:21:21Z,False,0,"My Predictions
Ipswich 1-1 Liverpool
Newcastle 2-0 Bournemouth
Brentford 3-3 Sunderland
Brighton 4-2 Leeds
Fulham 1-2 Crystal Palace
Manchester City 5-0 Coventry
Forest 2-0 Spurs
Hull 0-1 Villa
Everton 0-2 Man United
Arsenal 0-1 Chelsea"
UgwcDHcHIxy0fNqitZV4AaABAg,6Ezl5T_rH_c,@balinthejner465,http://www.youtube.com/@balinthejner465,2026-09-04T18:21:03Z,2026-09-04T18:21:03Z,False,0,"Ipswich 0-2 Liverpool 
Newcastle 3-1 Bournemouth
Brentford 1-1 Sunderland
Brighton 0-1 Leeds
Fulham 0-0 Crystal Palace
Man City 6-0 Coventry
Forest 3-0 Spurs
Hull 2-2 Aston Villa
Everton 1-2 Manchester United 
Arsenal 3-3 Chelsea"
UgwWIJVyFj6M1Gqwr0t4AaABAg,6Ezl5T_rH_c,@jimmyhurt,http://www.youtube.com/@jimmyhurt,2026-09-04T18:20:44Z,2026-09-04T18:20:44Z,False,0,"Getting a late start this year. May Chaos Reign.

Ipswich 1- 2 Liverpool
Newcastle 1 - 1 Bournemouth 
Brentford 2 - 1 Sunderland 
Brighton 3 - 2 Leeds 
Fulham 2 - 0 Crystal Palace 
Man City 4 - 0 Coventry 
Nottingham Forest 2 - 0 Spurs 
Hull City 1 - 2 Aston Villa 
Everton 0 - 2 Man United 
Arsenal 2 - 3 Chelsea"
Ugyk1l3FX3h05_3iTTp4AaABAg,6Ezl5T_rH_c,@danielrogers3070,http://www.youtube.com/@danielrogers3070,2026-09-04T18:20:29Z,2026-09-04T18:20:29Z,False,0,"Ipswich v Liverpool 1:3
Newcastle v Bournemouth 2:0
Brentford v Sunderland 2:1
Brighton v Leeds 3:2
Fulham v Palace 0:0
Man City v Coventry 4:0
Forest v Spurs 1:1
Hull v Aston Villa 0:2
Everton v Man United 1:2
Arsenal v Chelsea 2:1"
UgwaD2SjjPdcC7v7jc94AaABAg,6Ezl5T_rH_c,@moze2324,http://www.youtube.com/@moze2324,2026-09-04T18:20:01Z,2026-09-04T18:20:01Z,False,0,"Ipswich 1-2 Liverpool 
Bournemouth 1-1 Newcastle 
Brentford 2-1 Sunderland 
Brighton 2-0 Leeds
Fulham 1-2 Palace
Man City 3-0 Coventry
Forest 1-0 Spurs
Hull 1-2 Villa
Everton 1-1 Man United
Arsenal 2-1 Chelsea"
UgzZ356_pgsmnD9TDph4AaABAg,6Ezl5T_rH_c,@VeinyLad,http://www.youtube.com/@VeinyLad,2026-09-04T18:19:56Z,2026-09-04T18:19:56Z,False,0,"Time to put some random numbers!

Ipswich 0 Liverpool 3
Newcastle 1 Bournemouth 1
Brentford 3 Sunderland 1
Brighton 2 Leeds 0
Fulham 1 Crystal Palace 1
Man City 4 Coventry 0
Nottingham Forest 2 Tottenham 1
Hull City 0 Aston Villa 3
Everton 1 Man United 3
Arsenal 2 Chelsea 1"
UgxZKURQiJUn-WEEJgV4AaABAg,6Ezl5T_rH_c,@reece999999999,http://www.youtube.com/@reece999999999,2026-09-04T18:19:32Z,2026-09-04T18:19:32Z,False,0,"Ipswich 1 Liverpool 3
Newcastle 2 Bournemouth 0
Brentford 2 Sunderland 0
Nottingham Forest 1 Tottenham 1
Man City 5 Coventry 0
Fulham 0 Crystal Palace 0
Brighton 1 Leeds 1
Hull 1 Aston Villa 2
Everton 1 Man United 1
Arsenal 1 Chelsea 2"
UgyN8LFYytqlN-5GIGF4AaABAg,6Ezl5T_rH_c,@KillKvara,http://www.youtube.com/@KillKvara,2026-09-04T18:19:30Z,2026-09-04T18:19:30Z,False,2,"Ipswich Town v Liverpool 1:3
Newcastle United v Bournemouth — 2:1
Brentford v Sunderland — ___ 1:1
Brighton v Leeds United — ___ 1:2
Fulham v Crystal Palace — ___ 2:1
Manchester City v Coventry City —  4:0
Nottingham Forest v Tottenham — 1:2
Hull City v Aston Villa - 1:3
Everton v Manchester United  __  2:2
Arsenal v Chelsea — 2:0"
Ugycs2f5WpcBbyWrWOd4AaABAg,6Ezl5T_rH_c,@antoninomassimovadala7431,http://www.youtube.com/@antoninomassimovadala7431,2026-09-04T18:19:27Z,2026-09-04T18:19:27Z,False,1,"Ipswich 0 Liverpool 2
Newcastle 2 Bournemouth 1
Brentford 3 Sunderland 0
Brighton 3 Leeds 1
Fulham 1 Crystal Palace 1
Man City 3 Coventry 0
Nottm Forest 2 Tottenham 2
Hull 0 Aston Villa 1
Everton 1 Man United 1
Arsenal 3 Chelsea 1"
UgzWSaTxk5RvlaPlAO94AaABAg,6Ezl5T_rH_c,@aakashezhilan4520,http://www.youtube.com/@aakashezhilan4520,2026-09-04T18:19:16Z,2026-09-04T18:36:27Z,True,0,"Ipswich 1 Liverpool 2
Newcastle 3 Bournemouth 1
Brentford 2 Sunderland 0
Brighton 1 Leeds 2
Fulham 0 Crystal Palace 0
Man City 5 Coventry 0
Nottingham Forest 2 Spurs 2
Hull 1 Aston Villa 2
Everton 1 Man United 3
Arsenal 2 Chelsea 0"
UgwEmIbUv7K7PhAIM6J4AaABAg,6Ezl5T_rH_c,@Mvpo444,http://www.youtube.com/@Mvpo444,2026-09-04T18:19:15Z,2026-09-04T18:19:15Z,False,0,"Ipswich 0̷-1 Liverpool
Newcastle 0̷-2 Bournemouth
Manchester City 4-1 Coventry
Nottingham Forest 2-0̷ Tottenham
Brentford 3-0̷ Sunderland
Fulham 2-2 Crystal Palace
Brighton 5-1 Leeds
Hull City 1-2 Aston Villa
Everton 0̷-0̷ Manchester United
Arsenal 1-2 Chelsea"
Ugw6lciv3xtzeDoUVxt4AaABAg,6Ezl5T_rH_c,@YouTubePremium-ce4qu,http://www.youtube.com/@YouTubePremium-ce4qu,2026-09-04T18:19:14Z,2026-09-04T18:19:14Z,False,0,"Ipswich v Liverpool 2-3
Newcastle v Bournemouth 2-1
Manchester City v Coventry 4-0
Forest v Tottenham 1-0
Fulham v Crystal Palace 0-0
Brighton v Leeds 2-0
Brentford v Sunderland 3-0
Hull v villa 0-2
Everton v Manchester United 1-1
Arsenal v Chelsea 2-2"
UgzHlqb4fg9bcXwHDuZ4AaABAg,6Ezl5T_rH_c,@Lamppost447,http://www.youtube.com/@Lamppost447,2026-09-04T18:19:11Z,2026-09-04T18:19:11Z,False,0,"Ipswitch 1-1 Liverpool 
Newcastle 3-2 bourmouth 
Brentford 2-0 sounderland 
Notinham 1-1 spurs 
Manchester City 6-0 coverntry 
Fulham 2-1 palace 
Brighton 1-1 Leeds 
Hull 2-0 villa 
Everton 0-3 man United 
Arsenal 0-0 Chelsea"
UgyIws4ctwcmcxrRMOp4AaABAg,6Ezl5T_rH_c,@HridaySen.,http://www.youtube.com/@HridaySen.,2026-09-04T18:18:59Z,2026-09-04T18:18:59Z,False,0,"Ipswich 2  Liverpool 3
Newcastle 2 Bourmouth 1
Branford 1 Sunderland 2
Brighton 0  Leeds 0
Fullham 2 Crystal palace 1
Manciity 5  Coventry city 1
Nottingham forest 2 Spurs 0
Hull 1 Aston Villa 2
Everton 1  Man united 3
Arsenal 1 Chelsea 3"
Ugx772I8pnznQzcYQ-l4AaABAg,6Ezl5T_rH_c,@Innndo,http://www.youtube.com/@Innndo,2026-09-04T18:18:32Z,2026-09-04T18:18:32Z,False,0,"Ipswich 1-1 Liverpool
Newcastle 2-1 Bournemouth
Brentford 2-1 Sunderland
Brighton 2-0 Leeds
Fulham 1-2 Crystal Palace
Man City 5-0 Coventry
Forest 2-1 Spurs
Hull 1-0 Villa
Everton 1-2 Man United
Arsenal 2-1 Chelsea"
Ugxkfua-Z5ldA3Eq13Z4AaABAg,6Ezl5T_rH_c,@rgas28,http://www.youtube.com/@rgas28,2026-09-04T18:17:59Z,2026-09-04T18:17:59Z,False,0,"Ipswich 0-3 Liverpool 
Newcastle 0-1 Bournemouth 
Brentford 2-1 Sunderland 
Brighton 1-1 Leeds
Fulham 0-0 Palace 
Man City 4-0 Coventry 
Forest 0-1 Spurs 
Hull 1-2 Villa 
Everton 0-2 Man United 
Arsenal 2-3 Chelsea"
Ugz9_Yp8dEYLblbk86B4AaABAg,6Ezl5T_rH_c,@Prezurala,http://www.youtube.com/@Prezurala,2026-09-04T18:17:53Z,2026-09-04T18:17:53Z,False,0,"Ipswich 0-2 Liverpool
Newcastle 2-1 Bournemouth
Brentford 3-1 Sunderland
Brighton 1-1 Leeds
Fulham 2-1 Crystal Palace
Manchester City 3-0 Coventry
Nottingham Forest 0-1 Spurs
Hull City 1-0 Aston Villa
Everton 0-1 Manchester United
Arsenal 2-2 Chelsea"
UgwEVAdbJi7udiQU5vd4AaABAg,6Ezl5T_rH_c,@Jake_T05,http://www.youtube.com/@Jake_T05,2026-09-04T18:17:49Z,2026-09-04T18:17:49Z,False,0,"Week 3 Predictions:

Ipswich 0-3 Liverpool
Newcastle 2-2  Bournemouth 
Brentford 3-1 Sunderland
Brighton 3-3 Leeds
Fulham 0-0 Palace
City 4-0 Coventry
Forest 2-1 Spurs
Hull 1-1 Aston Villa
Everton 2-3 Man U
Arsenal 2-1 Chelsea"
UgyMulmwBbeKQu9dZuZ4AaABAg,6Ezl5T_rH_c,@Innndo,http://www.youtube.com/@Innndo,2026-09-04T18:16:59Z,2026-09-04T18:16:59Z,False,2,Day 7 of reminding Susan he has to go to the fields of Baku
UgzpSrF30p1CPmt9UAh4AaABAg,6Ezl5T_rH_c,@zacharyhawes6938,http://www.youtube.com/@zacharyhawes6938,2026-09-04T18:15:06Z,2026-09-04T18:15:06Z,False,0,"Ipswich v Liverpool 2:2
Newcastle v Bournemouth 2:1
Brentford v Sunderland 3:1
Brighton v Leeds 2:2
Fulham v Crystal Palace 1:2
Manchester City v Coventry 4:0
Forest v Spurs 3:1
Hull v Aston Villa 1:1
Everton v Manchester United 0:2
Arsenal v Chelsea 2:3"
UgzbmmCxp-IxItyP9RB4AaABAg,6Ezl5T_rH_c,@wwerr16,http://www.youtube.com/@wwerr16,2026-09-04T18:14:34Z,2026-09-04T18:14:34Z,False,0,"Hmmm 228th; safely in mid-table
I'll take that  

Ipswich 1 Liverpool 0
Brentford 2 Sunderland 2
New 0 Bournemouth 3
Brighton 2 Leeds United 1
Everton 1 MU 0
Forest 1 Tot 3
Fulham 2 Palace 1
MC 0 Coventry City 0
Hull 2 Aston Villa 0
Arsenal 2 Chelsea 0"
UgzSqlt4-eyF23CDMfx4AaABAg,6Ezl5T_rH_c,@ghostdavid4838,http://www.youtube.com/@ghostdavid4838,2026-09-04T18:14:32Z,2026-09-04T18:14:32Z,False,0,"I got 8 points title charge starts now. also my comment was edited last week because I spelled arsenal wrong and I only edited at the same day..
My Predictions for this week:

Ipswich Town 1 - 2 Liverpool
Newcastle United 1 - 1 AFC Bournemouth
Brentford 3 - 1 Sunderland
Brighton & Hove Albion 2 -  2 Leeds United
Fulham 2 - 0 Crystal Palace 
Manchester City 4 - 1 Coventry City
Nottingham Forest 0 - 1 Tottenham Hotspur
Hull City 0 - 2 Aston Villa
Everton 1 - 1 Manchester United
Arsenal 3 - 3 Chelsea"
UgwKaWLFWCFAhnODdz14AaABAg,6Ezl5T_rH_c,@DummyMama-tv4hg,http://www.youtube.com/@DummyMama-tv4hg,2026-09-04T18:14:27Z,2026-09-04T18:14:27Z,False,0,"ipswich v Liverpool 0-3
Newcastle v Bournemouth 2-2
Brentford v Sunderland 3-1
Brighton v Leeds 2-1
Fulham v Crystal Palace 2-0
Manchester City v Coventry 5-0
Nottingham forest v spurs 3-0
Hull v Aston villa 0-2
Everton v Manchester United 1-1
Arsenal v Chelsea 1-1"
UgzsETJSQXXi3YOw3lR4AaABAg,6Ezl5T_rH_c,@Ja23Bi,http://www.youtube.com/@Ja23Bi,2026-09-04T18:13:55Z,2026-09-04T18:13:55Z,False,0,"Ipswich 1 Liverpool 3
Newcastle 2 Bournemouth 1
Brentford 1 Sunderland 1
Brighton 2 Leeds 0
Fulham 2 Crystal Palace 0
Man City 4 Coventry 0
Nottingham Forest 1 Spurs 1
Hull 1 Villa 0
Everton 0 Man United 2
Arsenal 1 Chelsea 2"
Ugw2CZ5nsG5aGtAdOqR4AaABAg,6Ezl5T_rH_c,@AriaWand-u9f,http://www.youtube.com/@AriaWand-u9f,2026-09-04T18:13:34Z,2026-09-04T18:13:34Z,False,1,Curious to know how the website protects against edited comments or later predictions?
UgxtXbiAtXcI1y5lj_54AaABAg,6Ezl5T_rH_c,@achusworld102,http://www.youtube.com/@achusworld102,2026-09-04T18:13:25Z,2026-09-04T18:13:25Z,False,1,"Ipswich 0 Liverpool 3
Newcastle 2 Bournemouth 2
Brentford 3 Sunderland 2
Fulham 0 Palace 0
Brighton 2 Leeds 2
Man city 3 Coventry 1
Forest 0 Tottenham 0
Hull 0 Aston villa 0
Everton 0 Man utd 2
Arsenal 2 Chelsea 2"
UgxzTPNgxpP2PoitCwV4AaABAg,6Ezl5T_rH_c,@a.arnold1413,http://www.youtube.com/@a.arnold1413,2026-09-04T18:12:57Z,2026-09-04T18:12:57Z,False,0,"Ipswich 1-3 Liverpool
Newcastle 1-2 AFC Bournemouth
Brentford 1-2 Sunderland
Brighton 2-0 Leeds
Fulham 2-0 Crystal Palace
Manchester City 4-0 Coventry City 
Forest 2-1 Spurs
Hull City 1-0 Aston Villa
Everton 1-1 Manchester United
Arsenal 2-1 Chelsea"
Ugx0VaI1FsUt38m8NvJ4AaABAg,6Ezl5T_rH_c,@stanyeslaw,http://www.youtube.com/@stanyeslaw,2026-09-04T18:12:07Z,2026-09-04T18:12:07Z,False,0,"Gameweek 3 predictions:

Ipswich 0:3 Liverpool
Newcastle 3:1 Bournemouth
Brentford 1:0 Sunderland
Brighton 2:2 Leeds
Fulham 1:1 Palace
City 5:0 Coventry
Forest 2:2 Spurs
Hull 1:1 Villa
Everton 0:1 Man United
Arsenal 3:2 Chelsea"
Ugz47mdULXPyO2DSHeN4AaABAg,6Ezl5T_rH_c,@cameronweston4872,http://www.youtube.com/@cameronweston4872,2026-09-04T18:11:56Z,2026-09-04T18:11:56Z,False,0,"Ipswich Town 1 Liverpool 2

Newcastle United 2 AFC Bournemouth 1

Brentford 1 Sunderland 1

Brighton & Hove Albion 2 Leeds United 1

Fulham 1 Crystal Palace 0

Manchester City 3 Coventry City 0

Nottingham Forest 1 Tottenham Hotspur 1

Hull City 1 Aston Villa 1

Everton 1 Manchester United 2

Arsenal 1 Chelsea"
UgyS0BkYxaSwW-16bLt4AaABAg,6Ezl5T_rH_c,@ConorSM15,http://www.youtube.com/@ConorSM15,2026-09-04T18:10:52Z,2026-09-04T18:10:52Z,False,0,"Ipswich 1-1 Liverpool
Newcastle 2-1 Bournemouth 
Brentford 2-0 Sunderland 
Brighton 0-0 Leeds
Fulham 1-1 palace 
City 5-1 Coventry 
Forest 2-1 spurs 
Hull 0-1 Villa
Everton 1-0 United 
Arsenal 2-1 Chelsea"
Ugzo856QLHSfmwl9lid4AaABAg,6Ezl5T_rH_c,@21riki97,http://www.youtube.com/@21riki97,2026-09-04T18:10:14Z,2026-09-04T18:10:14Z,False,0,"My first participation lets see how i do very excited 

Ipswich 0-3 Liverpool 
Newcastle 1-2 Bournemouth
Brentford 0-0 Sunderland
Brighton 2-2 Leeds United
Fulham 1-1 Crystal Palace
Man City 2-1 Coventry City
Nottingham Forest 2-0 Spurs
Hull City 1-0 Aston Villa
Everton 2-1 Manchester United 
Arsenal 3-0 Chelsea"
UgzOaqQj1DseEvBsrct4AaABAg,6Ezl5T_rH_c,@jackdenham927,http://www.youtube.com/@jackdenham927,2026-09-04T18:10:12Z,2026-09-04T18:10:12Z,False,0,"Ipswich 0-3 Liverpool 

Newcastle 2 - 2 Bournemouth 

Brentford 2 - 1 sunderland 

Brighton 1 - 1 leeds

Fulham 0 - 1 crystal Palace 

Man city 4 - 2 Coventry 

Nottingham forest 3 - 0 Tottenham 

Hull 1 - 2 Aston villa 

Everton 0 - 0 man united 

Arsenal 1 - 2 Chelsea"
Ugzn3C82ZYenjoHnOGd4AaABAg,6Ezl5T_rH_c,@bengtgunnardereksson2090,http://www.youtube.com/@bengtgunnardereksson2090,2026-09-04T18:09:55Z,2026-09-04T18:09:55Z,False,0,"GW: 3
Ipswich - Liverpool 0-3
Newcastle - Bournemouth 1-0
Brentford - Sunderland 2-0
Fulham - Crystal Palace 1-0
Nottingham Forest - Tottenham 2-1
Brighton - Leeds 1-0
Manchester City - Coventry 4-0
Hull - Aston Villa 1-2
Everton - Manchester United 2-1
Arsenal - Chelsea 1-2"
UgxEPfGUZBObP8UW7Dl4AaABAg,6Ezl5T_rH_c,@ГеоргиДимитров-н6л,http://www.youtube.com/@%D0%93%D0%B5%D0%BE%D1%80%D0%B3%D0%B8%D0%94%D0%B8%D0%BC%D0%B8%D1%82%D1%80%D0%BE%D0%B2-%D0%BD6%D0%BB,2026-09-04T18:09:47Z,2026-09-04T18:09:47Z,False,0,"Ipswich 1:2 Liverpool
Newcastle 3:1 Bournemouth
Brentford 1:1 Sunderland
Brighton 1:0 Leeds
Fulham 1:1 Crystal Palace
Man City 3:0 Coventry
Nottingham Forest 1:1 Spurs
Hull 1:1 Aston Villa
Everton 1:3 Man United
Arsenal 1:1 Chelsea"
UgycDe2HZU8TU2YDBaN4AaABAg,6Ezl5T_rH_c,@aakivaan2238,http://www.youtube.com/@aakivaan2238,2026-09-04T18:09:17Z,2026-09-04T18:09:17Z,False,0,"Ipswich v liverpool 1:3
Newcastle v  bournemouth 3:2
Brentford v sunderland 1:2
Brighton v leeds: 2:2
Fulham v palace 1:0
Man city v coventry 4:1
Forest v spurs 2:1
Hull v aston villa 1:1
Everton v man united 1:2
Arsenal v chelsea 3:2"
UgzotTAC6UWJM_3BbHh4AaABAg,6Ezl5T_rH_c,@natsuo6056,http://www.youtube.com/@natsuo6056,2026-09-04T18:09:04Z,2026-09-04T18:09:04Z,False,0,"Ipswitch v Liverpool 1-3
Newcastle v Bournemouth 2-0
Brentford v Sunderland 1-1
Brighton v Leeds 2-1
Fulham v Palace 1-1
Man City v Coventry 5-1
Forest v Spurs 2-0
Hull v Aston Villa 2-1
Everton v Man United 1-1
Arsenal v Chelsea 1-0"
UgzuAjsZMpGsJN4g2u54AaABAg,6Ezl5T_rH_c,@helioliskfan,http://www.youtube.com/@helioliskfan,2026-09-04T18:08:34Z,2026-09-04T18:08:34Z,False,0,"Ipswich 1-3 Liverpool 
Newcastle 2-2 Bournemouth 
Brentford 1-1 Sunderland 
Brighton 1-0 Leeds
Fulham 2-0 Crystal Palace 
Man City 5-0 Coventry 
Forest 0-1 Spurs
Hull 1-2 Aston Villa 
Everton 1-0 Man Utd
Arsenal 2-0 Chelsea"
UgwCdNPCrzz--S6bu7l4AaABAg,6Ezl5T_rH_c,@WashierPrism477,http://www.youtube.com/@WashierPrism477,2026-09-04T18:08:22Z,2026-09-04T18:08:22Z,False,0,"Right going to have to lock in now 😂!
Ipswich 1 Liverpool 3
Newcastle 2 Bournemouth 1
Brentford 3 Sunderland 1
Brighton 1 Leeds 1
Fulham 2 Crystal Palace 0
Man City 4 Coventry 0
Nottingham Forest 2 Tottenham 1
Hull 0 Aston Villa 3
Everton 1 Man United 1
Arsenal 1 Chelsea 0"
UgyvWIGbHg7xBJUIYf54AaABAg,6Ezl5T_rH_c,@valenfn7339,http://www.youtube.com/@valenfn7339,2026-09-04T18:08:02Z,2026-09-04T18:08:02Z,False,0,"Ipswich 1 - 2 Liverpool 
Newcastle 3 - 1 Bournemouth 
Brentford 1 - 1 Sunderland
Brighton 1 - 1 Leeds
Fulham 1 - 1 Crystal Palace
Manchester City 5 - 0 Coventry
Nottingham Forest 1 - 1 Spurs
Hull 2 - 2 Aston Villa
Everton 1 - 1 Manchester United
Arsenal 1 - 2 Chelsea"
Ugxlsd0B_3XyTNOVUuF4AaABAg,6Ezl5T_rH_c,@aidan_105,http://www.youtube.com/@aidan_105,2026-09-04T18:07:40Z,2026-09-04T18:07:40Z,False,0,"Ipswich 1-3 Liverpool 
Newcastle 2-1 Bournemouth 
Brentford 2-0 sundrrland 
Brighton 1-2 Leeds 
Fulham 1-0 palace 
Man city 4-0 Coventry 
Forrest 2-2 Spurs
Hull city 1-1 Aston villa 
Everton 0-2 man united 
Arsenal 3-2 Chelsea"
UgzQej49GKTkb7BRqUJ4AaABAg,6Ezl5T_rH_c,@MZAce,http://www.youtube.com/@MZAce,2026-09-04T18:06:36Z,2026-09-04T18:06:36Z,False,2,"completely forgot to do it last gameweek oops, so gonna get every game correct today

Ipswich v Liverpool 0-2
Newcastle v Bournemouth 1-0
Brentford v Sunderland 1-1
Brighton v Leeds 2-2
Fulham v Crystal Palace 0-1
Manchester City v Coventry 5-0
Nottingham forest v Spurs 0-0
Hull v Aston Villa 1-1
Everton v Manchester United 1-2
Arsenal v Chelsea 1-1"
UgxKRpfFKuV9Id9B4ih4AaABAg,6Ezl5T_rH_c,@Aristos_blue53,http://www.youtube.com/@Aristos_blue53,2026-09-04T18:05:46Z,2026-09-04T18:06:26Z,True,0,"Ipswich Town - Liverpool 1-4
Newcastle - Bournemouth 2-1
Brentford - Sunderland 3-2
Fulham - Crystal Palace 2-2
Manchester City - Coventry 3-0
Nottingham Forest - Tottenham 2-1
Hull city - Aston Villa 1-2
Everton - Manchester United 1-2
Arsenal - Chelsea 3-1"
UgzCGewILJe4d5e71tJ4AaABAg,6Ezl5T_rH_c,@nickaxford7925,http://www.youtube.com/@nickaxford7925,2026-09-04T18:05:19Z,2026-09-04T18:05:19Z,False,0,"Ipswich 1-3 Liverpool
Newcastle 2-0 Bournemouth
Brentford 1-1 Sunderland
Brighton 3-1 Leeds
Fulham 0-0 Crystal Palace
Man City 5-0 Coventry
Nottingham Forest 2-1 Spurs
Hull 0-2 Aston Villa
Everton 0-2 Man United
Arsenal 1-0 Chelsea

Great work with the website - 12th at the moment, pushing for the top 10!"
UgxAnTTociJ_2DhoJI14AaABAg,6Ezl5T_rH_c,@CuteBenji,http://www.youtube.com/@CuteBenji,2026-09-04T18:05:16Z,2026-09-04T18:05:16Z,False,0,"Ipswich 2-0 Liverpool

Newcastle 1-2 Bournemouth

Brentford 2-0 Sunderland

Forest 1-0 Tottenham

Man City 5-0 Coventry

Fulham 1-1 Crystal Palace

Brighton 1-1 Leeds

Hull 1-0 Villa

Everton 0-1 United

Arsenal 1-0 Chelsea"
UgzElBjtUanPSmJ18ox4AaABAg,6Ezl5T_rH_c,@olekklein27,http://www.youtube.com/@olekklein27,2026-09-04T18:05:02Z,2026-09-04T18:05:02Z,False,0,"Ipswich 2 Liverpool 2
Newcastle 1 Bournemouth 0
Brentford 1 Sunderland 1
Brighton 3 Leeds 2
Fulham 1 Crystal Palace 1
Manchester City 4 Coventry 0
Hull 0 Aston Villa 0
Everton 1 Manchester United 1
Arsenal 2 Chelsea 2"
Ugy5-BC8p6xVOU7WKpd4AaABAg,6Ezl5T_rH_c,@CraigyBMusic,http://www.youtube.com/@CraigyBMusic,2026-09-04T18:04:51Z,2026-09-04T18:04:51Z,False,0,"Missed the first week but heres my predictions for week 2

Ipswich 0 - 4 Liverpool
Newcastle 2- 0 Bournemouth
Brentford 0 - 01Sunderland
Nottingham Forest 3-1 Tottenham
Man City 1-0 Coventry
Fulham 1 - 2 Crystal Palace
Brighton 0 - 2 Leeds
Hull 1 - 2 Aston Villa
Everton 1 - 0 Man United
Arsenal 2-1 Chelsea"
Ugxrbkh29-UF31GcSzV4AaABAg,6Ezl5T_rH_c,@raki199912,http://www.youtube.com/@raki199912,2026-09-04T18:04:00Z,2026-09-04T18:04:00Z,False,0,"Ipswich 1-4 Liverpool
Newcastle 1-1 Bournemouth
Brentford 2-0 Sunderland
Brighton 2-1 Leeds
Fulham 2-1 Crystal Palace
Man City 5-0 Coventry
Nottingham Forest 1-2 Spurs
Hull 0-1 Aston Villa
Everton 1-3 Man United
Arsenal 1-1 Chelsea"
UgynUCTzs3LTWupZJyh4AaABAg,6Ezl5T_rH_c,@coopergreenwald8919,http://www.youtube.com/@coopergreenwald8919,2026-09-04T18:03:54Z,2026-09-04T18:03:54Z,False,0,"Game Week 3 Predictions 
Ipswich 1 Liverpool 3
Brentford 2 Sunderland 1
Newcastle 2 Bournemouth 0
Brighton 1 Leeds 1
Forest 2 Spurs 0
Fulham 0 Palace 1
Man City 3 Coventry 0
Hull 1 Villa 1 
Everton 1 Man Utd 2
Arsenal 2 Chelsea 2"
UgwPM9XQh086zf5fcmN4AaABAg,6Ezl5T_rH_c,@francisconobre19,http://www.youtube.com/@francisconobre19,2026-09-04T18:03:47Z,2026-09-04T18:03:47Z,False,0,"Ipswich 1 Liverpool 2
Newcastle 2 Bournemouth 1
Brentford 1 Sunderland 1
Brighton 1 Leeds 1
Fulham 1 Crystal Palace 0
Man City 5 Coventry 0
Nottingham 2 Tottenham 1
Hull City 1 Aston Villa 3
Everton 1 Man United 2
Arsenal 2 Chelsea 0"
Ugy669qqKdtXg219lBB4AaABAg,6Ezl5T_rH_c,@GeeklyVideos,http://www.youtube.com/@GeeklyVideos,2026-09-04T18:03:18Z,2026-09-04T18:03:18Z,False,0,"Ipswich 1-3 Liverpool 
Newcastle 2-1 Bournemouth 
Brentford 1-0 Sunderland 
Brighton 3-1 Leeds 
Fulham 1-0 palace 
Man City 6-2 Coventry 
Forest 1-1 spurs 
Hull 1-1 Villa 
Everton 1-0 man united 
Arsenal 1-2 Chelsea"
UgxKG7RAAx2hPpKm7YB4AaABAg,6Ezl5T_rH_c,@Vlad-ob2up,http://www.youtube.com/@Vlad-ob2up,2026-09-04T18:03:17Z,2026-09-04T18:03:17Z,False,0,"Ipswich 1 Liverpool 3
Newcastle 2 Bournemouth 0
Brentford 1 Sunderland 1
Brighton 2 Leeds 1
Fulham 2 Crystal Palace 2
Man City 5 Coventry 0
Nottingham Forest 0 Tottenham 2
Hull 2 Aston Villa 1
Everton 1 Man Utd 3
Arsenal 3 Chelsea 3"
Ugxs4Mk2SRdBaBSXQr54AaABAg,6Ezl5T_rH_c,@charlietin5262,http://www.youtube.com/@charlietin5262,2026-09-04T18:02:59Z,2026-09-04T18:02:59Z,False,0,"Ipswich 0-2 Liverpool
Newcastle 2-2 Bournemouth
Brentford 3-1 Sunderland
Brighton 3-2 Leeds
Fulham 1-1 Crystal Palace
Manchester City 4-0 Coventry 
Spurs 2-1 Nottingham Forest
Hull 1-2 Aston Villa
Everton 0-3 Man united
Arsenal 2-2 Chelsea"
UgzPdJ1bJoxIGKxBDOl4AaABAg,6Ezl5T_rH_c,@whtwhtc,http://www.youtube.com/@whtwhtc,2026-09-04T18:02:01Z,2026-09-04T18:02:01Z,False,0,"Ipswich 1 Liverpool 3
Newcastle 2 Bournemouth 1
Brentford 2 Sunderland 0
Brighton 1 Leeds United 2
Fulham 1 Crystal Palace 1
Man City 3 Coventry 0 
Nottingham Forest 1 Spurs 1
Hull City 0 Aston Villa 2
Everton 1 Man United 2
Arsenal 2 Chelsea 2"
UgwBIL8SpbklkmIxHpd4AaABAg,6Ezl5T_rH_c,@Zeroisking0,http://www.youtube.com/@Zeroisking0,2026-09-04T18:01:52Z,2026-09-04T18:01:52Z,False,0,"Gameweek 3 Predictions:
Ipswich 1-2 Liverpool
Newcastle 1-2 Bournemouth 
Brentford 2-0 Sunderland
Norttingham Forest 1-0 Spurs
Mancity 3-0 Coventry 
Fulham 2-0 Crystal Palace
Brighton 3-3 Leeds
Hull 0-0 Aston Villa
Everton 0-2 Manchester United
Arsenal 2-1 Chelsea"
UgyVQy_g1PWDQYGjqzZ4AaABAg,6Ezl5T_rH_c,@lukecummins4403,http://www.youtube.com/@lukecummins4403,2026-09-04T18:01:50Z,2026-09-04T18:01:50Z,False,0,"Ipswich 2-3 Liverpool
Newcastle 2-1 Bournemouth 
Brentford 3-0 Sunderland 
Brighton 1-1 Leeds
Fulham 2-0 Crystal Palace 
Man City 5-0 Coventry
Forest 2-0 Spurs
Hull 1-0 Villa
Everton 1-1 Man Utd
Arsenal 3-1 Chelsea"
UgzmmW-gqVw1Ms8E4jF4AaABAg,6Ezl5T_rH_c,@subscribetoartguyfootball12353,http://www.youtube.com/@subscribetoartguyfootball12353,2026-09-04T18:01:35Z,2026-09-04T18:01:35Z,False,0,"Ipswich  vs liverpool 1: 4
Newcastle v Bournemouth  2:0
Brentford vs Sunderland 2:0
Brighton vs Leeds 2:2
Fulham vs palace 1:1
Man city v Coventry 4:0
Forest  v Tottenham 1:1 
Hull vs aston 2:2
Everton v united 1:3
Arsenal v chelsea 2:1"
Ugzh8Q36YGSxRUP5jM94AaABAg,6Ezl5T_rH_c,@Kaltyre,http://www.youtube.com/@Kaltyre,2026-09-04T18:00:34Z,2026-09-04T18:00:34Z,False,0,"First ones this season:
Ipshwich 1-2 Liverpool
Newcastle 2-0 Bournemouth
Brentford 2-2 Sunderland
Brighton 1-1 Leeds
Fulham 1-3 Crystal Palace
Man City 3-0 Coventry
Forest 1-1 Tottenham
Hull 0-2 Aston Villa
Everton 1-2 Man United
Arsenal 3-1 Chelsea"
UgzVv7BU-0RsnsXJdF54AaABAg,6Ezl5T_rH_c,@theofoster5008,http://www.youtube.com/@theofoster5008,2026-09-04T18:00:29Z,2026-09-04T18:00:29Z,False,0,"Ipswich 1-2 Liverpool
Newcastle 1-1 Bournemouth
Brentford 2-1 Sunderland
Brighton 3-2 Leeds
Fulham 0-0 Crystal Palace
Man City 4-1 Coventry
Nottingham Forest 2-0 Tottenham
Hull 2-2 Aston Villa
Everton 1-0 Man United
Arsenal 2-0 Chelsea"
UgzlhaQzvYr2YgcZJtV4AaABAg,6Ezl5T_rH_c,@Reaper5514,http://www.youtube.com/@Reaper5514,2026-09-04T18:00:15Z,2026-09-04T18:00:15Z,False,0,"Ipswich 0-2 Liverpool 
Newcastle 1-0 Bournemouth
Brentford 2-2 Sunderland 
Brighton 1-0 Leeds 
Fulham 0-3  Crystal Palace 
Man city 4-0 Coventry 
Forest 2-1 Spurs
Hull 1-1 Aston Villa 
Everton 2-1 Man united 
Arsenal 1-1  Chelsea"
UgyNbVCrhBOUh6_mfYh4AaABAg,6Ezl5T_rH_c,@snash8831,http://www.youtube.com/@snash8831,2026-09-04T17:59:48Z,2026-09-04T17:59:48Z,False,0,"Ipswich 1 Liverpool 2
Newcastle 2 Bournemouth 2
Brentford 2 Sunderland 0
Brighton 2 Leeds 1
Fulham 1 Crystal Palace 1
Man City 3 Coventry 0
Nottm Forest 1 Tottenham 1
Hull City 1 Aston Villa 1
Everton 1 Man United 1
Arsenal 2 Chelsea 1"
UgynmJA_Q4aP6rSQpb54AaABAg,6Ezl5T_rH_c,@Eminem-F1,http://www.youtube.com/@Eminem-F1,2026-09-04T17:59:31Z,2026-09-04T17:59:31Z,False,1,157th? Im really bad at this shit
UgyVWZXv_Bpmt9Ga8JB4AaABAg,6Ezl5T_rH_c,@stephensixsmith,http://www.youtube.com/@stephensixsmith,2026-09-04T17:59:28Z,2026-09-04T17:59:28Z,False,0,"Ipswich 2 Liverpool 2
Newcastle 2 Bournemouth 1
Brighton 1 Leeds 0
Fulham 1 Crystal Palace 0
Man City 3 Coventry 0
Nottm Forest 2 Tottenham 1
Brentford 3 Sunderland 2
Hull City 1 Aston Villa 0
Everton 2 Man United 2
Arsenal 2 Chelsea 1"
UgwLxrQCq0J8DIlfWxh4AaABAg,6Ezl5T_rH_c,@yaboietan_6430,http://www.youtube.com/@yaboietan_6430,2026-09-04T17:58:14Z,2026-09-04T17:58:14Z,False,0,"Ipswich 1-3 Liverpool
Newcastle 3-0 Bournemouth
Brentford 3-2 Sunderland 
Nottingham Forest 2-2 Spurs
Man City 6-1 Coventry
Fulham 2- 1 Crystal Palace
Brighton 1- 0 Leeds
Hull 1-1 Aston Villa
Arsenal 0-1 Chelsea
Everton 0-0 Man United"
UgyFVa7y5NJahfjc4394AaABAg,6Ezl5T_rH_c,@I.V.A.Nmusic,http://www.youtube.com/@I.V.A.Nmusic,2026-09-04T17:58:07Z,2026-09-04T17:58:07Z,False,0,"Ipswich 0-4 Liverpool
Newcastle 2-1 Bournemouth 
Brentford 1-0 Sunderland 
Brighton 0-2 Leeds
Fulham 0-1 Crystal Palace 
Man City 3-1 Coventry City
Nottingham Forest 1-0 Spurs
Hull 1-1 Aston Villa
Everton 1-2 Man United
Arsenal 3-2 Chelsea"
Ugzsqo7CktBJbtEkUj14AaABAg,6Ezl5T_rH_c,@Eminem-F1,http://www.youtube.com/@Eminem-F1,2026-09-04T17:58:01Z,2026-09-04T17:58:01Z,False,0,"Week 3 Premier League Predictions:
Ipswich 0-3 Liverpool
Newcastle 1-1 Bournemouth
Brentford 3-0 Sunderland
Nottingham Forest 2-0 Tottenham
Man City 3-1 Coventry
Fulham 1-3 Crystal Palace
Brighton 1-1 Leeds
Hull 1-1 Aston Villa
Everton 0-0 Man United
Arsenal 3-1 Chelsea"
Ugz1CLclQmlbLAwtlnR4AaABAg,6Ezl5T_rH_c,@CosminsssAlex,http://www.youtube.com/@CosminsssAlex,2026-09-04T17:57:18Z,2026-09-04T17:57:18Z,False,0,"Ipswich 0 Liverpool 2
Newcastle 1 Bournemouth 1
Brentford 2 Sunderland 0
Brighton 1 Leeds 2
Fulham 1 Crystal Palace 0
Manchester City 4 Coventry 0
Nottingham Forest 3 Tottenham 1
Hull 0 Aston Villa 3
Everton 0 Manchester United 2
Arsenal 2 Chelsea 1"
UgwDlMG52RmEdk5Ntcl4AaABAg,6Ezl5T_rH_c,@leomccarron9133,http://www.youtube.com/@leomccarron9133,2026-09-04T17:57:15Z,2026-09-04T17:57:15Z,False,0,"Ipswitch 1 Liverpool 3
Newcastle 2 Bournemouth 1
Brentford 2 Sunderland 1
Brighton 2 Leeds 2
Fulham 2 Palace 1
Man City 5 Coventry 0  (Haaland hatrick)
Forest 2 tottenham 2
Hull 1 Villa 2
Everton 1 Man U 1
Arsenal 3 Chelsea 1"
UgzVM7cI6s3q7Wvx_Cl4AaABAg,6Ezl5T_rH_c,@antonio5219,http://www.youtube.com/@antonio5219,2026-09-04T17:56:50Z,2026-09-04T17:56:50Z,False,1,"Ipswich Town - Liverpool 1-3
Newcastle - Bournemouth 1 - 1
Brentford - Sunderland 2 - 2
Brighton - Leeds 0 - 0
Fulham - Crystal Palace 1 - 0
Manchester City - Coventry 3 - 0
Nottingham Forest - Tottenham 0 - 2
Hull - Aston Villa 1 - 2
Everton - Manchester United 1 - 2
Arsenal - Chelsea 0 - 0"
UgwxqywU6Z292XeVur94AaABAg,6Ezl5T_rH_c,@blero473,http://www.youtube.com/@blero473,2026-09-04T17:56:25Z,2026-09-04T17:56:25Z,False,0,"Ipswich v Liverpool 1:1
Newcastle v Bournemouth 2:1
Brentford v Sunderland 2:0
Brighton v Leeds 3:2
Fulham v Palace 1:1
Man City v Coventry 5:1
Forest v Spurs 1:0
Hull v Aston Villa 1:0
Everton v Man United 1:3
Arsenal v Chelsea 1:0"
UgyBm_63_wM4l45Tpap4AaABAg,6Ezl5T_rH_c,@Vanmanyo,http://www.youtube.com/@Vanmanyo,2026-09-04T17:56:23Z,2026-09-04T17:56:23Z,False,0,"Ipswich v Liverpool 1-3
Newcastle v Bournemouth 1-1
Brentford v Sunderland 3-2
Nottm Forest v Spurs 2-2
Man City v Coventry 4-0
Fulham v Palace 2-1
Brighton v Leeds 2-1
Hull v Aston Villa 0-2
Everton v Man United 0-1
Arsenal v Chelsea 1-1"
UgwmrCq9Xl5uKrDs0YJ4AaABAg,6Ezl5T_rH_c,@doog-2,http://www.youtube.com/@doog-2,2026-09-04T17:55:45Z,2026-09-04T17:55:45Z,False,0,"Liverpool 2 Ipswich 1
Newcastle 1 Bournemouth 1
Sunderland 0 Brentford 2
Leeds 2 Brighton 2
Fulhan 3 crestle palace 1
Man city 4 Coventry 0
Forrest 1 spurs 1
Hull 0 villa 0
Uinited 2 Everton 1"
UgyE4xjCYl7cf6yeX-F4AaABAg,6Ezl5T_rH_c,@12tentacao,http://www.youtube.com/@12tentacao,2026-09-04T17:55:26Z,2026-09-04T17:55:26Z,False,0,"Ipswich 1-2 Liverpool
Newcastle 3-3 Bournemouth
Brentford 3-1 Sunderland
Brighton 0-2 Leeds
Fulham 3-0 Crystal Palace
Man City 5-1 Coventry
Nottingham Forest 3-2 Spurs
Hull 1-1 Aston Villa
Everton 1-3 Man United
Arsenal 2-0 Chelsea"
UgxdnXeYWeE48zA7QV54AaABAg,6Ezl5T_rH_c,@WolfyHai,http://www.youtube.com/@WolfyHai,2026-09-04T17:55:21Z,2026-09-04T17:55:21Z,False,1,"Ipswich v Liverpool 1:3
Newcastle v Bournemouth 2:1
Brentford v Sunderland 3:1
Brighton v Leeds 2:2
Fulham v Palace 1:1
Manchester City v Coventry 5:1
Forest v Spurs 1:1
Hull v Aston Villa 1:0
Everton v Manchester United 0:2 
Arsenal v Chelsea 1:2"
Ugy31gGl9EjRsRESqzF4AaABAg,6Ezl5T_rH_c,@subscribetoartguyfootball12353,http://www.youtube.com/@subscribetoartguyfootball12353,2026-09-04T17:55:15Z,2026-09-04T17:55:15Z,False,0,Help how do I predict on the website
UgzoikPFCWRORFddg5N4AaABAg,6Ezl5T_rH_c,@Swij248,http://www.youtube.com/@Swij248,2026-09-04T17:55:02Z,2026-09-04T17:55:02Z,False,0,"ipswich 1-3 liverpool
newcastle 1-2 bournemouth 
brentford 2-2 sunderland 
brighton 3-2 leeds
crystal palace 3-1 fulham
Man city 6-1 coventry 
nottingham forest 2-1 tottenham hotspur
hull 0-2 aston villa
everton 0-2 manchester united 
Arsenal 2-2 chelsea"
UgxQEn5FuGPklWP3tOJ4AaABAg,6Ezl5T_rH_c,@leozon100,http://www.youtube.com/@leozon100,2026-09-04T17:54:52Z,2026-09-04T17:54:52Z,False,0,"Ipswich 1-2 Liverpool
Newcastle 2-2 Bournemouth
Brentford 3-1 Sunderland
Brighton 2-1 Leeds
Fulham 1-0 Crystal Palace
Man City 3-0 Coventry
Nottingham Forest 2-1 Spurs
Hull 1-2 Aston Villa
Everton 1-3 Man United
Arsenal 2-0 Chelsea"
UgzGMWQB99OUSIOziPd4AaABAg,6Ezl5T_rH_c,@noah0051,http://www.youtube.com/@noah0051,2026-09-04T17:54:00Z,2026-09-04T17:54:00Z,False,0,"Ipswich v Liverpool 1-2
Newcastle v Bournemouth 2-1
Brentford v Sunderland 3-1
Nottm Forest v Spurs 0-2
Man City v Coventry 3-0
Fulham v Palace 1-1
Brighton v Leeds 2-2
Hull v Aston Villa 1-0
Everton v Man United 2-3
Arsenal v Chelsea 1-2"
UgxozXiUPh_GqSoUqM14AaABAg,6Ezl5T_rH_c,@alfredopergreno9543,http://www.youtube.com/@alfredopergreno9543,2026-09-04T17:53:59Z,2026-09-04T17:53:59Z,False,0,"Ipswich 1 Liverpool 1
 Newcastle 2 Bournemouth 1
Brentford 2 Sunderland 2
 Brighton 3 Leeds 1
Fulham 2 Palace 1
 Man City 2 Coventry 1
Forest 2 Spurs 3
Hull  2 Aston Villa 3
 Everton 1 Man United 3
Arsenal 2 Chelsea 0"
UgwhmSu12AJ_79Tj0fd4AaABAg,6Ezl5T_rH_c,@psykosis_the_amatuer_animator,http://www.youtube.com/@psykosis_the_amatuer_animator,2026-09-04T17:53:59Z,2026-09-04T17:53:59Z,False,0,"Ipswich 1 Liverpool 2
Newcastle 3 Bournemouth 2
Brentford 1 Sunderland 2 
Brighton 1 Leeds 1 
Fulham 0 crystal palace 2
Man city 5 Coventry 0 
Forest 1 Tottenham 0
Hull 0 Aston Villa 2
Man United 1 Everton 0
Arsenal 2 Chelsea 0"
UgxxW_IzEDp6bykW1vt4AaABAg,6Ezl5T_rH_c,@heathenwolf9847,http://www.youtube.com/@heathenwolf9847,2026-09-04T17:53:45Z,2026-09-04T17:53:45Z,False,0,"Ipswich 1 liverpool 3
Newcastle 3 Bournemouth 1
Brentford 0 Sunderland 1
Fullam 2 Crystal Palace 1
Man City 4 Coventry 1
Forrest 1 Spurs 1
Hull 2 Villa 2
Everton 1 Man U 2
Arsenal 3 Chelsea 1"
UgxSMx91LZEs78MQYr14AaABAg,6Ezl5T_rH_c,@A.Sharif.02,http://www.youtube.com/@A.Sharif.02,2026-09-04T17:53:43Z,2026-09-04T17:58:06Z,True,0,"GW3 Predictions:

Ipswich 1-3 Liverpool
Newcastle 2-1 Bournemouth
Nottingham Forest 1-0 Tottenham
Fulham 0-0 Crystal Palace
Man City 5-0 Coventry
Brentford 2-1 Sunderland
Brighton 1-1 Leeds
Hull 0-0 Aston Villa
Everton 1-1 Man United
Arsenal 2-1 Chelsea"
UgxpCg7Dc28ytPIMJr54AaABAg,6Ezl5T_rH_c,@gainzwithglenn,http://www.youtube.com/@gainzwithglenn,2026-09-04T17:53:34Z,2026-09-04T17:53:34Z,False,0,"Ipswich 0-3 Liverpool
Newcastle 2-2 Bournemouth
Brentford 3-1 Sunderland
Brighton 1-1 Leeds
Fulham 0-0 Palace
Forest 2-1 Spurs
Man City 5-0 Coventry
Hull 0-2 Villa
Everton 2-3 Man United
Arsenal 1-1 Chelsea"
UgzcVlyt8E95jFVBIBJ4AaABAg,6Ezl5T_rH_c,@yulanluo9980,http://www.youtube.com/@yulanluo9980,2026-09-04T17:53:30Z,2026-09-04T17:53:30Z,False,0,"Ipswich 1-3 Liverpool
Newcastle 2-2 Bournemouth
Brentford 1-0 Sunderland
Nottm Forest 1-1 Tottenham
Man City 4-0 Coventry
Fulham 0-0 Palace
Brighton 2-0 Leeds
Hull 1-1 Aston Villa
Everton 2-2 Man United
Arsenal 2-1 Chelsea"
UgwTjsUVa2tJdPPZ2BJ4AaABAg,6Ezl5T_rH_c,@majahki,http://www.youtube.com/@majahki,2026-09-04T17:53:12Z,2026-09-04T17:53:12Z,False,3,"Hello first time participating

Ipswich v Liverpool 1-3
Newcastle v Bournemouth 2-1
Brentford v Sunderland 3-2
Brighton v Leeds 2-1
Fulham v Crystal Palace 2-2
Manchester City v Coventry 3-0
Nottingham forest v spurs 2-1
Hull v Aston villa 1-1
Everton v Manchester United 1-3
Arsenal v Chelsea 1-1"
Ugzho_9Qid60_bwFKH54AaABAg,6Ezl5T_rH_c,@natgames2207,http://www.youtube.com/@natgames2207,2026-09-04T17:52:40Z,2026-09-04T17:52:40Z,False,0,"Ipswich 1 Liverpool 3
Newcastle 1 Bournemouth 1
Brentford 3 Sunderland 1
Brighton 3 Leeds 2
Fullham 0 Palace 2
Man City 3 Coventry 0
Forest 2 spurs 1
Hull 1 villa 2
Everton 0 Man utd 3
Arsenal 2 Chelsea 2"
UgyQ575rsuyxOzNuj5d4AaABAg,6Ezl5T_rH_c,@LieutenantPulp,http://www.youtube.com/@LieutenantPulp,2026-09-04T17:52:30Z,2026-09-04T17:52:30Z,False,0,"Ipswich 1-4 Liverpool
Newcastle 2-1 Bournemouth
Brentford 1-1 Sunderland
Brighton 1-1 Leeds
Fulham 1-0 Palace 
Man City 5-0 Coventry 
Forest 2-1 Spurs 
Hull 1-2 Villa 
Everton 1-1 Man Utd 
Arsenal 3-1 Chelsea"
Ugzf8NcD_GuADUC5Vvl4AaABAg,6Ezl5T_rH_c,@Tatenda10,http://www.youtube.com/@Tatenda10,2026-09-04T17:52:10Z,2026-09-04T17:52:10Z,False,0,"Liverpool 3 v Ipswich 1
Arsenal 2 v Chelsea 1
Man city 5 v Coventry 1
Man united 2 v Everton 2
Newcastle 3 v Bournmouth 2
Hull 1 v Villa 0
Brighton 1 v Leeds 
Brentford 3 v Sunderland 1
Fulham 0 v Crystal palace 1
Tottenham 2 v Forest 0"
UgwOPoNgajOei6w-gqR4AaABAg,6Ezl5T_rH_c,@thetechguide4844,http://www.youtube.com/@thetechguide4844,2026-09-04T17:52:00Z,2026-09-04T17:52:00Z,False,0,"Ipswich 1 Liverpool 3
Bournemouth 2 Newcastle 1
Brentford 4 Sunderland 0
Nottingham 2 Spurs 1
Man City 2 Coventry 0
Fulham 1 Palace 1
Brighton 0 Leeds 0
Hull 1 Aston Villa 0
Everton 2 Man u 2
Arsenal 1 Chelsea 1"
Ugxd6vKFTrAfWhpiift4AaABAg,6Ezl5T_rH_c,@krimson2077,http://www.youtube.com/@krimson2077,2026-09-04T17:51:58Z,2026-09-04T17:51:58Z,False,0,"Ipswich 1-2 Liverpool
Newcastle 3-1 Bournemouth
Brentford 2-0 Sunderland
Brighton 2-1 Leeds
Fulham 3-2 Crystal Palace
Man City 5-0 Coventry
Nottingham Forest 2-1 Spurs
Hull 1-1 Aston Villa
Everton 1-3 Man United
Arsenal 1-0 Chelsea"
UgzCoYw86DAwhoJ1-VZ4AaABAg,6Ezl5T_rH_c,@Thelonesoldier360,http://www.youtube.com/@Thelonesoldier360,2026-09-04T17:51:43Z,2026-09-04T17:51:43Z,False,0,"Ipswich v Liverpool 0:6
Newcastle v Bournemouth 1:2
Brentford v Sunderland 1:0
Brighton v Leeds 4:3
Fulham v Palace 0:0
Man City v Coventry 4:1
Forest v Spurs 2:0
Hull v Aston Villa 1:0
Everton v Man United 2:1
Arsenal v Chelsea 3:2"
Ugww3gvqEj2JJcKA_YZ4AaABAg,6Ezl5T_rH_c,@AyushSharma-qy2si,http://www.youtube.com/@AyushSharma-qy2si,2026-09-04T17:51:38Z,2026-09-04T17:51:38Z,False,0,"Ipswich 1-3 Liverpool
Newcastle 2-2 Boro
Brentford 2-1 sunderland 
Brighton 2-1 leeds
Fulham 3-2 palace 
Manc 3-1 coventry
Nottm forest 2-2 spurs
Hull 1-2 aston villa
Everton 1-2 united
Arsenal 3-1 chelsea"
UgyM6dhLNbkyDOvE0kl4AaABAg,6Ezl5T_rH_c,@ammar56604,http://www.youtube.com/@ammar56604,2026-09-04T17:51:28Z,2026-09-04T17:51:28Z,False,0,"Ipswich 0-2 Liverpool
Newcastle 2-1 Bournemouth
Brentford 3-1 Sunderland
Brighton 2-1 Leeds
Fulham 1-1 Palace
Man City 4-0 Coventry
Forest 2-0 Spurs
Hull 1-3 Aston Villa
Everton 1-1 Man United
Arsenal 1-1 Chelsea"
Ugzg4yBINjR8B_uwaQl4AaABAg,6Ezl5T_rH_c,@Haybalez,http://www.youtube.com/@Haybalez,2026-09-04T17:51:21Z,2026-09-04T17:51:21Z,False,0,"Ipswich 1-2 Liverpool 
Newcastle 1-1 Bournemouth 
Brentford 3-1 Sunderland 
Forest 1-0 Spurs
Man City 3-0 Cov
Fulham 1-0 Crystal Palace 
Brighton 2-2 Leeds 
Hull 0-2 Villa 
Everton 1-1 Man Utd 
Arsenal 2-1 Chelsea 
UTV 💜💙"
UgyakmXD4PB2pZzDGs54AaABAg,6Ezl5T_rH_c,@rathangjoshi956,http://www.youtube.com/@rathangjoshi956,2026-09-04T17:51:11Z,2026-09-04T17:51:11Z,False,0,"Ipswich 0 Liverpool 3
Newcastle 1 Bournemouth 1
Brentford 4 Sunderland 1
Nottingham forest 1 Tottenham 2
Man City 4 Coventry City 0
Fulham 2 Crystal palace 2
Brighton 2 Leeds 3
Hull City 0 Aston villa 2
Everton 1 United 3
Arsenal 2 Chelsea 2"
Ugxqw9ec_PxaY01jqal4AaABAg,6Ezl5T_rH_c,@normandecleer4424,http://www.youtube.com/@normandecleer4424,2026-09-04T17:51:09Z,2026-09-04T17:51:09Z,False,0,"Ipswich 0 Liverpool 4
Newcastle 3 Bournemouth 1
Brentford 1 Sunderland 1
Notthingham Forest 1 Spurs 3
Manchester City 6 Coventry 0
Fulham 2 Crystal Palace 2
Brighton 1 Leeds 2
Hull 0 Aston Villa 2
Everton 1 Manchester United 3
Arsenal 1 Chelsea 2"
UgyB235ANDwLeQ3HtEB4AaABAg,6Ezl5T_rH_c,@ConnorPenfold,http://www.youtube.com/@ConnorPenfold,2026-09-04T17:50:48Z,2026-09-04T17:50:48Z,False,3,23:59 you wouldn’t have heard him say that 2 years ago
Ugwni1qX3iCmafgjHA14AaABAg,6Ezl5T_rH_c,@TrashBoat2604,http://www.youtube.com/@TrashBoat2604,2026-09-04T17:50:43Z,2026-09-04T17:50:43Z,False,0,"Ipswich 0 Liverpool 3
Newcastle 2 Bournemouth 1
Brentford 2 Sunderland 0
Forest 1 Tottenham 2
Man city 3 Coventry 1
Fulham 1 Palace 1
Brighton 0 Leeds 2
Hull 0 Aston Villa 2
Arsenal 3 Chelsea 2
Everton 1 Man United 3"
UgzzCnvWABGhBIxysQp4AaABAg,6Ezl5T_rH_c,@Scotty2303,http://www.youtube.com/@Scotty2303,2026-09-04T17:50:42Z,2026-09-04T17:50:42Z,False,0,"Ipswich 0-2 Liverpool
Newcastle 3-1 Bournemouth 
Brentford 2-0 Sunderland 
Brighton 1-1 Leeds
Fulham 0-0 Palace
Man City 4-0 Coventry 
Forest 2-1 Spurs
Hull 0-1 Aston Villa
Everton 1-1 Man United 
Arsenal 2-1 Chelsea"
Ugzt1PQartBfFCCVz9h4AaABAg,6Ezl5T_rH_c,@_chabrlja,http://www.youtube.com/@_chabrlja,2026-09-04T17:49:54Z,2026-09-04T17:49:54Z,False,0,"Ipswich 1 Liverpool 3
Newcastle 2 Bournemouth 1
Brentford 2 Sunderland 0
Fulham 1 Crystal Palace 0
Brighton 0 Leeds 0
Man City 5 Coventry 0
Forest 2 Spurs 1
Hull 1 Aston Villa 1
Everton 1 Man united 2
Arsenal 3 Chelsea 2"
UgzYacmGdamdMFSjDSJ4AaABAg,6Ezl5T_rH_c,@Pronce_5237,http://www.youtube.com/@Pronce_5237,2026-09-04T17:49:33Z,2026-09-04T17:49:33Z,False,0,"Ipswich vs Liverpool: 2-2
Newcastle vs Bouremouth: 2-0
Nottingham forest vs Tottenham: 2-1
Man City vs Coventry: 3-0
Fulham vs Crystal Palace: 1-0
Brighton vs Leeds: 3-3 
Brentford vs Sunderland: 2-2
Aston villa vs hull: 4-1
Everin vs Man united: 0-2
Arsenal vs Chelsea: 3-2"
UgzKWr93GUc8A7fzMdl4AaABAg,6Ezl5T_rH_c,@DomKnight-r4i,http://www.youtube.com/@DomKnight-r4i,2026-09-04T17:49:16Z,2026-09-04T17:49:16Z,False,0,"Ipswich v Liverpool 1-3
Newcastle v Bournemouth 2-1
Brentford v Sunderland 0-0
Brighton v Leeds 0-3
Fulham v palace 2-0
Man city v Coventry 5-0
Forest v spurs 1-1
Hull v Aston villa 1-2
Everton v man united 1-2
Arsenal v Chelsea 3-4"
UgykpKm1bP1kbjjDgZh4AaABAg,6Ezl5T_rH_c,@ethanedwards1037,http://www.youtube.com/@ethanedwards1037,2026-09-04T17:49:12Z,2026-09-04T17:49:12Z,False,0,"Gameweek 3 Predictions:

Ipswich 2-2 Liverpool
Newcastle 2-0 Bournemouth
Brentford 3-1 Sunderland
Brighton 0-1 Leeds
Fulham 2-1 Crystal Palace
Man City 4-0 Coventry
Nottingham Forest 1-1 Spurs
Hull 1-1 Aston Villa
Everton 0-1 Man United
Arsenal 3-4 Chelsea"
UgxhBqimNPRHbt5kaz54AaABAg,6Ezl5T_rH_c,@aaronbard4403,http://www.youtube.com/@aaronbard4403,2026-09-04T17:48:57Z,2026-09-04T17:48:57Z,False,0,"Predictions GW 3
Ipswich 1-4 Liverpool 
Newcastle 2-0 Bournemouth
Brentford 1-1 Sunderland
Brighton 2-2 Leeds
Fulham 3-1 Crystal Palace
Manchester City 5-0 Coventry
Nottingham Forest 1-1 Spurs
Hull City 0-2 Aston Villa
Everton 1-3 Manchester United
Chelsea 2-1 Arsenal"
UgwwNSfQwFE7sniS2c94AaABAg,6Ezl5T_rH_c,@pricus2951,http://www.youtube.com/@pricus2951,2026-09-04T17:48:37Z,2026-09-04T17:48:37Z,False,1,"Ipswich 1-3 Liverpool 
Newcastle 2-2 Bournemouth 
Brentford 1-1 Sunderland 
Nottingham Forest 2-3 Tottenham 
Manchester City 5-1 Coventry 
Fulham 1-1 Crystal Palace 
Brighton 3-1 Leeds 
Hull 1-2 Aston Villa
Arsenal 3-4 Chelsea"
UgxFdryw3UWRThaPaxV4AaABAg,6Ezl5T_rH_c,@danenull254,http://www.youtube.com/@danenull254,2026-09-04T17:48:30Z,2026-09-04T17:48:30Z,False,0,"Gameweek 3 predictions:
Ipswich 1-3 Liverpool
Newcastle 2-1 Bournemouth
Brentford 2-0 Sunderland
Brighton 1-0 Leeds
Fulham 1-1 Palace
Man City 4-0 Coventry
Forest 2-1 Spurs
Hull 0-2 Aston Villa
Everton 1-1 Man United
Arsenal 2-1 Chelsea"
UgyqsfmXoXg3MOmUcEN4AaABAg,6Ezl5T_rH_c,@xygut,http://www.youtube.com/@xygut,2026-09-04T17:48:22Z,2026-09-04T17:48:22Z,False,0,"Ipswich 1-3 Liverpool 
Newcastle 1-1 Bournemouth 
Brentford 1-0 Sunderland 
Nottingham Forest 2-2 Tottenham
Man City 3-0 Coventry
Fulham 1-1 Crystal Palace
Brighton 1-2 Leeds
Hull 0-2 Aston Villa
Everton 1-2 Man united
Arsenal 2-2 Chelsea"
UgzFiYYXYOQtYp-IhDF4AaABAg,6Ezl5T_rH_c,@jhiyu,http://www.youtube.com/@jhiyu,2026-09-04T17:48:18Z,2026-09-04T17:51:45Z,True,0,"This is my first time giving football a proper attempt at watching it so I'll give my professional predictions:

Ipswich 1 - 3 Liverpool
Newcastle 1 - 1 Bournemouth
Brentford 1 - 0 Sunderland
Brighton 1 - 2 Leeds
Fulham 2 - 2 Crystal Palace
Manchester City 4 - 0 Coventry
Nottingham Forest 1 - 0 Tottenham
Hull City 1 - 1 Aston Villa
Everton 0 - 2 Manchester United
Arsenal 4 - 2 Chelsea"
UgwI9j9iiTKUnxKQi0p4AaABAg,6Ezl5T_rH_c,@YoichiClipsyt,http://www.youtube.com/@YoichiClipsyt,2026-09-04T17:48:13Z,2026-09-04T17:48:13Z,False,2,"IPS 2-2 LIV
NEW 2-1 BOU
BRE 2-2 SUN
FUL 1-2 CRY
MCI 3-2 COV
NFO 2-1 TOT
HUL 2-3 AVL
EVE 1-2 MUN
ARS 2-3 CHE"
Ugxv0TDjrb4Lb21DnOV4AaABAg,6Ezl5T_rH_c,@TheDutchStarWarsGuy,http://www.youtube.com/@TheDutchStarWarsGuy,2026-09-04T17:47:53Z,2026-09-04T17:47:53Z,False,0,"Ipswich 1-2 Liverpool
Newcastle 2-1 Bournemouth
Fulham 2-0 Crystal Palace
Man City 4-0 Coventry
Brighton 1-0 Leeds
Brentford 3-1 Sunderland
Nottingham 3-0 Spurs
Hull 1-1 Villa
Everton 2-2 Man United
Arsenal 3-2 Chelsea"
UgzHEje-mUSzhaBl2-N4AaABAg,6Ezl5T_rH_c,@EddieMajola-j9g,http://www.youtube.com/@EddieMajola-j9g,2026-09-04T17:47:48Z,2026-09-04T17:47:48Z,False,0,"Ipswich 1 Liverpool 2
Newcastle 0 Bournemouth 0
Brentford 4 Sunderland 0
Brighton 3- Leeds 1
Fulham 2 Palace 0
Mancity 2 - Coventry 3
Forest 2 Spurs 1
Hull 0 Villa 2
Everton 2 ManU 0
Arsenal 2 Chelsea 3"
UgzCFp6wX2Y3P7zgyeR4AaABAg,6Ezl5T_rH_c,@ajdinheric2116,http://www.youtube.com/@ajdinheric2116,2026-09-04T17:47:44Z,2026-09-04T17:47:44Z,False,0,"Ipswich 0 Liverpool 3
Newcastle 3 Bournemouth 1
Brentford 2 Sunderland 0
Brighton 1 Leeds 2
Fulham 1 Palace 1
Man City 6 Coventry 0
Forest 1 Spurs 2
Hull 0 Aston Villa 3
Everton 2 Man Utd 1
Arsenal 2 Chelsea 3"
UgzXa5i0Y6u-IuUtYEp4AaABAg,6Ezl5T_rH_c,@Wtf-b3k,http://www.youtube.com/@Wtf-b3k,2026-09-04T17:47:20Z,2026-09-04T17:47:20Z,False,0,"ipswich 0-2 liverpool 
newcastle 2-1 bournemouth
brentford 3-1 sunderland
nottingham forest 0-0 spurs
manchester city 4-0 coventry
fulham 0-1 crystal palace
brighton 3-3 leeds
hull 1-0 aston villa 
everton 0-0 manchester united 
arsenal 3-0 chelsea"
Ugz0XcePe-kfqssUJ494AaABAg,6Ezl5T_rH_c,@abhedyaagarwal5054,http://www.youtube.com/@abhedyaagarwal5054,2026-09-04T17:47:19Z,2026-09-04T17:47:19Z,False,0,"Ipswich v Liverpool 1-2
Newcastle v Bournemouth 3-1
Brentford v Sunderland 2-0
Brighton v Leeds 4-0
Fulham v Palace 1-1
Man City v Coventry 4-1
Forest v Spurs 1-3
Hull v Villa 2-2
Everton v Man Utd 1-4
Arsenal v Chelsea 1-2"
UgwQtyERJ5ZLSxNZN3R4AaABAg,6Ezl5T_rH_c,@Porto5452,http://www.youtube.com/@Porto5452,2026-09-04T17:47:06Z,2026-09-04T17:47:06Z,False,0,"Ipswich 1-3 Liverpool, Newcastle 2-1 Bournemouth, Brentford 1-0 Sunderland, Brighton 1-1 Leeds, Fulham 2-0 Crystal Palace, City 4-1 Coventry,  Nottingham 0-0 Spurs, Hull 2-0 Villa, Everton 2-1 United, Arsenal 2-0 Chelsea"
UgyfrDALuWVRe6c0wyR4AaABAg,6Ezl5T_rH_c,@halea7124,http://www.youtube.com/@halea7124,2026-09-04T17:45:46Z,2026-09-04T17:45:46Z,False,0,"Predictions
Ipswich 1-3 Liverpool
Newcastle 2-2 Bournemouth
Brentford 2-1 Sunderland
Nottingham Forest 1-2 Tottenham
Man City 5-0 Coventry
Fulham 3-0 Crystal Palace
Brighton 3-2 Leeds
Hull 1-2 Aston Villa
Everton 2-0 Man United
Arsenal 2-2 Chelsea"
Ugxm9KnuAbhrr4WWBvB4AaABAg,6Ezl5T_rH_c,@Jovani-j3k,http://www.youtube.com/@Jovani-j3k,2026-09-04T17:44:45Z,2026-09-04T17:44:45Z,False,0,"Gameweek 3 predictions 
Ipswich 1 Liverpool 2 
Newcastle 2 Bournemouth 2 
Brentford 2 Sunderland 0 
Nottingham Forrest 1 Tottenham 2 
Man City 6 Coventry 0 (bonus haaland hatrick ndiaye debut goal)
Fulham 2 Crystal Palace 1 
Brighton 2 Leeds 0 
Hull 1 Aston Villa 0
Everton 0 Man United 1
Arsenal 1 Chelsea 2"
UgwgDpmIA-g4g4fKbtJ4AaABAg,6Ezl5T_rH_c,@TacticalTempo,http://www.youtube.com/@TacticalTempo,2026-09-04T17:44:19Z,2026-09-04T17:44:19Z,False,0,"Ipswich v Liverpool 1:3
Newcastle v Bournemouth 2:0
Brentford v Sunderland 4:0
Brighton v Leeds 3:2
Fulham v Palace 1:1
Man City v Coventry 4:1
Forest v Spurs 2:0
Hull v Aston Villa 0:3
Everton v Man United 0:2
Arsenal v Chelsea 2-4"
Ugz7y7yAcn5dWBx4TcJ4AaABAg,6Ezl5T_rH_c,@Bamsi-tl4nk,http://www.youtube.com/@Bamsi-tl4nk,2026-09-04T17:44:04Z,2026-09-04T17:44:04Z,False,0,"My Premier League Gameweek 3 predictions:
Ipswich Town 1-4 Liverpool 
Newcastle United 2-1 Bournemouth
Brentford 1-0 Sunderland 
Brighton & Hove Albion 2-2 Leeds United
Fulham 0-0 Crystal Palace 
Manchester City 3-0 Coventry City 
Nottingham Forest 2-1 Tottenham Hotspur
Hull City 1-1 Aston Villa
Everton 1-1 Manchester United 
Arsenal 1-3 Chelsea"
Ugw3dyhgD6JaUu65OiJ4AaABAg,6Ezl5T_rH_c,@lennyleslie2012,http://www.youtube.com/@lennyleslie2012,2026-09-04T17:43:53Z,2026-09-04T17:43:53Z,False,0,"Ipswich v Liverpool 1:3
Newcastle v Bournemouth 0:2
Brentford v Sunderland 0:1
 Brighton v Leeds 2:2
Fulham v Palace 3:2
 Man City v Coventry 3:0
Forest v Spurs 1:1
 Hull v Aston Villa 2:1
Everton v Man United 2:1
Arsenal v Chelsea 0:1"
UgzyhvVTtplbJh_eop54AaABAg,6Ezl5T_rH_c,@willrelf92,http://www.youtube.com/@willrelf92,2026-09-04T17:43:53Z,2026-09-04T17:43:53Z,False,14,"Loving the website!  I’ll take 93rd for now, though I need to step up my game a bit.  Predictions below.

Ipswich 1-1 Liverpool
Newcastle 3-2 Bournemouth
Brentford 2-1 Sunderland
Brighton 2-1 Leeds
Fulham 1-0 Crystal Palace
Man City 3-0 Coventry
Nottingham Forest 2-1 Spurs
Hull 1-2 Aston Villa
Everton 1-1 Man United
Arsenal 1-0 Chelsea"
UgxoJTOh4e-moc8tH0R4AaABAg,6Ezl5T_rH_c,@porfilopez5257,http://www.youtube.com/@porfilopez5257,2026-09-04T17:43:25Z,2026-09-04T17:45:10Z,True,0,"GW3 predictions:
Ipswich 0-2 Liverpool 
Newcastle 2-1 Bournemouth 
Brentford 2-1 Sunderland 
Nottingham Forest 0-0 Tottenham 
Manchester City 4-0 Coventry 
Fulham 1-1 Crystal Palace 
Brighton 2-3 Leeds 
Hull 1-2 Aston Villa
Arsenal 2-2 Chelsea

Edit: I forgot the Everton Manchester United game 10:44 am (PST)
Everton 1-2 Manchester United"
Ugx86nyDzAqu5AZcMp94AaABAg,6Ezl5T_rH_c,@rdjerry2410,http://www.youtube.com/@rdjerry2410,2026-09-04T17:43:08Z,2026-09-04T17:43:08Z,False,0,Ipswich town 1-2 liverpool  newcastle 2-1 bournemouth  brentford 3-1 sunderland  nottm forest 3-1 tottenham  Man city 5-1 coventry  fulham 1-1 palace  brighton 1-2 leeds  hull 2-0 aston villa  everton 1-1 man united  arsenal 3-1 chelsea
UgwPPVcYiP3boLIeM4d4AaABAg,6Ezl5T_rH_c,@jiken220,http://www.youtube.com/@jiken220,2026-09-04T17:43:01Z,2026-09-04T17:43:01Z,False,0,"Ipswich 1-5 Liverpool
Newcastle 4-1 Bournemouth
Brentford 3-2 Sunderland
Nottingham Forest 2-0 Tottenham
Manchester City 6-0 Coventry
Fulham 1-1 Crystal Palace
Brighton 1-3 Leeds
Hull 1-0 Aston Villa
Everton 1-2 Manchester United
Arsenal 1-0 Chelsea"
UgxsPp3BX0ZaHF70uu94AaABAg,6Ezl5T_rH_c,@xRedman9999x,http://www.youtube.com/@xRedman9999x,2026-09-04T17:42:49Z,2026-09-04T17:42:49Z,False,0,"Gamesweek 3 Predictions

Ipswich Town 1-2 Liverpool
Newcastle 1-0 Bournemouth
Brentford 2-2 Sunderland
Brighton 2-0 Leeds
Fulham 0-0 Crystal Palace
Manchester City 4-0 Coventry City
Nottingham Forest 3-1 Tottenham Spurs
Hull City 2-0 Aston Villa
Everton 2-3 Manchester United
Arsenal 0-0 Chelsea"
UgzRu-ZzX1t7cOmU17B4AaABAg,6Ezl5T_rH_c,@scuffedgang1212,http://www.youtube.com/@scuffedgang1212,2026-09-04T17:42:31Z,2026-09-04T17:42:31Z,False,0,"My Gameweek 3 predictions:

Ipswich 1 Liverpool 3 
Newcastle 2 Bournemouth 1
Brentford 2 Sunderland 1
 Brighton 1 Leeds 1
 Fulham 1 Palace 1
 Man City 4 Coventry 1
Forest 2  Spurs 3
Hull 1 Aston Villa 2
Everton 1 Man United 2
 Arsenal 1 Chelsea 2"
UgxtVD-RVUQUkG0184h4AaABAg,6Ezl5T_rH_c,@richardparker9556,http://www.youtube.com/@richardparker9556,2026-09-04T17:42:17Z,2026-09-04T17:42:17Z,False,0,"Ipswich 0 Liverpool 2
Newcastle 2 Bournemouth 1
Brentford 2 Sunderland 1

Brighton 1 Leeds 1
Fulham 1 Palace 2
Man City 3 Coventry 0
Forest 2 Spurs 2
Hull 0 Aston Villa 0
Everton 0 Man United 1
Arsenal 3 Chelsea 1"
UgyBQdzBiQVeP5verWl4AaABAg,6Ezl5T_rH_c,@afcb_humph26,http://www.youtube.com/@afcb_humph26,2026-09-04T17:41:41Z,2026-09-04T17:41:41Z,False,0,"Ipswich 1-3 Liverpool 
Newcastle 2-2 Bournemouth 
Brentford 1-1 Sunderland 
Nottingham Forest 2-0 Tottenham 
Man City 4-0 Coventry 
Fulham 2-1 Crystal Palace
Brighton 1-1 Leeds
Hull 2-1 Aston Villa
Everton 0-2 Man United 
Arsenal 2-1 Chelsea"
UgxXDCA5ui7iPQ3ZcjV4AaABAg,6Ezl5T_rH_c,@Cooper_the_pug,http://www.youtube.com/@Cooper_the_pug,2026-09-04T17:41:39Z,2026-09-04T17:41:39Z,False,0,"Ipswich Town 1 Liverpool 3
Brentford 2 Sunderland 0
Newcastle United 2 Bournemouth 1 
Brighton 1 Leeds United 1 
Everton 1 Manchester United 1 
Nottingham Forest 3 Tottenham Hotspur 1
 Fulham 0 Crystal Palace 0
Manchester City 3 Coventry City 0
Hull City 1 Aston Villa 3
Arsenal 2 Chelsea 1"
UgyrnM0fD2QeANWTiRB4AaABAg,6Ezl5T_rH_c,@sjdbdkoswq,http://www.youtube.com/@sjdbdkoswq,2026-09-04T17:40:47Z,2026-09-04T17:40:47Z,False,0,"Ipswich town 1-2 Liverpool  
Newcastle 1-2 Bournemouth 
Brentford 2-0 Sunderland 
Brighton 2-2 Leeds 
Fulham 1-1 crystal palace
Man City 3-0 Coventry 
Nottingham Forest 2-0 Tottenham 
Hull City 1-1 Villa
Everton 1-2 Man united
Arsenal 1-0 Chelsea"
UgzGtsS0lIXis21R1Eh4AaABAg,6Ezl5T_rH_c,@ErosFabbriGk2026,http://www.youtube.com/@ErosFabbriGk2026,2026-09-04T17:40:45Z,2026-09-04T17:40:45Z,False,1,"Ipswich Town 0 vs Liverpool 2

Newcastle United 2vs Bournemouth 0

Brentford 3 vs Sunderland 2

Brighton 1 vs Leeds United 3

Fulham 0 vs Crystal Palace 0

Manchester City 0 vs Coventry City 0

Nottingham Forest 3 vs Tottenham 1

Hull City 2 vs Aston Villa 2

Everton 0 vs Manchester United 1

Arsenal 1 vs Chelsea 0"
UgxSaqAuI-0AzZFHucR4AaABAg,6Ezl5T_rH_c,@kdot9584,http://www.youtube.com/@kdot9584,2026-09-04T17:40:27Z,2026-09-04T17:40:27Z,False,0,"Ipswich 1-3 Liverpool 
Newcastle 2-1 Bournemouth 
Brentford 1-1 Sunderland 
Brighton 1-1 Leeds 
Fulham 1-1 palace 
Man city 3-0 Coventry 
Forest 3-2 Spurs 
Hull 1-2 villa 
Everton 1-2 Man united
Arsenal 1-1 Chelsea"
UgwAq-BKG7tboVZ4cz94AaABAg,6Ezl5T_rH_c,@LittletbigT,http://www.youtube.com/@LittletbigT,2026-09-04T17:39:49Z,2026-09-04T17:39:49Z,False,1,IRISH GUY STOP PREDICTING LIVERPOOL TO WIN STOP JYNXING US
Ugxoy9gw05PiXVSbiaZ4AaABAg,6Ezl5T_rH_c,@Jovani-j3k,http://www.youtube.com/@Jovani-j3k,2026-09-04T17:39:48Z,2026-09-04T17:39:48Z,False,0,Petition for irish guy to post predictions vid day before and not 2 hours before kickoff
UgwWb1xotgWOtzyA5x54AaABAg,6Ezl5T_rH_c,@Gullpatron,http://www.youtube.com/@Gullpatron,2026-09-04T17:39:30Z,2026-09-04T17:39:30Z,False,0,"Ipswich 2 Liverpool 1
Brentford 2 Sunderland 1
Newcastle 2 Bournemouth 1
Brighton 2 Leeds 0
Nottingham 2 Tottenham 0
Fulham 1 palace 1
City 4 Coventry 0
Hull city 0 villa 1
Arsenal 3 Chelsea 2"
UgwJR3hZ9Fv4wqyTI4N4AaABAg,6Ezl5T_rH_c,@Kingcuba137,http://www.youtube.com/@Kingcuba137,2026-09-04T17:38:48Z,2026-09-04T17:38:48Z,False,0,"Ispich town 1 Liverpool 4
Newcastle 1 Bournemouth 1
Brentford 2 Sunderlands 1
Brighton 2 Leeds 2
Fulham 0 crystal palace 2
Manchester city 4 Coventry 0
Nottingham forest 2 Tottenham 2
Hull city 1 Aston villa 2
Everton 0 Manchester United 2
Arsenal 2 Chelsea 4

Let go Irish guy!!! 🎉"
UgwUTzA6WZ37Xj5XhvR4AaABAg,6Ezl5T_rH_c,@JRFack25,http://www.youtube.com/@JRFack25,2026-09-04T17:38:05Z,2026-09-04T17:38:05Z,False,0,"Ipswich 1-2 Liverpool
Newcastle 2-1 Bournemouth 
Brentford 3-1 Sunderland
Brighton 2-2 Leeds
Fulham 1-0 Palace
Man City 5-0 Coventry
Forest 1-0 Tottenham
Hull 1-1 Villa
Everton 1-2 Man United 
Arsenal 1-1 Chelsea"
Ugw6gyEhcinZOx7ixIt4AaABAg,6Ezl5T_rH_c,@mehulpatel577,http://www.youtube.com/@mehulpatel577,2026-09-04T17:37:48Z,2026-09-04T17:37:48Z,False,0,"Ipswich vs Liverpool 2-2
Newcastle vs Bournemouth 1-2
Brentford vs Sunderland 2-0
Brighton vs leed 1-1
Fulham vs  places 1-2
City vs coventry 4-1
Forest vs spurs 1-2
Hull vs villa 1-3
Everton vs United 1-3
Arsenal vs Chelsea 2-0"
Ugw7Ns72A2-Q3C7lPlB4AaABAg,6Ezl5T_rH_c,@ashermoore594,http://www.youtube.com/@ashermoore594,2026-09-04T17:37:10Z,2026-09-04T17:37:10Z,False,0,"Ipswich 1 Liverpool 1
Newcastle 2 Bournemouth 1
Brentford 3 Sunderland 2
Brighton 1 Leeds 1 
Fulham 0 Crystal palace 1
Man City 4 Coventry city 1
Forest 1 spurs 1 
Hull 0 Aston Villa 2
Everton 1 man united 1 
Arsenal 3 Chelsea 2"
Ugza3UF6z2TvRW5n5KB4AaABAg,6Ezl5T_rH_c,@TGold7,http://www.youtube.com/@TGold7,2026-09-04T17:37:04Z,2026-09-04T17:37:04Z,False,0,"Ipswich 1 2 Liverpool 
Newcastle 2 0 Bournemouth
Brentford 3 1 Sunderland 
Brighton 3 3 Leeds
Fulham 2 0 Palace 
Man City 4 0 Coventry
Forest 1 1 Spurs
Hull 1  0 Aston Villa
Everton 1 3 Man United 
Arsenal 2 4 Chelsea"
UgxKc7fnGBk2YkTUaUx4AaABAg,6Ezl5T_rH_c,@IggyVossen,http://www.youtube.com/@IggyVossen,2026-09-04T17:36:47Z,2026-09-04T17:36:47Z,False,0,"Ipswich 1 Liverpool 3
Newcastle 2 Bournemouth 1 
Brentford 2 Sunderland 0
Brighton 1 Leeds 1
Fulham 0 Palace 2
Man City 6 Coventry 0
Forest 1 v Spurs 3
Hull 1 Aston Villa 0
Everton 0 Man United 3
Arsenal 2 Chelsea 1"
UgxHGn0OgjmasJbsfXN4AaABAg,6Ezl5T_rH_c,@haamid4,http://www.youtube.com/@haamid4,2026-09-04T17:36:47Z,2026-09-04T17:36:47Z,False,0,"PREMIER LEAGUE WEEK 3 PREDICTIONS
Ipswich Town 1-3 Liverpool
Newcastle United 1-0 AFC Bournemouth
Brentford 2-0 Sunderland
Brighton 2-1 Leeds United
Fulham 1-0 Crystal Palace
Manchester City 4-1 Coventry City
Nottingham Forest 2-1 Tottenham Hotspur
Hull City 0-0 Aston Villa
Everton 1-0 Manchester United (I hope man utd wins)
Arsenal 2-1 Chelsea"
Ugx3TdmYdbSpLD8mUQl4AaABAg,6Ezl5T_rH_c,@channelname9468,http://www.youtube.com/@channelname9468,2026-09-04T17:36:39Z,2026-09-04T17:36:39Z,False,0,"Gameweek 3
Ipswich 1 Liverpool 3
Newcastle 2 Bournemouth 0
Brentford 3 Sunderland 1
Brighton 1 Leeds 0
Fulham 1 Crystal Palace 2
Man City 4 Coventry 0
Nottingham Forrest 2 Tottenham 1
Hull 1 Aston Villa 1
Everton 2 Man United 2
Arsenal 1 Chelsea 1"
UgxYOuBnwmaFsS-13DB4AaABAg,6Ezl5T_rH_c,@Acrr01,http://www.youtube.com/@Acrr01,2026-09-04T17:36:13Z,2026-09-04T17:36:13Z,False,0,"My predictions this week

Ipswich 1-3 Liverpool 
Brentford 2-2 Sunderland 
Newcastle 2-2 Bournemouth 
Brighton 1-2 Leeds
Everton 1-2 Man utd 
Forest 2-1 Spurs 
Fulham 1-3 crystal palace 
Man city 1-2 Coventry 
Hull 1-4 Aston Villa
Arsenal 4-1 chelsea"
Ugyw5E8B5iw_TLTYoAN4AaABAg,6Ezl5T_rH_c,@dressrosaRMFC,http://www.youtube.com/@dressrosaRMFC,2026-09-04T17:35:57Z,2026-09-04T17:35:57Z,False,0,"Ipswich 1 Liverpool 2
Newcastle 2 Bournemouth 0
Brentford 3 Sunderland 1
Forest 2 Tottenham 1
Man City 4 Coventry 1
Fulham 1 Crystal Palace 0
Brighton 2 Leeds 2
Hull 1 Aston Villa 1
Everton 2 Man Utd 1
Arsenal 3 Chelsea 1"
UgwOsMRL7Ll0NNpUpZZ4AaABAg,6Ezl5T_rH_c,@nickpro2899,http://www.youtube.com/@nickpro2899,2026-09-04T17:35:50Z,2026-09-04T17:35:50Z,False,0,"Alright, my Gameweek 3 Predictions:

Ipswich Town 0 Liverpool 2
Brentford 2 Sunderland 1
Newcastle United 1 Bournemouth 1
Brighton 0 Leeds United 2
Everton 1 Manchester United 1
Nottingham Forest 3 Tottenham Hotspur 0
Fulham 0 Crystal Palace 0
Manchester City 4 Coventry City 0
Hull City 2 Aston Villa 2
Arsenal 2 Chelsea 1"
Ugw5xdsrEcqqUp_KGqp4AaABAg,6Ezl5T_rH_c,@Stonix737,http://www.youtube.com/@Stonix737,2026-09-04T17:34:59Z,2026-09-04T17:34:59Z,False,0,"Ipswich 0-3 Liverpool 
Manchester united 2-0 everton
Manchester city 4-0 Coventry 
Brentford 2-1 Sunderland 
Nottingham forest 0-2 tottenham hotspur
Bournemouth 2-2 newcastle 
Hull 2-2 aston villa
Brighton 2-0 leeds
Fulham 1-1 crystal palace
Arsenal 3-2 Chelsea"
Ugw5OntIGRy6xcCFJBF4AaABAg,6Ezl5T_rH_c,@cuthbertmcvane9159,http://www.youtube.com/@cuthbertmcvane9159,2026-09-04T17:34:42Z,2026-09-04T17:34:42Z,False,0,"Ipswich 1 Liverpool 3
Newcastle 2 Bournemouth 1
Brentford 3 Sunderland 1
Brighton 2 Leeds United 2
Fulham 2 Crystal Palace 1
Man City 1 Coventry City 2
Nottingham Forest 0 Tottenham 2
Hull City 1 Aston Villa 2
Everton 1 Man United 2
Arsenal 3 Chelsea 2"
UgyhktwHrFG1XW6TWAp4AaABAg,6Ezl5T_rH_c,@FootyFever-m3s,http://www.youtube.com/@FootyFever-m3s,2026-09-04T17:34:32Z,2026-09-04T17:34:32Z,False,1,"Ipswich Town 0 Liverpool 3
Newcastle 2 Bournmouth 1
Brentford 2 Sunderland 2
Nottm Forest 1 Spurs 0
Man City 2 Coventry 0
Fulham 0 Palace 1
Brighton 2 Leeds 2
Hull 1 Aston Villa 1
Everton 1 Man United 3
Arsenal 0 Chelsea 1"
UgzIwJ5rJK8noPfxjSh4AaABAg,6Ezl5T_rH_c,@piratamaia,http://www.youtube.com/@piratamaia,2026-09-04T17:34:25Z,2026-09-04T17:34:25Z,False,0,"Ipswich 1 Liverpool 3
Newcastle 1 Bournemouth 0
Brentford 2 Sunderland 1
Brighton 1 Leeds 1
Fulham 1 Crystal Palace 2
Manchester City 4 Coventry 1
Nottingham Forest 2 Tottenham 2
Hull 0 Aston Villa 2
Everton 1 Manchester United 0
Arsenal 3 Chelsea 1"
Ugz-SJQ358vTb1juILR4AaABAg,6Ezl5T_rH_c,@hawaadeyeye9930,http://www.youtube.com/@hawaadeyeye9930,2026-09-04T17:34:23Z,2026-09-04T17:34:23Z,False,1,Hm who wants to go against me in the battle of predictions I can easily know your score probably can't challenge me
UgzI5Vbl7j_otF66UpB4AaABAg,6Ezl5T_rH_c,@imperialsandwich3695,http://www.youtube.com/@imperialsandwich3695,2026-09-04T17:33:31Z,2026-09-04T17:33:31Z,False,0,"First time here watch these be perfect

Ipswich 2-3 Liverpool
Newcastle 0-1 Bournemouth
Brentford 3-0 Sunderland
Forest 1-3 Tottenham
Man City 1-0 Coventry
Fulham 1-1 Crystal Palace
Brighton 3-3 Leeds
Hull 2-1 Villa
Everton 3-1 United
Arsenal 1-2 Chelsea"
UgwNvU-lOkyx3UpQlih4AaABAg,6Ezl5T_rH_c,@A_k_a_r_i_i,http://www.youtube.com/@A_k_a_r_i_i,2026-09-04T17:33:06Z,2026-09-04T17:33:06Z,False,0,"Ipswich v Liverpool 0:3
Newcastle v Bournemouth 1:1
Brentford v Sunderland 3:1
Brighton v Leeds 2:2
Fulham v Palace 2:0
Man City v Coventry 4:0
Forest v Spurs 3:3
Hull v Aston Villa 1:2
Everton v Man United 0:3
Arsenal v Chelsea 2:1"
UgzeKBW7tMgRStc07sV4AaABAg,6Ezl5T_rH_c,@BraydenCoombe,http://www.youtube.com/@BraydenCoombe,2026-09-04T17:33:02Z,2026-09-04T17:33:02Z,False,0,"Ipswich 1-3 Liverpool
Newcastle 2-0 Bournemouth
Brentford 3-0 Sunderland
Brighton 2-2 Leeds
Fulham 0-0 Crystal Palace
Manchester City 4-0 Coventry
Nottingham Forest 1-1 Tottenham
Hull City 2-2 Aston Villa
Everton 0-1 Manchester United
Arsenal 1-1 Chelsea"
UgyG4mb7JP7eKh6T8Jt4AaABAg,6Ezl5T_rH_c,@martinstenstrom793,http://www.youtube.com/@martinstenstrom793,2026-09-04T17:33:00Z,2026-09-04T17:33:00Z,False,0,"Ipswich vs Liverpool 1:3
Newcastle vs Bournemouth 2:2
Brentford vs Sunderland 1:0
Brighton vs Leeds 3:1
Fulham vs Palace 1:1
Man city vs Coventry 4:1
Forest vs Spurs 1:1
Hull vs Aston Villa 1:1
Everton vs Man United 1:3
Arsenal vs Chelsea 2:1"
UgyJhXQGM3uPcC1OHoN4AaABAg,6Ezl5T_rH_c,@luzangokowa1111,http://www.youtube.com/@luzangokowa1111,2026-09-04T17:32:57Z,2026-09-04T17:32:57Z,False,0,"Premier League Game week 3 predictions 

Ipswich Town O - 3 Liverpool 
Newcastle 2 - 2 Bournemouth 
Brentford 3 - 1 Sunderland 
Nottingham Forest 2 - 1 Spurs 
Man City 4 - 0 Coventry City
Fulham 1 - 1 Crystal Palace 
Brighton 3 - 2 Leeds 
Hull City 1 - 0 Aston Villa 
Everton 1 - 3 Manchester United 
Chelsea 4 - 3 Arsenal"
UgweR0LWvMGzQXOZlsV4AaABAg,6Ezl5T_rH_c,@kamaujohn6303,http://www.youtube.com/@kamaujohn6303,2026-09-04T17:31:47Z,2026-09-04T17:31:47Z,False,0,"Ipswich Town 2 Liverpool 4
Brentford 2 Sunderland 0
Newcastle United 2 Bournemouth 1
Brighton 2 Leeds United 0
Everton 1 Manchester United 3
Nottingham Forest 1 Tottenham Hotspur 0
Fulham 1 Crystal Palace 1
Manchester City 5 Coventry City 0
Hull City 2 Aston Villa 1
Arsenal 1 Chelsea 1"
Ugz8-EKOeQgRMdj3BCZ4AaABAg,6Ezl5T_rH_c,@proachievementhunter8201,http://www.youtube.com/@proachievementhunter8201,2026-09-04T17:31:29Z,2026-09-04T17:31:29Z,False,0,"Ipswich 1 Liverpool 3
Newcastle 1 Bournemouth 1
Brentford 2 Sunderland 1
Brighton 2 Leeds 2
Fulham 1 Crystal Palace 1
Manchester City 6 Coventry 0
Nottingham Forest 1 Tottenham 1
Hull 0 Aston Villa 0
Everton 1 Manchester United 1
Arsenal 2 Chelsea 1"
UgwUp4dVwaJH7zJXXoF4AaABAg,6Ezl5T_rH_c,@ryandarbyshire5046,http://www.youtube.com/@ryandarbyshire5046,2026-09-04T17:31:21Z,2026-09-04T17:31:21Z,False,0,"Ipswich Town 0 Liverpool 3 
Newcastle United 1 Liverpool 1 
Brentford 2 Fulham 1 
Brighton 1 Leeds United 1 
Fulham 0 Crystal Palace 0 
Man City 7 Coventry 0 
Nottingham Forest 5 Tottenham 1 
Hull City 2 Aston Villa 1 
Everton 1 Man United 1 
Arsenal 4 Chelsea 1"
UgyiHho4O-R06ARVELF4AaABAg,6Ezl5T_rH_c,@ymAtaraxia,http://www.youtube.com/@ymAtaraxia,2026-09-04T17:31:12Z,2026-09-04T17:31:12Z,False,0,"Ipswich 1 Liverpool 4
Newcastle 3 Bournemouth 2
Brentford 2 Sunderland 0
Brighton 2 Leeds 2
Fulham 1 Crystal Palace 2
Man City 5 Coventry 0
Forest 1 Spurs 0
Hull 1 Aston Villa 3
Everton 0 Man United 1
Arsenal 1 Chelsea 1"
Ugz0cLaYyVNsFSRE0Wd4AaABAg,6Ezl5T_rH_c,@goals4fun,http://www.youtube.com/@goals4fun,2026-09-04T17:31:06Z,2026-09-04T17:31:06Z,False,0,"Ipswich 1-3 Liverpool
Newcastle 2-1 Bournemouth
Brentford 2-0 Sunderland
Brighton 2-1 Leeds
Fulham 0-0 Palace
Man City 4-0 Coventry
Forest 2-1 Tottenham
Hull 0-1 Villa
Everton 1-1 Man United
Arsenal 2-1 Chelsea"
UgyGnj2eDttW4j4lWE14AaABAg,6Ezl5T_rH_c,@kevinnaves2277,http://www.youtube.com/@kevinnaves2277,2026-09-04T17:30:44Z,2026-09-04T17:30:44Z,False,0,"My predictions:
Ipswich 0 Liverpool 1
Newcastle 1 Bournemouth 1
Brentford 2 Sunderland 0
Brighton 1 Leeds 3
Fulham 0 C.Palace 0
City 4 Coventry 0
N.Forest 1 Tottenham 0
Hull 2 Aston Villa 1
Everton 0 Man United 1
Arsenal 2 Chelsea 0"
UgyAEG8mCU1laI9XMQd4AaABAg,6Ezl5T_rH_c,@HectorGarcia-wr9sc,http://www.youtube.com/@HectorGarcia-wr9sc,2026-09-04T17:30:33Z,2026-09-04T17:30:33Z,False,0,"Gameweek 3 
Ipswich 0 Liverpool 2
Brentford 2 Sunderland 1
Newcastle 1 Bournemouth 1
Brighton 2 Leeds 0
Nottingham 2 Tottenham 0
Fulham 1 palace 1
City 3 Coventry 0
Hull city 0 villa 1
Arsenal 2 Chelsea 2"
Ugz61YmtYo9nAsWUihB4AaABAg,6Ezl5T_rH_c,@chelsea4life307,http://www.youtube.com/@chelsea4life307,2026-09-04T17:30:01Z,2026-09-04T17:30:01Z,False,0,"Ipswich vs liverpool 1:3
Newcastle vs Bournemouth 2:2
Brentford vs Sunderland 2:0
Brighton vs Leeds 1:1
Fulham vs Palace 1:0
Man City vs Coventry 3:0
Forest vs spurs 2:1
Hull City vs Aston Villa 1:2
Everton vs Man utd 1:2
Arsenal vs Chelsea 2:2"
UgzSH9Hj8jygijqoHDV4AaABAg,6Ezl5T_rH_c,@ahmadmobin6217,http://www.youtube.com/@ahmadmobin6217,2026-09-04T17:29:00Z,2026-09-04T17:29:00Z,False,0,"Ipswich 1-2 Liverpool 
Newcastle 2-2 Bournemouth 
Brentford 1-0 Sunderland 
Brighton 2-1 Leeds
Fulham 1-1 Crystal Palace
Man City 3-1 Coventry
Nottingham Forest 3-2 Spurs
Hull City 0-1 Aston Villa
Everton 1-1 Man United
Arsenal 2-2 Chelsea"
Ugxp4mUT4e4kz_TF02l4AaABAg,6Ezl5T_rH_c,@Buschmumie,http://www.youtube.com/@Buschmumie,2026-09-04T17:28:54Z,2026-09-04T17:28:54Z,False,0,"Ipswich Town 0 Liverpool 2
Brentford 1 Sunderland 1
Newcastle United 2 Bournemouth 1
Brighton 2 Leeds United 0
Everton 2 Manchester United 1
Nottingham Forest 1 Tottenham Hotspur 2
Fulham 0 Crystal Palace 1
Manchester City 4 Coventry City 1
Hull City 1 Aston Villa 3
Arsenal 3 Chelsea 1"
UgwGU55PN9jdS3x6aHV4AaABAg,6Ezl5T_rH_c,@samuelife1,http://www.youtube.com/@samuelife1,2026-09-04T17:28:51Z,2026-09-04T17:28:51Z,False,0,"Rank #214 ffs I'm useless LMAO

Ipswich 1-2 Liverpool

Newcastle 2-2 Bournemouth
Brentford 4-1 Sunderland
Nottingham Forest 1-1 Tottenham
Man City 5-0 Coventry
Fulham 1-1 Crystal Palace
Brighton 3-1 Leeds
Hull 1-1 Aston Villa
Everton 0-1 Man United
Arsenal 2-0 Chelsea"
Ugwf2Ecjic-dZ2Ow4e54AaABAg,6Ezl5T_rH_c,@JHoly38,http://www.youtube.com/@JHoly38,2026-09-04T17:28:41Z,2026-09-04T17:28:41Z,False,0,"Ipswich 0 Liverpool 3
Newcastle 2 Bournemouth 1
Brentford 1 Sunderland 0
Brighton 2 Leeds 1
Fulham 1 Palace 1
Man City 5 Coventry 0
Forest 0 Spurs 2
Hull 0 Aston Villa 2
Everton 2 Man United 3
Arsenal 2 Chelsea 0"
UgxbFPBMhhWwdGt8FbZ4AaABAg,6Ezl5T_rH_c,@zavock,http://www.youtube.com/@zavock,2026-09-04T17:27:45Z,2026-09-04T17:27:45Z,False,0,"Ipswich 1 Liverpool 3
Newcastle 2 Bournemouth 0
Brighton 3 Leeds 2
Fulham 0 Crystal Palace 0
Man City 5 Coventry 0
Nottingham Forest 2 Tottenham 1
Hull City 0 Aston Villa 0
Everton 1 Man United 2
Arsenal 2 Chelsea 2"
Ugx1hXm4JRXx4ayaTut4AaABAg,6Ezl5T_rH_c,@Ice-_-Bear-_-9,http://www.youtube.com/@Ice-_-Bear-_-9,2026-09-04T17:27:37Z,2026-09-04T17:27:37Z,False,0,"Ipswich 1-2 Liverpool
Newcastle 3-1 Bournemouth
Brentford 1-1 Sunderland
Brighton 2-2 Leeds
Fulham 1-0 Palace
Man City 5-1 Coventry
Forest 1-2 Spurs
Hull 1-3 Villa
Everton 2-2 Man United 
Arsenal 2-0 Chelsea"
UgzIkO6g4yUPKjHCsXR4AaABAg,6Ezl5T_rH_c,@ronishhumagain8559,http://www.youtube.com/@ronishhumagain8559,2026-09-04T17:27:21Z,2026-09-04T17:27:21Z,False,0,"Ipswich 2 Liverpool 3
Newcastle 3 Bournemouth 2
Brentford 1 Sunderland 0
Brighton 2 Leeds 2
Fulham 2 Crystal Palace 1
Manchester City 4 Coventry City 0
Nottingham Forrest 2 Spurs 0
Hull 1 Aston villa 1
Everton 1 Manchester United 3
Arsenal 2 Chelsea 1"
Ugw9p1Nnqa1sX6jr3fJ4AaABAg,6Ezl5T_rH_c,@finge3786,http://www.youtube.com/@finge3786,2026-09-04T17:27:17Z,2026-09-04T17:27:17Z,False,0,"Ipswich 0 - 2 Liverpool
Newcastle 3 - 3 Bournemouth 
Brentford 2 - 1 Sunderland
Brighton 1 - 1 Leeds
Fulham 0 - 0 Crystal Palace
Man City 4 - 1 Coventry 
Forest 2 - 2 Spurs
Hull 2 - 1 Aston Villa
Everton 1 - 2 Man United 
Arsenal 3 - 3 Chelsea"
UgwgLAMxs7NeyMNW5Et4AaABAg,6Ezl5T_rH_c,@adcid93,http://www.youtube.com/@adcid93,2026-09-04T17:27:02Z,2026-09-04T17:27:02Z,False,0,"Ipswich 0-2 Liverpool
Newcastle 2-1 Bournemouth
Brentford 1-0 Sunderland
Nottingham Forest 1-1 Tottenham
Manchester City 3-1 Coventry
Fulham 0-1 Crystal Palace
Brighton 0-0 Leeds
Hull 1-3 Aston Villa
Everton 0-4 Manchester United
Arsenal 2-1 Chelsea"
UgyVTU3V6deADlRbTG94AaABAg,6Ezl5T_rH_c,@Knowledge5eeker,http://www.youtube.com/@Knowledge5eeker,2026-09-04T17:26:53Z,2026-09-04T17:26:53Z,False,0,"Ipswich 1 - Liverpool 3

Newcastle 2 - Bournemouth 2

Brentford 2 - Sunderland 1

Brighton 2 - Leeds 2

Fulham 2 - Crystal Palace 1

Man City 3 - Coventry 0

Nottingham Forest 1 - Tottenham 1

Hull 1 - Aston Villa 2 

Everton 1 - Man United 2 

Arsenal 1 - Chelsea 1"
UgzOOmOjwp9Zp0AwC_Z4AaABAg,6Ezl5T_rH_c,@iZElynd,http://www.youtube.com/@iZElynd,2026-09-04T17:26:42Z,2026-09-04T17:26:42Z,False,0,"Ipswich 1 Liverpool 2
Newcastle 2 Bournmouth 2
Brentford 1 Sunderland 1
Brighton 2 Leeds 1
Fulham 0 Palace 0
Man City 4 Coventry 1
Forest 1 Spurs 1
Hull 1 Aston Villa 1
Everton 1 Man united 2
Arsenal 4 Chelsea 2"
Ugz4z7avs0hnDM2skJl4AaABAg,6Ezl5T_rH_c,@Mr_Scrisu,http://www.youtube.com/@Mr_Scrisu,2026-09-04T17:26:36Z,2026-09-04T17:26:36Z,False,0,"Ipswich 0 Liverpool 0
Newcastle 1 Bournemouth 1
Brentford 2 Sunderland 1
Nottingham Forest 1 Tottenham 1
Man City 5 Coventry 0
Fulham 1 Crystal Palace 0
Brighton 2 Leeds 2
Hull 1 Aston Villa 1
Everton 1 Man Utd 1
Arsenal 0 Chelsea 0"
UgxkNfUBGvUXH8kE6BV4AaABAg,6Ezl5T_rH_c,@missleafeatheleafeon2593,http://www.youtube.com/@missleafeatheleafeon2593,2026-09-04T17:26:30Z,2026-09-04T17:26:30Z,False,2,"Nintendo Ipswich v Liverpool 9-2
Newcastle v Bournemouth 4-7
Brentford v Sunderland 8-8
Brighton v Leeds 1-12
Fulham v Palace 0-0
Man City v Coventry 0-9
Nott Forest v Spurs 1-16
Hull v Aston Villa 21-17
Everton v Man United 8-1
Arsenal v Chelsea Game abandoned due to the Reformation of the Qing Dynasty"
Ugw3k-RPpPG-VuuPxqF4AaABAg,6Ezl5T_rH_c,@cedrickerkmeester9367,http://www.youtube.com/@cedrickerkmeester9367,2026-09-04T17:26:10Z,2026-09-04T17:26:10Z,False,0,"Ipswich 1 Liverpool 2
Newcastle 2 Bournemouth 1
Brentford 1 Leeds 0
Fulham 1 Crystal Palace 1
Man City 5 Coventry 0
Forest 2 Spurs 1
Hull 1 Aston Villa 1
Everton 1 Man united 2
Arsenal 2 Chelsea 2"
UgwaxaBswxY_P6IX7eZ4AaABAg,6Ezl5T_rH_c,@th3ropy406,http://www.youtube.com/@th3ropy406,2026-09-04T17:25:42Z,2026-09-04T17:25:42Z,False,0,"Ipswich 0 Liverpool 2
Newcastle 1 Bournemouth 1
Brentford 2 Sunderland 1
Brighton 3 Leeds 3
Fulham 0 Crystal Palace 1
Man City 5 Coventry 0
Forest 1 Spurs 0
Hull 1 Villa 0
Everton 1 Man U 1
Arsenal 2 Chelsea 1"
UgzWOvlmHAvnwLXFf9R4AaABAg,6Ezl5T_rH_c,@ElecTrick11037,http://www.youtube.com/@ElecTrick11037,2026-09-04T17:24:49Z,2026-09-04T17:24:49Z,False,0,"Looks like the website can actually read a more standard format for predictions, nice!

Ipswich 0-3 Liverpool
Newcastle 2-1 Bournemouth
Brentford 2-0 Sunderland
Nottingham Forest 1-1 Tottenham
Man City 4-0 Coventry
Fulham 1-0 Crystal Palace
Brighton 3-2 Leeds
Hull 1-2 Aston Villa
Everton 0-0 Man United
Arsenal 2-1 Chelsea"
UgzMFjDvCA0IE8goJmV4AaABAg,6Ezl5T_rH_c,@EllisMurray7,http://www.youtube.com/@EllisMurray7,2026-09-04T17:24:46Z,2026-09-04T17:24:46Z,False,0,"Ipswich 1 Liverpool 3
Newcastle 2 Bournemouth 1
Manchester City 4 Coventry 0
Nottingham Forest 1 Tottenham 0
Fulham 1 Crystal Palace 0
Brighton 1 Leeds 1
Brentford 2 Sunderland 0
Hull 0 Aston Villa 1
Everton 0 Manchester United 2
Arsenal 2 Chelsea 0"
UgziHWOM7SknpVqOV8d4AaABAg,6Ezl5T_rH_c,@juanpabloforero6874,http://www.youtube.com/@juanpabloforero6874,2026-09-04T17:24:27Z,2026-09-04T17:24:27Z,False,0,Prepare for a Dwight Mcneil Goal
UgzxltTOmHn5fQc3H2l4AaABAg,6Ezl5T_rH_c,@BenjaminLass,http://www.youtube.com/@BenjaminLass,2026-09-04T17:23:48Z,2026-09-04T17:23:48Z,False,1,"My Predictions:

Ispwich 1-3 liverpool
Newcastle 2-0 Bournemouth 
Brentford 1-1 Sunderland
Brighton 2-2 Leeds 
Fulham 0-1 Palace
Man City 4-0 Coventry
Forest 1-1 Spurs
Hull 1-0 Villa 
Everton 1-3 Man United
Arsenal 1-2 Chelsea"
UgyzdzEZqgBuqcNMp6N4AaABAg,6Ezl5T_rH_c,@pinkgoose989,http://www.youtube.com/@pinkgoose989,2026-09-04T17:23:43Z,2026-09-04T17:23:43Z,False,0,"Ipswich 0 Liverpool 1
Newcastle 3 Bournemouth 1
Brentford 2 Sunderland 0
Brighton 2 Leeds 2
Fulham 0 Palace 1
Man City 4 Coventry 0
Forest 1 Spurs 1
Hull 1 Aston Villa 2
Everton 1 Man United 2
Arsenal 3 Chelsea 2"
Ugwz_ZzoC1zsxVR-C-J4AaABAg,6Ezl5T_rH_c,@lewismacdonald7776,http://www.youtube.com/@lewismacdonald7776,2026-09-04T17:23:29Z,2026-09-04T17:23:29Z,False,0,"Ipswich v Liverpool 2:2
Newcastle v Bournemouth 1:2
Brentford v Sunderland 3:1
Brighton v Leeds 3:2
Fulham v Palace 1:1
Man City v Coventry 3:0
Forest v Spurs 2:0
Hull v Aston Villa 1:2
Everton v Man UTD 2:1
Arsenal v Chelsea 3:3"
Ugwz81K3DqNREZ8T6Up4AaABAg,6Ezl5T_rH_c,@mikethegoatisgoat,http://www.youtube.com/@mikethegoatisgoat,2026-09-04T17:23:20Z,2026-09-04T17:23:20Z,False,0,"Ipswich 1-2 Liverpool 
Newcastle 0-1 Bournemouth
Brentford 1-1 Sunderland
Brighton 0-0 Leeds
Fulham 0-1 Crystal palace
Man city 3-2 Coventry
forest 4-0 spurs
Hull 1-2 Aston villa
Everton 0-3 Man u
arsenal 3-0 chelsea"
Ugym1iYlmLEhuUnTSwl4AaABAg,6Ezl5T_rH_c,@mrgreenmario64,http://www.youtube.com/@mrgreenmario64,2026-09-04T17:23:19Z,2026-09-04T17:23:19Z,False,0,"GW3 predictions cause susan actually posted on time this week:

Ipswich 1-3 Liverpool
Newcastle 1-1 Bournemouth
Brentford 2-2 Sunderland
Nottingham Forest 2-1 Tottenham
Manchester City 5-0 Coventry
Fulham 0-0 Crystal Palace
Brighton 1-2 Leeds
Hull 2-0 Aston Villa
Everton 1-0 Manchester United
Arsenal 2-3 Chelsea (yes i'm bloody serious)"
Ugzuvh9kdm6gdOgYsbl4AaABAg,6Ezl5T_rH_c,@Dabdude7,http://www.youtube.com/@Dabdude7,2026-09-04T17:23:10Z,2026-09-04T17:23:10Z,False,0,"Ipswich v Liverpool 0-2
Newcastle v Bournemouth 2-1
Brentford v Sunderland 2-2
Brighton v Leeds 3-1
Fulham v Palace 1-1
Manchester City v Coventry City 4-0
Nottm Forest v Spurs 1-1
Hull City v Aston Villa 0-2
Everton v Manchester United 1-2
Arsenal v Chelsea 3-1"
UgxNYnHLneKXPtHlkch4AaABAg,6Ezl5T_rH_c,@Pee-m4j,http://www.youtube.com/@Pee-m4j,2026-09-04T17:23:04Z,2026-09-04T17:23:04Z,False,0,"Ipswich 1-4 Liverpool 
Enciso then Gakpo double Victor and Rio
Newcastle 2-1 Bournemouth 
Wissa and Elanga then Antonio Silva
Brentford 1-1 Sunderland 
Thiago then Brobbey
Brighton 1-1 Leeds
Koustalas and Aaronson 
Fulham 2-1 Palace
Muniz and Garcia then Strand Larsen (if you're Newcastle you ain't have him you're not gonna buy him no chance)
Haaland 5-0 Coventry 
(No but seriously Haaland scores 2 Cherki with 1 Semenyo as well and Doku)
Forest 1-1 Spurs
Delap then Tel (someone's gotta score)
Hull 1-1 Villa 
Mendy and McGin
Everton 0-2 United
Rashford double 
Arsenal 1-1 Chelsea 
Havertz and Morgan Rogers"
UgxxooZQDaP0lPpVvHF4AaABAg,6Ezl5T_rH_c,@stevecorcoran1674,http://www.youtube.com/@stevecorcoran1674,2026-09-04T17:22:51Z,2026-09-04T17:22:51Z,False,1,"Ipswich  1 ;ilverpool3
Newcastle1 bournmouth1
Brentford 3sunderland 1
Forest1 Spurs 2
City2 Coventry 0
Fulham0 Palace 0
Brighton1 Leeds 1
Hull 0 Villa 1
Everton 2 Manu 1
Arsenal0 Chelsea 2"
UgyyPkeMz48jDLowdvF4AaABAg,6Ezl5T_rH_c,@michaelparkinsonsfreeparkerpen,http://www.youtube.com/@michaelparkinsonsfreeparkerpen,2026-09-04T17:22:46Z,2026-09-04T17:22:46Z,False,0,"Ipswich Town 1-2 Liverpool
Newcastle United 2-0 Bournemouth
Brentford 2-1 Sunderland
Brighton & Hove Albion 2-1 Leeds United
Fulham 1-0 Crystal Palace
Manchester City 4-0 Coventry City
Nottingham Forest 2-1 Tottenham Hotspur
Hull City 2-1 Aston Villa
Everton 1-2 Manchester United
Arsenal 1-1 Chelsea"
UgzTTy_BfiOg_YHmqGB4AaABAg,6Ezl5T_rH_c,@theonesparrowhawk,http://www.youtube.com/@theonesparrowhawk,2026-09-04T17:21:33Z,2026-09-04T17:21:33Z,False,0,"Ipswich Town 1 Liverpool 3
Newcastle United 2 Bournemouth 0
Brentford 2 Sunderland 1
Brighton 3 Leeds United 2
Fulham 2 Crystal Palace 0
Manchester City 4 Coventry City 0
Nottingham Forest 2 Tottenham Hotspur 1
Hull City 1 Aston Villa 1
Everton 2 Manchester United 3
Arsenal 2 Chelsea 2"
UgzA2DXNCUj9DIqehAl4AaABAg,6Ezl5T_rH_c,@TheFootballingMadman,http://www.youtube.com/@TheFootballingMadman,2026-09-04T17:21:31Z,2026-09-04T17:21:31Z,False,0,"Ipswich v Liverpool 0:2
Newcastle v Bournemouth 3:1
Brentford v Sunderland 3:2
Brighton v Leeds 2:2
Fulham v Palace 0:1
Man City v Coventry 2:1
Forest v Spurs 1:1
Hull v Aston Villa 0:1
Everton v Man United 1:1
Arsenal v Chelsea 1:2"
Ugz51FHYea8iaZKm5814AaABAg,6Ezl5T_rH_c,@martinbrophy6898,http://www.youtube.com/@martinbrophy6898,2026-09-04T17:21:05Z,2026-09-04T17:21:05Z,False,0,"Ipswich 2-4 liverpool
Newcastle 3-1 Bournemouth 
Brentford 1-1 sunderland 
Brighton 2-1 Leeds
Fulham 1-0 palace 
Man city 4-1 Coventry 
Forest 2- 1 spurs
Hull 2-2 villa 
Everton 1-3 man united
Arsenal 3-1 chelsea"
Ugzi-AvYl4vGgOHbWDp4AaABAg,6Ezl5T_rH_c,@zhelyazkopetkov8211,http://www.youtube.com/@zhelyazkopetkov8211,2026-09-04T17:21:04Z,2026-09-04T17:21:04Z,False,0,"Ipswich 1 Liverpool 3
Newcastle 2 Bournemouth 2
Brentford 1 Sunderland 1
Brighton 1 Leeds 3
Fulham 0 Palace 0
Man City 3 Coventry 0
Forest 1 Spurs 1
Hull 1 Villa 1
Everton 2 United 1
Arsenal 2 Chelsea 1"
UgxfZi3aEMocjFb227Z4AaABAg,6Ezl5T_rH_c,@EmenussGOamazing,http://www.youtube.com/@EmenussGOamazing,2026-09-04T17:20:55Z,2026-09-04T17:20:55Z,False,0,"Ipswich town v Liverpool 0-2
Newcastle united v Bournemouth 3-1
Brentford v Sunderland 1-0
Brighton & Hove Albion v Leeds United 2-0
Fullham v Crystal Palace 1-0
Manchester City V Coventry City 5-0
Nottingham forest v Tottenham Hotspur 0-1
Hull City V Aston Villa 0-1
Everton V Manchester United 0-2
Arsenal v Chelsea 3-2"
UgxMMlvQLqACqAju8Sd4AaABAg,6Ezl5T_rH_c,@XIX_Aryan7,http://www.youtube.com/@XIX_Aryan7,2026-09-04T17:20:36Z,2026-09-04T17:20:36Z,False,0,"Ipswich 1-3 Liverpool
Newcastle 2-1 Bournemouth
Brentford 2-0 Sunderland
Brighton 2-2 Leeds
Fulham 1-2 Palace
Man City 6-0 Coventry
Forest 1-0 Spurs
Hull 1-1 Aston Villa
Everton 1-2 Man Utd
Arsenal 3-3 Chelsea"
Ugww9RFoCGKUBaxVRYd4AaABAg,6Ezl5T_rH_c,@dylanparker130,http://www.youtube.com/@dylanparker130,2026-09-04T17:20:24Z,2026-09-04T17:20:24Z,False,0,"GW3 Predictions:

Ipswich 1 Liverpool 2
Newcastle 3 Bournemouth 3
Brentford 2 Sunderland 1
Forest 1 Spurs 2
City 4 Coventry 0
Fulham 2 Palace 1
Brighton 3 Leeds 1
Hull 1 Villa 2
Everton 2 United 2
Arsenal 3 Chelsea 1"
Ugx2-GcVBorR95D7HN54AaABAg,6Ezl5T_rH_c,@IvoTheGhouI,http://www.youtube.com/@IvoTheGhouI,2026-09-04T17:20:22Z,2026-09-04T17:20:22Z,False,0,"Ipswich 1 Liverpool 3
Newcastle 2 Bournemouth 2
Brentford 2 Sunderland 2
Nottingham Forest 0 Tottenham 0
Manchester City 2 Coventry 0
Fulham 1 Crystal Palace 1
Brighton 1 Leeds 0
Hull 1 Aston Villa 1
Everton 2 Manchester United 2
Arsenal 2 Chelsea 1

I’m coming."
Ugx6Sy-ebypx0CUGH7R4AaABAg,6Ezl5T_rH_c,@Heelbaas,http://www.youtube.com/@Heelbaas,2026-09-04T17:19:31Z,2026-09-04T17:19:31Z,False,0,"Ipswich town v Liverpool 2-3
Newcastle united v Bournemouth 1-1
Brentford v Sunderland 2-2
Brighton & Hove Albion v Leeds United 1-0
Fullham v Crystal Palace 2-0
Manchester City V Coventry City 3-1
Nottingham forest v Tottenham Hotspur 2-1
Hull City V Aston Villa 1-2
Everton V Manchester United 1-1
Arsenal v Chelsea 1-1"
UgywBvpFzSuxuyfiHVd4AaABAg,6Ezl5T_rH_c,@hawaadeyeye9930,http://www.youtube.com/@hawaadeyeye9930,2026-09-04T17:19:15Z,2026-09-04T17:19:15Z,False,1,"Ipswich 3 Liverpool 2
Newcastle 1 Bournemouth 2
Brentford 3 Sunderland 0
Nottingham 2 Tottenham 0
Man city 4 Coventry 0
Fulham 1 crystal palace 0
Brighton 3 leeds 0
Hull city 1 Aston Villa 2
Everton 2 man u 2
Arsenal 3 Chelsea 2"
UgzWjto0VNxq8AgGvRZ4AaABAg,6Ezl5T_rH_c,@EuanHaldane,http://www.youtube.com/@EuanHaldane,2026-09-04T17:18:35Z,2026-09-04T17:18:35Z,False,0,"My Game week 3 predictions: Ipswich 1 Liverpool 3
Newcastle 2 Bournemouth 1
Brighton 1 Leeds 2
Fulham 2 Palace 3
Man City 5 Coventry 1
Forest 2 Spurs 0
Hull 0 Villa 1
Everton 2 Man United 2
Arsenal 1 Chelsea 0"
UgyO-Wc4GOyin2MWRVx4AaABAg,6Ezl5T_rH_c,@TheKing0fToot,http://www.youtube.com/@TheKing0fToot,2026-09-04T17:18:34Z,2026-09-04T17:18:34Z,False,0,"Ipswich 0 Liverpool 3
Newcastle 2 Bournemouth 1
Brentford 2 Sunderland 0
Brighton 2 Leeds 1
Fulham 1 Crystal Palace 1
Man City 4 Coventry 0
Nottingham 2 Spurs 0
Hull city 0 Aston Villa 1
Everton 1 Man United 2
Arsenal 1 Chelsea 2"
UgxJLu0CvPMZmf1eWgl4AaABAg,6Ezl5T_rH_c,@thehamyton4700,http://www.youtube.com/@thehamyton4700,2026-09-04T17:18:05Z,2026-09-04T17:18:05Z,False,0,"Ipswich v Liverpool 1:3
Newcastle v Bournemouth 2:2
Brentford v Sunderland 2:1
Nottm Forest v Spurs 2:0
Man City v Coventry 5:1
Fulham v palace 1:1
Brighton v Leeds 2:1
Hull v Aston Villa 0:0
Everton v Man United 1:3
Arsenal v Chelsea 3:2"
UgwZGdAF51IpdKE4JlF4AaABAg,6Ezl5T_rH_c,@lavishjain4145,http://www.youtube.com/@lavishjain4145,2026-09-04T17:17:27Z,2026-09-04T17:17:27Z,False,0,"Ipswich Town 1-3 Liverpool

Newcastle United 1-1 Bournemouth

Brentford 2-1 Sunderland

Brighton & Hove Albion 2-0 Leeds United

Fulham 1-0 Crystal Palace

Manchester City 3-0 Coventry City

Nottingham Forest 1-2 Tottenham Hotspur

Hull City 2-1 Aston Villa

Everton 1-3 Manchester United

Arsenal 1-2 Chelsea"
UgwyjWrVBfLXkvfP5DF4AaABAg,6Ezl5T_rH_c,@theinformer499,http://www.youtube.com/@theinformer499,2026-09-04T17:17:17Z,2026-09-04T17:17:17Z,False,0,"Ipswich 1-3 Liverpool 
Newcastle 2-1 Bournemouth 
Brentford 1-1 Sunderland 
Nottingham Forest 2-0 Spurs 
Man City 3-0 Coventry 
Fulham 1-1 Crystal Palace 
Brighton 2-1 Leeds 
Hull 3-3 Aston Villa
Everton 0-1 Man United 
Arsenal 2-0 Chelsea"
UgxAqqt8aKpEqsy3hiJ4AaABAg,6Ezl5T_rH_c,@xyytffhhhggddfgbv,http://www.youtube.com/@xyytffhhhggddfgbv,2026-09-04T17:17:15Z,2026-09-04T17:17:15Z,False,0,"Ipswich 1 Liverpool 3
Newcastle 1 Bournemouth 1
Brentford 2 Sunderland 0
Brighton 2 Leeds 1
Fulham 1 Crystal Palace 1
Man City 3 Coventry 0
Nottingham 1 Spurs 2
Hull city 0 Aston Villa 1
Everton 1 Man United 2
Arsenal 2 Chelsea 1"
UgxK2ilIF9EkfH9w5Zt4AaABAg,6Ezl5T_rH_c,@ShaunHopkinsAVFC,http://www.youtube.com/@ShaunHopkinsAVFC,2026-09-04T17:16:22Z,2026-09-04T17:16:22Z,False,0,"My predictions week 3

Ipswich 0 Liverpool 2
Brentford 1 Sunderland 2
Newcastle 1 Bournemouth 2
Brighton 1 Leeds 1
Everton 1 Manchester United 3
Nottingham 1 Tottenham 2
Fulham 1 Palace 2
Manchester City 4 Coventry 0
Hull 1 Villa 1
Arsenal 2 Chelsea 2"
UgxEdHbdngkX2UcrH1V4AaABAg,6Ezl5T_rH_c,@mywonderfulworldofvideos,http://www.youtube.com/@mywonderfulworldofvideos,2026-09-04T17:16:21Z,2026-09-04T17:16:21Z,False,0,"Ipswich 1 Liverpool 2
Newcastle 2 Bournemouth 0
Brentford 5 Sunderland 1
Brighton 1 Leeds 1
Fulham 2 Palace 1
Man City 3 Coventry 0
Forest 3 Spurs 2
Hull 2 Aston Villa 1
Everton 1 Man Utd 1
Arsenal 2 Chelsea 2"
Ugxl0lYcWwrUe0aO4Kp4AaABAg,6Ezl5T_rH_c,@Dfitzykiid,http://www.youtube.com/@Dfitzykiid,2026-09-04T17:16:09Z,2026-09-04T17:16:09Z,False,0,"Ipswich 0 Liverpool 3
Newcastle 2 Bournemouth 1
Brentford 2 Sunderland 1
Brighton 2 Leeds 1
Fulham 1 Crystal Palace 1
Man City 4 Coventry 0
Forest 1 Spurs 1
Hull 0 Villa 1
Everton 1 United 0
Arsenal 2 Chelsea 2"
UgwpLCVJ-691MwIhUpt4AaABAg,6Ezl5T_rH_c,@jonathanbnice6816,http://www.youtube.com/@jonathanbnice6816,2026-09-04T17:14:52Z,2026-09-04T17:14:52Z,False,0,"Ipswich Town 0-2 Liverpool
Newcastle United 2-1 Bournemouth
Brentford 2-2 Sunderland
Brighton & Hove Albion 2-0 Leeds United
Fulham 1-1 Crystal Palace
Manchester City 3-0 Coventry City
Nottingham Forest 1-1 Tottenham Hotspur
Hull City 0-2 Aston Villa
Everton 1-2 Manchester United
Arsenal 1-0 Chelsea"
Ugy56dP_4j6Xpweajh54AaABAg,6Ezl5T_rH_c,@kaushaltank3305,http://www.youtube.com/@kaushaltank3305,2026-09-04T17:14:51Z,2026-09-04T17:14:51Z,False,0,"Ipswich 1-1 Liverpool 
Newcastle 3-2 Bournemouth 
Brentford 2-1 Sunderland 
Nottingham Forest 2-1 Spurs 
Man City 4-0 Coventry 
Fulham 3-1 Crystal Palace 
Brighton 2-1 Leeds 
Hull 2-0 Aston Villa
Everton 2-2 Man United 
Arsenal 2-0 Chelsea"
UgxAxN-h7caGUe9uf5J4AaABAg,6Ezl5T_rH_c,@EthanDolan6,http://www.youtube.com/@EthanDolan6,2026-09-04T17:14:23Z,2026-09-04T17:14:23Z,False,0,"Ipswich 1 2 Liverpool 
Newcastle 2 1 Bournemouth 
Brentford 1 1 Leeds
Fulham 1 Crystal Palace 1
Man City 3 0 Coventry
Nottm Forest 1 Tottenham 2
Hull 1 Aston villa 2
Everton 1 man utd 2
Arsenal 2 Chelsea 1"
UgyjTXMkS7_PzZZsMMN4AaABAg,6Ezl5T_rH_c,@ORIGIFC,http://www.youtube.com/@ORIGIFC,2026-09-04T17:14:06Z,2026-09-04T17:14:06Z,False,0,"Ipswich Town 2-3 Liverpool
Newcastle United 1-0 Bournemouth
Brentford 2-0 Sunderland
Brighton & Hove Albion 3-0Leeds United
Fulham 1-1 Crystal Palace
Manchester City 4-0 Coventry City
Nottingham Forest 2-2 Tottenham Hotspur
Hull City 1-2 Aston Villa
Everton 1-1 Manchester United
Arsenal 2-1 Chelsea"
UgxsAatkNnQ__LDNd1t4AaABAg,6Ezl5T_rH_c,@thubelihlembonane2674,http://www.youtube.com/@thubelihlembonane2674,2026-09-04T17:14:01Z,2026-09-04T17:14:01Z,False,0,"Ipswich Town 1 Liverpool 2 
Newcastle 2 Bournemouth 2
Brentford 1 Sunderland 1 
Brighton 3 Leeds 3
Fulham 1 Crystal Palace 0
Man City 4 Coventry City 1
Nottingham Forest 2 Tottenham 0
Hull City 1 Aston Villa 2
Everton 1 Man United 2
Arsenal 2 Chelsea 1"
UgyInlLAblvngqPG79V4AaABAg,6Ezl5T_rH_c,@godofthegreatkurultaj4302,http://www.youtube.com/@godofthegreatkurultaj4302,2026-09-04T17:13:35Z,2026-09-04T17:13:35Z,False,0,"Ipswich 1 Liverpool 3
Newcastle 2 Bournemouth 2
Brentford 1 Sunderland 1
Brighton 2 Leeds 1
Fulham 0 Palace 2
Man City 4 Coventry 0
Forest 1 Spurs 1
Hull 1 Aston Villa 2
Everton 1 Man United 2
Arsenal 2 Chelsea 1"
UgxVXfoI-sWiTgUNekN4AaABAg,6Ezl5T_rH_c,@ricardoblayer9537,http://www.youtube.com/@ricardoblayer9537,2026-09-04T17:13:19Z,2026-09-04T17:13:19Z,False,0,"Ipswich 0 Liverpool 2
Newcastle 2 Bournemouth 1
Brentoford 2 Sunderland 0
Brighton 2 Leeds 0
Fulham 0 Crystal Palace 0
City 5 Coventry 1
Forrest 2 Spurs 0
Hull 0 Villa 1
Everton 0 United 1
Arsenal 2 Chelsea 2"
UgwrZisw_yHsHYkKHJl4AaABAg,6Ezl5T_rH_c,@AJD45,http://www.youtube.com/@AJD45,2026-09-04T17:13:15Z,2026-09-04T17:13:15Z,False,0,"Ipswich 1 Liverpool 3
Newcastle 2 Bournemouth 1
Brentford 2 Sunderland 0
Brighton 2 Leeds 1
Fulham 1 Crystal palace 1
Man city 4 Coventry 0 
Forest 2 spurs 1 
Hull 0 villa 0 
Everton 0 Man United 1
Arsenal 3 Chelsea 2"
UgxOHMT0gPfvq7JC54V4AaABAg,6Ezl5T_rH_c,@cianmatthews3723,http://www.youtube.com/@cianmatthews3723,2026-09-04T17:12:55Z,2026-09-04T17:12:55Z,False,0,"Ipswich 0-2 Liverpool 
Newcastle 3-2 Bournemouth 
Brentford 2-1 Sunderland 
Nottingham Forest 2-1 Spurs 
Man City 5-0 Coventry 
Fulham 1-1 Crystal Palace 
Brighton 1-1 Leeds 
Hull 2-2 Aston Villa
Everton 1-2 Man United 
Arsenal 3-1 Chelsea"
Ugy8mWexndus-sczXEJ4AaABAg,6Ezl5T_rH_c,@6038am,http://www.youtube.com/@6038am,2026-09-04T17:12:52Z,2026-09-04T17:12:52Z,False,0,"Ipswich v Liverpool 2:2
Newcastle v Bournemouth 2:0
Brentford v Sunderland 3:0
Brighton v Leeds 4:2
Fulham v Palace 0:0
Man City v Coventry 5:1
Forest v Spurs 1:0
Hull v Aston Villa 2:0
Everton v Man United 1:1
Arsenal v Chelsea 4:4"
UgzYPR9U5DXycj7QatZ4AaABAg,6Ezl5T_rH_c,@lorenzomosca5655,http://www.youtube.com/@lorenzomosca5655,2026-09-04T17:12:50Z,2026-09-04T17:12:50Z,False,0,"Ipswich town v Liverpool 1-3
Newcastle united v Bournemouth 1-2
Brentford v Sunderland 2-0
Brighton & Hove Albion v Leeds United 2-1
Fullham v Crystal Palace 1-0
Manchester City V Coventry City 3-0
Nottingham forest v Tottenham Hotspur 1-2
Hull City V Aston Villa 1-0
Everton V Manchester United 1-3
Arsenal v Chelsea 1-0"
UgxChqaGAKhxXaj24u94AaABAg,6Ezl5T_rH_c,@cianmatthews3723,http://www.youtube.com/@cianmatthews3723,2026-09-04T17:12:36Z,2026-09-04T17:12:36Z,False,0,Do we put the predictions here still and check the leaderboard on the website?
UgxKZe1xyhWrHj3KQYx4AaABAg,6Ezl5T_rH_c,@Darko_Milosevski03,http://www.youtube.com/@Darko_Milosevski03,2026-09-04T17:11:43Z,2026-09-04T17:11:43Z,False,1,"My predictions for Gameweek 3
Ipswich 0 Liverpool 2
Newcastle 2 Bournemouth 1
Brentford 2 Sunderland 1
Nottingham Forest 2 Tottenham 1
Man City 3 Coventry 0
Fulham 0 Crystal Palace 1
Brighton 2 Leeds 1
Hull 0 Aston Villa 1
Everton 0 Man Utd 2
Arsenal 1 Chelsea 1"
UgzvrqbRnDu8c5MZpDp4AaABAg,6Ezl5T_rH_c,@Drabori,http://www.youtube.com/@Drabori,2026-09-04T17:10:37Z,2026-09-04T17:10:37Z,False,0,"My Premier League Gameweek 3

Ipswich Town 1-2 Liverpool
Newcastle United 2-0 Bournemouth
Brentford 2-0 Sunderland
Brighton & Hove Albion 3-2 Leeds United
Fulham 0-1 Crystal Palace
Manchester City 4-1 Coventry City
Nottingham Forest 1-1 Tottenham Hotspur
Hull City 1-1 Aston Villa
Everton 1-1 Manchester United
Arsenal 2-2 Chelsea"
UgwpftAq2BcAoLtjFtB4AaABAg,6Ezl5T_rH_c,@shaggylvl.100boss7,http://www.youtube.com/@shaggylvl.100boss7,2026-09-04T17:10:35Z,2026-09-04T17:10:35Z,False,0,Patrick Bamford
UgwiFnvfzQql7vc7lzR4AaABAg,6Ezl5T_rH_c,@strikeyz,http://www.youtube.com/@strikeyz,2026-09-04T17:10:20Z,2026-09-04T17:10:20Z,False,0,"first time woah
Ipswich 1 Liverpool 1
Newcastle 2 Bournemouth 1
Brentford 3 Sunderland 0
Brighton 0 Leeds 1
Fulham 2 Crystal Palace 2
Man City 0 Coventry 0
Forest 2 Spurs 1
Everton 3 Man United 2
Arsenal 2 Chelsea 1"
Ugz2OjxsYNY_XneAQyR4AaABAg,6Ezl5T_rH_c,@ConnorPenfold,http://www.youtube.com/@ConnorPenfold,2026-09-04T17:09:57Z,2026-09-04T17:09:57Z,False,1,"My Gameweek 3 Predictions:

Ipswich Town 1 Liverpool 1
Brentford 2 Sunderland 0
Newcastle United 2 Bournemouth 1
Brighton 1 Leeds United 1
Everton 1 Manchester United 1
Nottingham Forest 1 Tottenham Hotspur 1
Fulham 1 Crystal Palace 1
Manchester City 5 Coventry City 0
Hull City 2 Aston Villa 1
Arsenal 3 Chelsea 2"
UgwxbR-9hezSAseuecp4AaABAg,6Ezl5T_rH_c,@ghjn5640,http://www.youtube.com/@ghjn5640,2026-09-04T17:08:14Z,2026-09-04T17:08:14Z,False,0,"Ipswich Town 2-2 Liverpool
Newcastle United 2-1 Bournemouth
Brentford 2-0 Sunderland
Brighton & Hove Albion 3-2 Leeds United
Fulham 1-1 Crystal Palace
Manchester City 4-1 Coventry City
Nottingham Forest 1-0 Tottenham Hotspur
Hull City 1-2 Aston Villa
Everton 1-1 Manchester United
Arsenal 2-1 Chelsea"
Ugy-aI7G49_S79AVmSt4AaABAg,6Ezl5T_rH_c,@OttoTalksAi,http://www.youtube.com/@OttoTalksAi,2026-09-04T17:08:08Z,2026-09-04T17:08:08Z,False,2,Where’s alfried
UgyMV422wsH2qAfs3_d4AaABAg,6Ezl5T_rH_c,@struneair,http://www.youtube.com/@struneair,2026-09-04T17:07:46Z,2026-09-04T17:07:46Z,False,0,25 seconds ago xxx
UgxK9P_Bl3nAyvQqQ0l4AaABAg,6Ezl5T_rH_c,@ConnorPenfold,http://www.youtube.com/@ConnorPenfold,2026-09-04T17:07:36Z,2026-09-04T17:07:36Z,False,5,It’s predictions time!
