comment_id,video_id,author,author_channel_url,published_at,updated_at,is_edited,like_count,text
Ugy280i2Iptpk6tjAS54AaABAg,ZyUd-47fRT8,@DomKnight-r4i,http://www.youtube.com/@DomKnight-r4i,2026-08-28T23:34:14Z,2026-08-28T23:34:14Z,False,0,Who's here after man city battered palace
Ugyi5TbYSeID_9oFBzF4AaABAg,ZyUd-47fRT8,@elbrown3735,http://www.youtube.com/@elbrown3735,2026-08-28T23:31:54Z,2026-08-28T23:31:54Z,False,0,"16:07 because like Pep said ""TWICE, TWICE"""
Ugzij0T4U0dHqHYhAyJ4AaABAg,ZyUd-47fRT8,@markg94,http://www.youtube.com/@markg94,2026-08-28T23:31:28Z,2026-08-28T23:31:55Z,True,0,"If this had been uploaded on time, I would’ve predicted Crystal palace 1-2 Manchester City

For the rest

Liverpool 2-1 Nottingham Forest

Bournemouth 1-1 Everton

Coventry 2-1 Hull (though the fact that Susan predicts this match will be boring effectively guarantees an entertaining goal fest, but I’ll play it safe)

Tottenham 2-2 Newcastle

Chelsea 2-0 Brighton

Leeds 3-2 Brentford

Sunderland 2-1 Fulham

Manchester United 2-1 Ipswich (wouldn’t it be funny though if they lost again)

Aston Villa 0-2 Arsenal"
UgwyCnBtZ2te2QJyqb94AaABAg,ZyUd-47fRT8,@elias6126,http://www.youtube.com/@elias6126,2026-08-28T23:29:46Z,2026-08-28T23:29:46Z,False,0,"can ye not upload right before the game starts
liverpool 3-1 forest
bournemouth 3-3everton
coventry 1-2 hull
tottenham 3-2 newcastle
chelsea 2-2 brighton
leeds 1-1 brentford
sunderland 1-1 fulham
man utd 2-1 ipswich
villa 0-2 arsenal"
Ugy8T2ykyzhmEnLCoG94AaABAg,ZyUd-47fRT8,@william1181_,http://www.youtube.com/@william1181_,2026-08-28T23:28:33Z,2026-08-28T23:28:33Z,False,0,"Liverpool 2-1 Forest
Bournemouth 2 - 1 Everton
Coventry 1 - 1 Hull
Tottenham 1-2 Newcastle
Chelsea 2-1 Brighton
Leeds 1-1 Brentford
Sunderland 0-1 Fulham
Man United 1-0 Ipswich
Aston Villa 1-2 Arsenal"
UgyH0_ehqjICF220YVB4AaABAg,ZyUd-47fRT8,@elbrown3735,http://www.youtube.com/@elbrown3735,2026-08-28T23:22:52Z,2026-08-28T23:22:52Z,False,0,Terrible first prediction. Forgot that haaland can just put his massive norweigan balls on them
Ugx29LcFb3y70VSJLmh4AaABAg,ZyUd-47fRT8,@pac-mansuit4246,http://www.youtube.com/@pac-mansuit4246,2026-08-28T23:17:41Z,2026-08-28T23:17:41Z,False,0,"Palace 1 Man City 3
Liverpool 1 Forest 1
Bournemouth 2 Everton 1
Coventry 3 Hull 0
Spurs 1 New Castle 0
Chelsea 2 Brighton 2
Leeds 0 Brentford 0
Sunderland 1 Fulham 2
Man United 1 Ipswich 1"
UgxH6XMn6Y-AIuhUUcd4AaABAg,ZyUd-47fRT8,@sheilachitwamali6738,http://www.youtube.com/@sheilachitwamali6738,2026-08-28T23:11:37Z,2026-08-28T23:11:37Z,False,1,"Crystal Palace * - * Manchester city 

Liverpool 2 - 1 Nottingham forest 

Bournemouth 3 Everton 1

Coventry 1 Hull 1

Tottenham 2 Newcastle 3

Chelsea 2 Brighton 1

Leeds 1 Brentford 2

Sunderland 1 Fulham 2

Manchester united 3 Ipswich 0

Aston villa 1 Arsenal 3"
Ugzv6nGVj965wFQuTQB4AaABAg,ZyUd-47fRT8,@abarkadabra,http://www.youtube.com/@abarkadabra,2026-08-28T23:05:03Z,2026-08-28T23:05:03Z,False,0,"Crystal Palace TOO - LATE Man City
Liverpool 1 - 4 Forest 
Bournemouth 6 - 2 Everton
Coventry 1 - 3 Hull
Tottenham 0-6 Newcastle 
Chelsea 3-7 Brighton
Leeds 2-7 Brentford
Sunderland 6-1 Fulham
Man United 1-2 Ipswich
Aston Villa 1-7 Arsenal"
UgxaYYpgyWdXocW_3yt4AaABAg,ZyUd-47fRT8,@9Footballclips,http://www.youtube.com/@9Footballclips,2026-08-28T23:04:11Z,2026-08-28T23:04:11Z,False,0,Sure about that💀1-4
UgzLK0SirUS2c3aRnRF4AaABAg,ZyUd-47fRT8,@blero473,http://www.youtube.com/@blero473,2026-08-28T23:02:39Z,2026-08-28T23:02:39Z,False,0,"liverpool 1-1 forest
bournemouth 0-1 everton
coventry 0-1 hull
spurs 1-2 newcastle
chelsea 3-2 brighton
leeds 2-2 brentford
sunderland 1-0 fulham
man united 2-0 ipswitch
villa 0-2 arsenal"
Ugxu5zxJ9lFoDCoifPJ4AaABAg,ZyUd-47fRT8,@SidHappensT.T,http://www.youtube.com/@SidHappensT.T,2026-08-28T22:59:21Z,2026-08-28T22:59:21Z,False,0,"Liverpool v Forest 3:0
 Bournemouth v Everton 2:1
Coventry v Hull 1:2 
Spurs v Newcastle 1:3
Chelsea v Brighton 2:2
Sunderland v Fulham 2:0
Leeds v Brentford 1:2
 Man United v Ipswich 0:1
 Aston Villa v Arsenal 1:1"
Ugw17P6vj1EaH-MSsqh4AaABAg,ZyUd-47fRT8,@hothead5395,http://www.youtube.com/@hothead5395,2026-08-28T22:56:12Z,2026-08-28T22:56:12Z,False,0,"liverpool 0-1 forest
bournemouth 1-2 everton
coventry 2-2 hull
spurs 3-0 newcastle
chelsea 4-2 brighton
leeds 1-2 brentford
sunderland 3-1 fulham
man united 1-2 ipswitch
villa 0-5 arsenal"
UgyK3PO_3d6hP7fot4V4AaABAg,ZyUd-47fRT8,@SportsCardsCenter,http://www.youtube.com/@SportsCardsCenter,2026-08-28T22:55:22Z,2026-08-28T22:55:22Z,False,0,"I lost power today and couldn't comment in time before the match, hope my others can count...

Man City 2-0 Crystal Palace
Liverpool 1-0 Nottingham Forest
Bournemouth 1-3 Everton
Coventry 1-1 Hull City
Spuds 0-0 Newcastle
Chelsea 2-1 Brighton
Leeds 2-1 Brentford
Sunderland 1-1 Fulham
Man United 2-1 Ipswich
Aston Villa 0-3 Arsenal"
UgzVoXOQZS0hUescVgp4AaABAg,ZyUd-47fRT8,@janvragolovic8565,http://www.youtube.com/@janvragolovic8565,2026-08-28T22:53:07Z,2026-08-28T22:53:07Z,False,0,"Liverpool 1 Nottingham Forest 0
Bournemouth 1 Everton 1
Coventry 2 Hull 1
Tottenham 1 Newcastle 0
Chelsea 1 Brighton 2
Sunderland 1 Fulham 1
Leeds 0 Brentford 0
Man United 3 Ipswich 2
Aston Villa 0 Arsenal 1"
UgytHNaKo7kykDQlo494AaABAg,ZyUd-47fRT8,@Pando1773,http://www.youtube.com/@Pando1773,2026-08-28T22:50:40Z,2026-08-28T22:50:40Z,False,0,"crystal palace 0 - 4 Man city (pre-match prediction)
liverpool 2 - 1 Nottingham forest
Bournemouth 2 - 2 Everton
Coventry 1 - 3 Hull
Tottenham 0 - 1 Newcastle
Chelsea 1 - 1 Brighton
Leeds 1 - 2 Brentford
Sunderland 1 - 0 Fulham
Man united 3- 1 Ipswich
Aston villa 0 - 2 Arsenal"
UgwlwAny_gNfgcbH10Z4AaABAg,ZyUd-47fRT8,@blero473,http://www.youtube.com/@blero473,2026-08-28T22:49:06Z,2026-08-28T22:49:06Z,False,0,WHen are you going to azerbaijin
UgzjsvZEW0Z9a-Zzuit4AaABAg,ZyUd-47fRT8,@Smidgebomb,http://www.youtube.com/@Smidgebomb,2026-08-28T22:48:53Z,2026-08-28T22:48:53Z,False,0,Get ready for the winking Susan
UgzNrhV4vn8SYIxRqix4AaABAg,ZyUd-47fRT8,@Smidgebomb,http://www.youtube.com/@Smidgebomb,2026-08-28T22:48:42Z,2026-08-28T22:48:42Z,False,0,"Liverpool 3-0 Nott'm Forest
Bournemouth 2-2 Everton
Coventry 0-2 Hull City
Spurs 1-4 Newcastle
Chelsea 1-1 Brighton
Leeds 1-2 Brentford
Sunderland 2-1 Fulham
Man United 3-2 Ipswich
Arsenal 2-1 Aston Villa"
UgxZALgOw83UDfd0oVR4AaABAg,ZyUd-47fRT8,@Rashford_enthusiast,http://www.youtube.com/@Rashford_enthusiast,2026-08-28T22:47:21Z,2026-08-28T22:47:21Z,False,0,"Posted after Man City 
Liverpool 1-0 forest
Bournemouth 4-2 Everton
Coventry 1-1 Hull
Tottenham 0-2 Newcastle 
Chelsea 2-2 Brighton 
Leeds 3-1 Brentford
Sunderland 1-1 Fulham
Man United 4-3 Ipswich 
Aston Villa 2-5 Arsenal"
UgwS1KiZQeu-AZ31wHl4AaABAg,ZyUd-47fRT8,@MattCheshire49,http://www.youtube.com/@MattCheshire49,2026-08-28T22:44:03Z,2026-08-28T22:44:03Z,False,0,"Crystal Palace 2-1 Man City
Liverpool 2-1 Forest
Bournemouth 1-1 Everton
Coventry 1-2 Hull
Tottenham 0-3 Newcastle
Chelsea 2-0 Brighton
Leeds 2-2 Brentford
Sunderland 1-2 Fulham
Man United 1-3 Ipswich
Aston Villa 3-3 Arsenal"
UgyIGHEqmKuJ1-vmdnx4AaABAg,ZyUd-47fRT8,@olekklein27,http://www.youtube.com/@olekklein27,2026-08-28T22:35:59Z,2026-08-28T22:35:59Z,False,0,8:45 u mean brennan johnson?
UgzGo_PzzXUp698qsxJ4AaABAg,ZyUd-47fRT8,@michaeldonnelly13,http://www.youtube.com/@michaeldonnelly13,2026-08-28T22:34:21Z,2026-08-28T22:34:21Z,False,0,"Palace X Man City X
Liverpool 3 Forest 0
Bournemouth 1 Everton 1
Coventry 3 Hull 1
Spurs 2 Newcastle 1
Chelsea 2 Brighton 0
Leeds 2 Brentford 1
Sunderland 0 Fulham 0
Man United 4 Ipswich 1
Villa 1 Arsenal 2"
Ugwkot1oq3sny361OWx4AaABAg,ZyUd-47fRT8,@RedMark10,http://www.youtube.com/@RedMark10,2026-08-28T22:32:12Z,2026-08-28T22:32:12Z,False,0,Came back after the massive City win. 😂😂😂
UgzKEAT7-LDOZ8Mk-Wt4AaABAg,ZyUd-47fRT8,@gurreetkandola7782,http://www.youtube.com/@gurreetkandola7782,2026-08-28T22:32:11Z,2026-08-28T22:32:11Z,False,2,That tom holland analogy has to be one of the most outlandish things ive heard this guy say
UgwwjheHkiUuagfksqx4AaABAg,ZyUd-47fRT8,@gabrielknight9336,http://www.youtube.com/@gabrielknight9336,2026-08-28T22:31:04Z,2026-08-28T22:31:04Z,False,0,"Crystal Palace 1-4 Man City (no this doesn’t count as cheating!)
Liverpool 1-1 Nottingham Forest
Bournemouth 1-1 Everton
Coventry 2-1 Hull
Tottenham 1-2 Newcastle
Chelsea 2-1 Brighton
Leeds 1-0 Brentford
Sunderland 3–1 Fulham
Man United 2–1 Ipswich
Aston Villa 0-3 Arsenal"
UgyV67iacUZbbBOMjvx4AaABAg,ZyUd-47fRT8,@olekklein27,http://www.youtube.com/@olekklein27,2026-08-28T22:30:58Z,2026-08-28T22:30:58Z,False,0,"Crystal Palace 0 Manchester City 2
Liverpool 0 Nottingham Forest 1
Bournemouth 0 Everton 1
Coventry 1 Hull 1
Tottenham 1 Newcastle 1
Chelsea 1 Brighton 2
Leeds 2 Brentford 0
Sunderland 1 Fulham 3
Manchester United 3 Ipswich 2
Aston Villa 1 Arsenal 2"
UgxMi11eN9e2bJDlyER4AaABAg,ZyUd-47fRT8,@IvoTheGhouI,http://www.youtube.com/@IvoTheGhouI,2026-08-28T22:29:16Z,2026-08-28T22:29:16Z,False,0,"Crystal Palace NULL Manchester City
Liverpool 2-1 Nottingham Forest 
Bournemouth 2-2 Everton 
Coventry 1-2 Hull
Tottenham 0-1 Newcastle 
Chelsea 1-1 Brighton 
Leeds 1-2 Brentford 
Sunderland 0-3 Fulham 
Man United 2-0 Ipswich 
Aston Villa 0-3 Arsenal"
UgxlIOVy_9XP6_434654AaABAg,ZyUd-47fRT8,@rohailmahmood3847,http://www.youtube.com/@rohailmahmood3847,2026-08-28T22:28:21Z,2026-08-28T22:28:21Z,False,0,"Palace City N/A too late
Liverpool 2-1 Forest
Bournemouth 3-1 Everton
Coventry 1-1 Hull
Spurs 2-2 Newcastle
Chelsea 2-1 Brighton
Leeds 2-0 Brentford
Sunderland 1-0 Fulham
United 3-0 Ipswich
Villa 1-3 Arsenal"
UgzGPfNZdClm-GArwZZ4AaABAg,ZyUd-47fRT8,@DJYungHank,http://www.youtube.com/@DJYungHank,2026-08-28T22:22:36Z,2026-08-28T22:22:36Z,False,2,5:53 ah yes 4-2 Vs Bournemouth is winning by 1 goal 🤣🤣
Ugzlv3En5LjyEpOSGk54AaABAg,ZyUd-47fRT8,@ford-wp1yq,http://www.youtube.com/@ford-wp1yq,2026-08-28T22:22:31Z,2026-08-28T22:22:31Z,False,0,What website?
UgwErdLWCprW-5RXiX14AaABAg,ZyUd-47fRT8,@DaMudkipFan,http://www.youtube.com/@DaMudkipFan,2026-08-28T22:22:05Z,2026-08-28T22:22:05Z,False,3,im sorry susan tyler dibling did what in the carabao?
UgzKoCQJFXk5Y0PbU2p4AaABAg,ZyUd-47fRT8,@balinthejner465,http://www.youtube.com/@balinthejner465,2026-08-28T22:21:58Z,2026-08-28T22:21:58Z,False,0,"Well, no City prediction because that game is done, so

Liverpool 2-0 Nottingham Forest
Bournemouth 1-2 Everton
Coventry 0-1 Hull
Tottenham 1-3 Newcastle 
Chelsea 2-1 Brighton
Leeds 1-1 Brentford
Sunderland 1-0 Fulham
Manchester United 3-0 Ipswich
Aston Villa 0-2 Arsenal"
Ugw7OLMPwjLJPauRkEh4AaABAg,ZyUd-47fRT8,@upperlolbruce3378,http://www.youtube.com/@upperlolbruce3378,2026-08-28T22:21:20Z,2026-08-28T22:21:20Z,False,0,"Posted after palace vs city but

Liverpool 3-0 forest 
Bournemouth 2-2 Everton 
Coventry 2-2 Hull
Tottenham 1-3 Newcastle 
Chelsea 3-1 Brighton
Leeds 2-2 Brentford 
Sunderland 1-3 Fulham 
Man U 3-1 Ipswich
Aston Villa 1-2 Arsenal"
Ugz5dgZ6mMMcZoo0dsR4AaABAg,ZyUd-47fRT8,@Morgamer2.0,http://www.youtube.com/@Morgamer2.0,2026-08-28T22:20:55Z,2026-08-28T22:20:55Z,False,0,"Crystal Palace 1-4 Manchester City
(Obviously doesnt count)

Liverpool 2-0 Nottingham Forest
Coventry City 0-1 Hull City
Bournemouth 1-1 Everton
Tottenham Hotspur 1-2 Newcastle United
Chelsea 2-1 Brighton
Leeds United 1-2 Brentford
Sunderland 1-1 Fulham
Manchester United 2-1 Ipswich Town
Aston Villa 0-2 Arsenal"
UgxO54pDY7yD3y72o5l4AaABAg,ZyUd-47fRT8,@blackwhitearmy8525,http://www.youtube.com/@blackwhitearmy8525,2026-08-28T22:20:43Z,2026-08-28T22:20:43Z,False,0,"12:24 disagree with this on Sandro, he gave us all he had imo and it was the right time to move on.. I expected a Champions League club🤣 but for the money we got I wish him well🙏🖤🤍"
UgxpzLrDjQJTVuu2HKt4AaABAg,ZyUd-47fRT8,@onikavelka,http://www.youtube.com/@onikavelka,2026-08-28T22:20:42Z,2026-08-28T22:20:42Z,False,0,"Crystal Palace 0-1 Man City
Liverpool 3-2 Nottingham Forest
Everton 1-0 Bournemouth
Coventry 1-1 Hull City
Tottenham 2-1 Newcastle
Chelsea 1-2 Brighton
Leeds 2-0 Brentford
Sunderland 3-1 Fulham
Man United 2-1 Ipswich
Aston Villa 0-3 Arsenal"
Ugx9AQlsaxnc0CBIj114AaABAg,ZyUd-47fRT8,@goals4fun,http://www.youtube.com/@goals4fun,2026-08-28T22:18:44Z,2026-08-28T22:18:44Z,False,1,"missed palace city game...
Liverpool 2-1 Forest
Bournemouth 1-1 Everton
Spurs 2-1 Newcastle
Coventry 2-0 Hull
Chelsea 2-2 Brighton
Leeds 1-1 Brentford
Man United 3-1 Ipswich
Sunderland 1-0 Fulham
Villa 0-2 Arsenal"
UgybUSwhAz3bUA5XPW94AaABAg,ZyUd-47fRT8,@AriaWand-u9f,http://www.youtube.com/@AriaWand-u9f,2026-08-28T22:17:35Z,2026-08-28T22:17:35Z,False,0,"Didn't realize there was a Friday game so here's the rest of my predictions, curious if the website will still count mine because I missed one?

Liverpool 2 Nottingham Forest 1
Coventry 2 Hull 1
Bournemouth 1 Everton 1
Tottenham 0 Newcastle 1
Chelsea 2 Brighton 2
Leeds 0 Brentfird 2
Sunderland 1 Fulham 1
Man United 2 Ipswich 0
Aston Villa 1 Arsenal 3"
Ugx9NN4Tyjn-d7uSufZ4AaABAg,ZyUd-47fRT8,@limkc8178,http://www.youtube.com/@limkc8178,2026-08-28T22:15:26Z,2026-08-28T22:15:26Z,False,0,"Crystal Palace 1-4 Man City
Liverpool 4-0 Forest 
Bournemouth 1-2 Everton
Coventry 0-2 Hull
Tottenham 0-1 Newcastle 
Chelsea 2-1 Brighton
Leeds 2-2 Brentford
Sunderland 1-1 Fulham
Man United 1-1 Ipswich
Aston Villa 0-3 Arsenal"
UgzsrACf6EN8gap7T3p4AaABAg,ZyUd-47fRT8,@aaronmazerolle,http://www.youtube.com/@aaronmazerolle,2026-08-28T22:10:46Z,2026-08-28T22:10:46Z,False,0,well the first one was a terrible take
UgyOh0xMWdnY9pdsSRF4AaABAg,ZyUd-47fRT8,@RavynFFH,http://www.youtube.com/@RavynFFH,2026-08-28T22:10:03Z,2026-08-28T22:10:03Z,False,0,"palace 1-4 city
forest 0-3 liverpool
bournemouth 2-2 everton
coventry 1-1 hull
spurs 2-2 newcastle
chelsea 2-3 brighton
leeds 1-3 brentford
sunderland 1-0 fullham
united 1-0 ipswich
villa 2-2 arsenal"
UgweUXtLwLuMI01Oyz54AaABAg,ZyUd-47fRT8,@Heelbaas,http://www.youtube.com/@Heelbaas,2026-08-28T22:09:35Z,2026-08-28T22:09:35Z,False,0,"Sadly the palace match alr ended so these are my predictions for the weekend

Liverpool 2-1 Forest
Bournemouth 2-0 Everton
Coventry 1-1 Hull
Tottenham 3-2 Newcastle
Chelsea 1-2 Brighton 
Leeds 0-0 Brentford
Sunderland 1-2 Fulham
Man United 3-1 Ipswich
Aston Villa 1-2 Arsenal"
UgwOW4Iw3d5mQqfjyC54AaABAg,ZyUd-47fRT8,@gainzwithglenn,http://www.youtube.com/@gainzwithglenn,2026-08-28T22:03:24Z,2026-08-28T22:03:24Z,False,0,"Missed the cut for the City game, but would've gone:

Crystal Palace 0, Man City 1
Liverpool 2, Forest 1
Bournemouth 1, Everton 2
Coventry 2, Hull 0
Spurs 1, Newcastle 3
Chelsea 4, Brighton 2
Leeds 2, Brentford 2
Sunderland 1, Fulham 1
Man United 2, Ipswich 1
Aston Villa 0, Arsenal 2"
UgzBBpRBLmGM7Ut41Ft4AaABAg,ZyUd-47fRT8,@NkonghoepeyJoypraise,http://www.youtube.com/@NkonghoepeyJoypraise,2026-08-28T22:02:42Z,2026-08-28T22:02:42Z,False,0,"CRY vs MCI 1-1
LIV vs NOT 3-1
BOU vs EVE 1-1
COV vs HUL 2-0
TOT vs NEW 2-1, definitely gonna do it 
CHE vs BHA 1-2
LEE vs BRE 2-2
SUN vs FUL 1-3
MUN vs IPS 4-0
AVL vs ARS 0-2"
Ugw3zr9juCyPYWB3Fup4AaABAg,ZyUd-47fRT8,@lucio534,http://www.youtube.com/@lucio534,2026-08-28T21:54:36Z,2026-08-28T21:54:36Z,False,0,"Liverpool 1-2 Forest 
Bournemouth 1-2 Everton
Coventry 2-0 Hull
Tottenham 3-1 Newcastle 
Chelsea 3-2 Brighton
Leeds 1-1 Brentford
Sunderland 2-2 Fulham
Man United 4-2 Ipswich
Aston Villa 1-4 Arsenal"
UgyPxDTLtCiDtYqVMnp4AaABAg,ZyUd-47fRT8,@mywonderfulworldofvideos,http://www.youtube.com/@mywonderfulworldofvideos,2026-08-28T21:53:47Z,2026-08-28T21:53:47Z,False,0,"Liverpool 4 Nottingham Forest 2
Bournemouth 2 Everton 2
Coventry 1 Hull 0
Tottenham 1 Newcastle 1
Chelsea 3 Brighton 2
Leeds 0 Brentford 0
Sunderland 1 Fulham 2
Man Utd 2 Ipswich 0
Aston Villa 1 Arsenal 2"
UgxAkRhYZvlsAcSSdTp4AaABAg,ZyUd-47fRT8,@HalogenSurf,http://www.youtube.com/@HalogenSurf,2026-08-28T21:45:17Z,2026-08-28T21:45:17Z,False,0,Wow this didn't take long to age very poorly right from the off 😂  palace might not survive the season
UgyOwprWxcQlhq2lZwZ4AaABAg,ZyUd-47fRT8,@TheSkinnerBrothers1,http://www.youtube.com/@TheSkinnerBrothers1,2026-08-28T21:41:56Z,2026-08-28T21:44:26Z,True,0,"Palace to beat City 😂 Being a supporter of the shit show thats Newcastle, has finally sent Susan totally cuckoo 😂"
UgxsBWXzVClO7avyx2R4AaABAg,ZyUd-47fRT8,@achusworld102,http://www.youtube.com/@achusworld102,2026-08-28T21:40:41Z,2026-08-28T21:40:41Z,False,1,"Crystal Palace 1 Man city 4
Liverpool 3 Forest 1
Bournemouth 2 Everton 0
Coventry 1 Hull 0
Tottenham 1 Newcastle 1
Chelsea 4 Brighton 3
Leeds 2 Brentford 0
Sunderland 2 Fulham 1
Man utd 2 Ipswich 0
Aston villa 0 Arsenal 3"
UgzS-csv2jlZa_fJo6l4AaABAg,ZyUd-47fRT8,@miserableenclosure,http://www.youtube.com/@miserableenclosure,2026-08-28T21:37:19Z,2026-08-28T21:37:19Z,False,0,"How are we supposed to get our predictions in when this is posted right before kickoff. . .

Crystal Palace 1-3 Man City
Liverpool 3-2 Forest
Bournemouth 2-2 Everton
Coventry 2-0 Hull
Spurs 2-2 Newcastle 
Chelsea 1-3 Brighton
Leeds 1-0 Brentford
Sunderland 1-1 Fulham
Man United 3-1 Ipswich
Aston Villa 1-1 Arsenal"
UgzV5SMODvzpt63EUWR4AaABAg,ZyUd-47fRT8,@taylorblanmusic,http://www.youtube.com/@taylorblanmusic,2026-08-28T21:36:08Z,2026-08-28T21:36:08Z,False,0,"Man City palace doesn’t count 
Liverpool 2-1 Forrest 
Bournemouth 2-2 Everton 
Coventry 1-2 Hull 
Tottenham 1-2 Newcastle 
Chelsea 2-3 Brighton 
Leeds 1-1 Brentford 
Sunderland 1-1 Fulham 
United 2-1 Ipswich 
Villa 1-3 Arsenal"
Ugy8f4VdCWc_4JtjA6d4AaABAg,ZyUd-47fRT8,@hmm5176,http://www.youtube.com/@hmm5176,2026-08-28T21:35:20Z,2026-08-28T21:35:20Z,False,0,"Skipping the City-Palace game, watching this after that game.
Liverpool 2-1 Forest
Bournemouth 0-2 Everton
Coventry 1-1 Hull City
Spurs 2-0 Newcastle
Chelsea 2-2 Brighton
Leeds 2-3 Brentford
Sunderland 1-3 Fulham
United 2-0 Ipswich
Villa 0-2 Arsenal"
UgwyC7MZ9SSNayDMdGJ4AaABAg,ZyUd-47fRT8,@Dr.CHANCHO,http://www.youtube.com/@Dr.CHANCHO,2026-08-28T21:35:04Z,2026-08-28T21:35:04Z,False,0,"Crystal Palace 1 - 4 Man City (Already Played)
Liverpool 2 - Nottingham Forrest
Coventry 2 - 1 Hull City
Bournemouth 1 - 1 Everton
Tottenham 2 - 0 Newcastle
Sunderland 2 - 0 Fulham
Leeds 1 - 0 Brentford
Chelsea 3 - 1 Brighton 
Man U 3 - 0 Ipswich
Aston villa 1 - 4 Arsenal"
Ugwl3OlqeywF-X61h_V4AaABAg,ZyUd-47fRT8,@nathansreptiles4560,http://www.youtube.com/@nathansreptiles4560,2026-08-28T21:34:56Z,2026-08-28T21:34:56Z,False,0,"Done after palace city so ovs its going to be correct so ignore it
Palace city (1-4)
Liverpool Forrest (0-1)
Bournemouth Everton (1-2)
Coventry hull (1-1)
Spurs Newcastle (0-0)
Leeds Brentford (0-1)
Sunderland Fulham (1-0)
United Ipswich (1-1)
Villa arsenal(0-4)"
UgwWEOVhgrDpsiWf4Lx4AaABAg,ZyUd-47fRT8,@TakerlukeGaming,http://www.youtube.com/@TakerlukeGaming,2026-08-28T21:29:50Z,2026-08-28T21:29:50Z,False,0,that palace prediction went well
Ugw3sqrywdllZfB1CIN4AaABAg,ZyUd-47fRT8,@choj619,http://www.youtube.com/@choj619,2026-08-28T21:28:41Z,2026-08-28T21:28:41Z,False,0,"Late predictions
Liverpool 2 Nottingham Forest 1
Coventry 1 Hull City 2
Bournemouth 1 Everton 1
Spurs 2 Newcastle 0
Chelsea 2 Brighton 1
Leeds 2 Brentford 2
Sunderland 1 Fulham 0
Man United 2 Ipswich 1
Aston Villa 0 Arsenal 2"
UgzAr8tbff0elGQFKs94AaABAg,ZyUd-47fRT8,@EduardoGrassoTV,http://www.youtube.com/@EduardoGrassoTV,2026-08-28T21:28:05Z,2026-08-28T21:28:05Z,False,0,Great start 😅
UgwdIMN7-M_09DW5syV4AaABAg,ZyUd-47fRT8,@Stonix737,http://www.youtube.com/@Stonix737,2026-08-28T21:26:56Z,2026-08-28T21:26:56Z,False,0,"This is going to be after the mancity game 
Liverpool 2-1 nottingham forest
Coventry 1-1 hull
Spurs 2-1 Newcastle 
Bournemouth 2-0 everton
Chelsea 2-0 brighton
Leeds 2-2 Brentford 
Manchester united 1-0 Ipswich town
Sunderland 1-0 fulham
Arsenal 3-1 aston villa"
UgyVb5lPa72hTCY5dsl4AaABAg,ZyUd-47fRT8,@rengoku4729,http://www.youtube.com/@rengoku4729,2026-08-28T21:25:58Z,2026-08-28T21:25:58Z,False,1,City won 4-1 ..lol.. pee on ur prediction!!
UgxZ3xOG6R7mgc10MP14AaABAg,ZyUd-47fRT8,@Ferrufino5l,http://www.youtube.com/@Ferrufino5l,2026-08-28T21:24:51Z,2026-08-28T21:24:51Z,False,0,"Liverpool 1 - 0 Nottingham forest 
Bournemouth 2 - 1 Everton
Coventry 2-2 hull city
Spurs 1 - 2 Newcastle
Chelsea 3 - 1 Brighton 
Leeds 2 -  1 Brentford 
Sunderland 3-3 fulham 
Man Utd 3 -0 Ipswich"
UgxyP9cVzosEscS7mDt4AaABAg,ZyUd-47fRT8,@Tacoram1,http://www.youtube.com/@Tacoram1,2026-08-28T21:21:51Z,2026-08-28T21:21:51Z,False,2,Can you please dress up as pikachu next week
Ugy7fOKtYEKMH5Wej1V4AaABAg,ZyUd-47fRT8,@cuthbertmcvane9159,http://www.youtube.com/@cuthbertmcvane9159,2026-08-28T21:21:08Z,2026-08-28T21:21:08Z,False,0,"I know I am late but here are my Saturday,Sunday and Monday predictions so enjoy.

Liverpool 2 Nottingham Forest 2
Bournemouth 2 Everton 1
Coventry City 2 Hull City 0
Tottenham 3 Newcastle 1
Chelsea 3 Brighton 2
Leeds United 2 Brentford 1
Sunderland 1 Fulham 3
Man United 3 Ipswich 1
Aston Villa 1 Arsenal 2"
UgyBmWqLbf_IlelMLqF4AaABAg,ZyUd-47fRT8,@silversalamence10,http://www.youtube.com/@silversalamence10,2026-08-28T21:17:21Z,2026-08-28T21:17:21Z,False,0,"Skipped game 1 (as that ended at the time of writing), but I wanna predict the other games though.
Liverpool 2 Nottingham Forest 1
Coventry 1 Hull 1
Bournemouth 2 Everton 2
Tottenham 1 Newcastle 2
Chelsea 3 Brighton 2
Leeds 1 Brentford 0
Sunderland 0 Fulham 0
Man United 2 Ipswich 0
Aston Villa 1 Arsenal 2"
UgzIHKozjXJw4JXMXAh4AaABAg,ZyUd-47fRT8,@eamonlyons8069,http://www.youtube.com/@eamonlyons8069,2026-08-28T21:15:01Z,2026-08-28T21:15:01Z,False,0,"Crystal Palace 2-2 Man City 
Liverpool 2-0 Nottingham Forest 
Bournemouth 1-3 Everton 
Coventry 1-0 Hull City 
Tottenham 2-0 Newcastle 
Chelsea 6-0 Brighton 
Leeds 2-1 Brentford 
Sunderland 3-0 Fulham 
Man United 1-2 Ipswich Town 
Aston Villa 2-0 Arsenal"
UgxmGQb_8AV2CNa53AB4AaABAg,ZyUd-47fRT8,@iemmanuel10,http://www.youtube.com/@iemmanuel10,2026-08-28T21:14:59Z,2026-08-28T21:14:59Z,False,0,"City vs Palace had already started by the time this was uploaded.

Liverpool 2-0 Forest
Bournemouth 1-0 Everton 
Coventry 1-0 Hull
Spurs 1-2 Newcastle
Chelsea 3-1 Brighton
Leeds 0-1 Brentford
Sunderland 0-0 Fulham 
Man United 3-1 Ipswich
Aston Villa 0-3 Arsenal"
Ugw8DBaovXTnGwP-36x4AaABAg,ZyUd-47fRT8,@wolfisin,http://www.youtube.com/@wolfisin,2026-08-28T21:14:58Z,2026-08-28T21:14:58Z,False,0,"Crystal Palace 0-3 Man City
Liverpool 0-2 Forest 
Bournemouth 0-0 Everton
Coventry 0-2 Hull
Tottenham 0-1 Newcastle 
Chelsea 1-1 Brighton
Leeds 0-2 Brentford
Sunderland 0-1 Fulham
Man United 1-1 Ipswich
Aston Villa 1-0 Arsenal"
UgyJXBp2geINkzIUbCd4AaABAg,ZyUd-47fRT8,@jjbingham123,http://www.youtube.com/@jjbingham123,2026-08-28T21:14:16Z,2026-08-28T21:14:16Z,False,0,"Liverpool 2 Forrest 0 
Bournemouth 1 Everton 1 
Coventry 1 hull 1 
Spurs 2 Newcastle 1 
Chelsea 2 Brighton 2 
Leeds 1 Brentford 2
Sunderland 0 Fulham 3 
Man United 4 Ipswich 1 
Aston Villa 0 Arsenal 2"
UgxV10LayywaP4jWv9V4AaABAg,ZyUd-47fRT8,@keelanduffy6024,http://www.youtube.com/@keelanduffy6024,2026-08-28T21:12:42Z,2026-08-28T21:12:42Z,False,0,"Crystal Palace 1 Man City 4 (I definitely didn’t watch this video after the match)

Liverpool 1 Forest 1
Bournemouth 2 Everton 1
Coventry 1 Hull 0
Tottenham 2 Newcastle 2
Chelsea 2 Brighton 1
Sunderland 2 Fulham 0
Leeds 0 Brentford 1
Man United 4 Ipswich 0
Aston Villa 0 Arsenal 3"
Ugz8lAbwBszvQiv922x4AaABAg,ZyUd-47fRT8,@ChrisS-051,http://www.youtube.com/@ChrisS-051,2026-08-28T21:09:22Z,2026-08-28T21:09:22Z,False,0,"Not knowing the video is out before the Friday game starts is killing my title chances

Liverpool v Forest 2-1
Bournemouth v Everton 1-1 
Coventry v Hull 1-1
Spurs v Newcastle 2-0
Chelsea v Brighton 3-2
Sunderland v Fulham 3-1
Leeds v Brentford 2-2
Man Utd v Ipswich -4-2
Aston Villa v Arsenal 1-2"
UgybWQ02mGQg5ENelix4AaABAg,ZyUd-47fRT8,@Numorfutinca,http://www.youtube.com/@Numorfutinca,2026-08-28T21:08:32Z,2026-08-28T21:08:32Z,False,0,"Liverpool 2 - 0 forest
Coventry 0- 2 hull
Bournemouth 1 -0 everton
Spurs 1- 1 newcastle
Chelsea 1-1 brighton
Leeds 1 - 0 brentford
Sunderland 0- 0 fulham
Man utd 3-0 ipswitch
Aston villa 2-1arsenal"
Ugw3hkbDNCc_ItAuRP14AaABAg,ZyUd-47fRT8,@seansavage7414,http://www.youtube.com/@seansavage7414,2026-08-28T21:05:10Z,2026-08-28T21:05:10Z,False,0,"Crystal Palace 0 Manchester City 2 
Liverpool 2 Nottingham Forest 0 
Bournemouth 2 Everton 0 
Coventry City 2 Hull City 1 
Tottenham 1 Newcastle United 2 
Chelsea 1 Brighton and Hove Albion 2 
Leeds United 1 Brentford 1 
Sunderland 3 Fulham 1 
Manchester United 4 Ipswich Town 0 
Aston Villa 1 Arsenal 2"
Ugx5qCPq6bIqPHn9xBx4AaABAg,ZyUd-47fRT8,@andrewlineham5670,http://www.youtube.com/@andrewlineham5670,2026-08-28T21:02:27Z,2026-08-28T21:03:02Z,True,0,Liverpool 3 Forrest 1 Bournemouth 1 Everton 1 Coventry 0 hull 2 spurs 1 Newcastle 1 Chelsea 3 Brighton 1 Leeds 0 Brentford 3 Sunderland 0 Fulham 0 united 4 Ipswich 0
UgyVpRb1IWEWVcNZ8yJ4AaABAg,ZyUd-47fRT8,@P-Rex2844,http://www.youtube.com/@P-Rex2844,2026-08-28T21:02:14Z,2026-08-28T21:02:14Z,False,0,"Palace 0 Man City 2
Liverpool 3 Forest 1
Bournemouth 2 Everton 1
Coventry 0 Hull 2
Spurs 1 Newcastle 2
Chelsea 1 Brighton 2
Leeds 2 Brentford 2
Sunderland 1 Fulham 0
Man Utd 3 Ipswich 0
Villa 1 Arsenal 4"
Ugwld0_as1d8z83oGS54AaABAg,ZyUd-47fRT8,@Fl0w_7625,http://www.youtube.com/@Fl0w_7625,2026-08-28T21:01:44Z,2026-08-28T21:01:44Z,False,0,"Liverpool v Nottingham Forest 2-1
Bournemouth v Everton 1-1
Coventry v Hull 0-0
Spurs v Newcastle 2-1
Chelsea v Brighton 2-2
Leeds v Brentford 1-2
Sunderland v Fulham 0-1
Man Utd v Ipswich 1-1
Aston Villa v Arsenal 0-3"
Ugwej9YLM2emJ-xNNKl4AaABAg,ZyUd-47fRT8,@rgas28,http://www.youtube.com/@rgas28,2026-08-28T21:01:23Z,2026-08-28T21:01:23Z,False,0,"Palace 0-2 Man City 
Liverpool 1-0 forest 
Bournemouth 2-2 Everton 
Coventry 0-0 Hull
Spurs 1-2 Newcastle 
Chelsea 3-1 Brighton 
Leeds 1-1 Brentford 
Sunderland 1-0 Fulham 
Man Utd 4-1 Ipswich 
Villa 0-2 Arsenal"
UgwqXug5pBFOdGW5tG14AaABAg,ZyUd-47fRT8,@dylanhyslop10,http://www.youtube.com/@dylanhyslop10,2026-08-28T21:01:15Z,2026-08-28T21:01:15Z,False,0,"City 3-1 palace
Liverpool 2-1 forest
Bournemouth 0-1 everton
Coventry 1-0 hull
Tottenham 1-2 Newcastle 
Chelsea 2-2 Brighton
Leeds 3-2 Brentford 
Sunderland 1-0 fulham
Man u 2-0 Ipswich
Villa 0-3 arsenal"
UgyVsIZ7vcjXRkpyc4d4AaABAg,ZyUd-47fRT8,@crankyderrick7873,http://www.youtube.com/@crankyderrick7873,2026-08-28T21:00:40Z,2026-08-28T21:00:40Z,False,12,Here after Palace 1 - 4 Man City. Irish Guy should really have a little more faith in that front line
Ugz8hVAyFtH-PnI0XUF4AaABAg,ZyUd-47fRT8,@RodrigoCardoso-ov2qu,http://www.youtube.com/@RodrigoCardoso-ov2qu,2026-08-28T21:00:39Z,2026-08-28T21:00:39Z,False,0,Man City just won 4-1 🤣🤣
Ugy2z3Bm-WPSXyG2fKB4AaABAg,ZyUd-47fRT8,@RyanH2005,http://www.youtube.com/@RyanH2005,2026-08-28T21:00:05Z,2026-08-28T21:00:05Z,False,0,"Crystal Palace 1-4 Man City (game already happened at the time of this comment)
Liverpool 3-1 Forest
Bournemouth 1-1 Everton
Coventry 2-1 Hull
Tottenham 2-2 Newcastle
Chelsea 2-1 Brighton
Leeds 2-1 Brentford
Sunderland 1-1 Fulham
Man United 2-1 Ipswich
Aston Villa 1-3 Arsenal"
UgxROjjAxXsxaVsrQvt4AaABAg,ZyUd-47fRT8,@thvo5835,http://www.youtube.com/@thvo5835,2026-08-28T20:53:54Z,2026-08-28T20:53:54Z,False,0,"Crystal Palace v Man City 1-4
Liverpool v Nottingham Forest 2-0
Bournemouth v Everton 1-0
Coventry City v Hull 2-1
Tottenham v Newcastle 2-1
Chelsea v Brighton 1-0
Leeds v Brentford 1-2
Sunderland v Fulham 1-0
Man United v Ipswich 2-0
Aston Villa v Arsenal 0-1"
Ugxl2Ds1lVWSkxJ-dul4AaABAg,ZyUd-47fRT8,@santinoamericanos6124,http://www.youtube.com/@santinoamericanos6124,2026-08-28T20:51:55Z,2026-08-28T20:51:55Z,False,3,Kroupi is injured
UgwjjFGCkZX3AJKsQ9l4AaABAg,ZyUd-47fRT8,@TawongaMtika,http://www.youtube.com/@TawongaMtika,2026-08-28T20:50:04Z,2026-08-28T20:50:04Z,False,1,Don't make fun of Tom Holland
UgyK_uEUs7f6Gl7ECL54AaABAg,ZyUd-47fRT8,@jackdenham927,http://www.youtube.com/@jackdenham927,2026-08-28T20:35:42Z,2026-08-28T20:51:58Z,True,0,"Ignoring crystal Palace vs man city

Liverpool 1 - 2 Nottingham forest 


Bournemouth 1 - 1 Everton 

Coventry 3 - 1 hull

Tottenham 1 - 3 Newcastle 

Chelsea 2 - 0 Brighton 

Leeds 2 - 1 Brentford 

Fulham 1 - 2 sunderland 

Man utd 0 - 1 Ipswich 

Aston villa 0 - 3 Arsenal"
Ugw5U-vLRQb3VRJq_Y14AaABAg,ZyUd-47fRT8,@BobbyDazzler9,http://www.youtube.com/@BobbyDazzler9,2026-08-28T20:33:35Z,2026-08-28T20:33:35Z,False,0,Kroupi has a broken toe
Ugw-id1Et1ZNJPTwCXp4AaABAg,ZyUd-47fRT8,@channelname9468,http://www.youtube.com/@channelname9468,2026-08-28T20:32:23Z,2026-08-28T20:32:23Z,False,1,"Skipping game 1 because that’s passed but the others have not
Liverpool v Forrest: 2-1
Bournemouth v Everton 2-1
Coventry v Hull 1-2
Spurs v Newcastle: 1-2
Chelsea v Brighton: 2-2
Leeds v Brentford: 1-1
Sunderland v Fulham: 2-1
United v Ipswich: 2-1

Can you upload a day before the games happen btw so we have time to do these?"
UgwQ7UkZkQKCegQM5jd4AaABAg,ZyUd-47fRT8,@Seagull33333,http://www.youtube.com/@Seagull33333,2026-08-28T20:32:17Z,2026-08-28T20:32:17Z,False,0,"My premier league game week 2 predictions

Man city 2 Crystal palace 0 (I haven’t seen the score yet)
Liverpool 1 Forest 1
Bourmouth 2 Everton 1
Hull 2 Coventry 1
Tottenham 2 Newcastle 2
Brighton 2 chealsea 0
Brenford 2 Leeds 0
Sunderland 1 Fulham 0
Man U 2 Ipswich 1
Arsenal 2 villa 0"
Ugz5iRrXMq3Mup5BmSd4AaABAg,ZyUd-47fRT8,@kubakrupinski9533,http://www.youtube.com/@kubakrupinski9533,2026-08-28T20:30:56Z,2026-08-28T20:30:56Z,False,0,"Crystal Palace 2 Man City 3
Liverpool 1 Nottingham Forest 1
Bournemouth 1 Everton 2
Coventry 1 Hull City 1
Tottenham 1 Newcastle 0
Chelsea 3 Brighton 2
Leeds 1 Brentford 3
Sunderland 1 Fulham 0
Manchester United 2 Ipswich 0 
Aston Villa 0 Arsenal 3"
UgxXgoFnVBZWQPv6Aeh4AaABAg,ZyUd-47fRT8,@psykosis_the_amatuer_animator,http://www.youtube.com/@psykosis_the_amatuer_animator,2026-08-28T20:30:06Z,2026-08-28T20:30:06Z,False,0,"My predictions:

Crystal palace 1 Man city 3
Liverpool 1 Forest 0
Bournemouth 0 Everton 2 
Coventry 1 Hull 1
Tottenham 1 Newcastle 2
Chelsea 3 Brighton 0
Sunderland 1 Fulham 0
Leeds 1 Brentford 1
Man United 1 Ipswich 0
Aston villa 1 Arsenal 3"
Ugx2cCgHAA3806gUqvt4AaABAg,ZyUd-47fRT8,@zaferiqbalshaikh9544,http://www.youtube.com/@zaferiqbalshaikh9544,2026-08-28T20:25:51Z,2026-08-28T20:25:51Z,False,0,"Crystal Palace 1-2 Man City
 Liverpool 2-1 Forest
 Bournemouth 1-2 Everton
 Coventry 2-1 Hull
 Tottenham 2-3 Newcastle
 Chelsea 2-2 Brighton
 Leeds 2-2 Brentford
 Sunderland 1-2 Fulham
 Man United 2-0 Ipswich
Aston Villa 0-3 Arsenal"
UgwsHYiyPllzrtov6Zx4AaABAg,ZyUd-47fRT8,@ThatOneLutonFan,http://www.youtube.com/@ThatOneLutonFan,2026-08-28T20:25:14Z,2026-08-28T20:25:14Z,False,0,"Palace 1-1 City
Liverpool 2-1 Forest
Coventry 1-1 Hull
Bournemouth 0-0 Everton
Spurs 0-2 Newcastle 
Chelsea 1-2 Brighton 
Leeds 1-1 Brentford
Sunderland 1-0 Fulham
Man U 2-2 Ipswich 
Villa 0-0 Arsenal 

Holy shit is that 6 draws! Also anyone know the website"
UgxsWLttagu-MvOqsKR4AaABAg,ZyUd-47fRT8,@pratyushchandra3354,http://www.youtube.com/@pratyushchandra3354,2026-08-28T20:22:33Z,2026-08-28T20:22:33Z,False,0,"My week 2 predictions:
Crystal Palace 1-4 Man City(doesn't count since I saw this video at halftime)

Liverpool 2-1 Forest
Bournemouth 2-2 Everton
Coventry 0-0 Hull
Spurs 0-3 Newcastle
Chelsea 2-1 Brighton
Sunderland 2-0 Fulham
Man United 1-2 Ipswich
Aston Villa 0-2 Arsenal
Leeds 1-1 Brentford"
UgzzsQOBQEGPJQntdZ94AaABAg,ZyUd-47fRT8,@KABulletsFootballingChannel,http://www.youtube.com/@KABulletsFootballingChannel,2026-08-28T20:17:19Z,2026-08-28T20:17:19Z,False,0,"Crystal Palace 0 Man City 1
Liverpool 1 Nottingham Forest 0
Bournemouth 0 Everton 0
Coventry 1 Hull 0
Spurs 1 Newcastle 3
Chelsea 1 Brighton 1
Leeds 2 Brentford 0
Sunderland 0 Fulham 0
Man United 2 Ipswich 2
Aston Villa 0 Arsenal 2"
UgwJOXPaXdbqo8R4Bop4AaABAg,ZyUd-47fRT8,@youngburrit0502,http://www.youtube.com/@youngburrit0502,2026-08-28T20:15:50Z,2026-08-28T20:15:50Z,False,0,"Crystal place 1-1 Man city
Liverpool 4-1 forest
Bournemouth 0-0 Everton 
Hull 1-0 Coventry 
Tottenham 2-1 new castle 
Chelsea 2-2 Brighton 
Leeds 3-2 Brentford 
Sunderland 1-0 Fulham
Man united 2-2 Ipswich 
Arsenal 2-0 Aston villa"
UgzL90eNBqGIxMrw8vp4AaABAg,ZyUd-47fRT8,@brandonmarlo69,http://www.youtube.com/@brandonmarlo69,2026-08-28T20:13:55Z,2026-08-28T20:13:55Z,False,0,Bro you should upload at least 3 hours ahead off the kickoff of the first match
UgxjvDX3kEpHAHVHYmt4AaABAg,ZyUd-47fRT8,@brandonmarlo69,http://www.youtube.com/@brandonmarlo69,2026-08-28T20:12:59Z,2026-08-28T20:12:59Z,False,0,"Crystal Palace 1 Man City 3
Liverpool 1 Nottingham Forest 1
Bournemouth 0 Everton 1
Coventry 1 Hull City 2
Tottenham 0 Newcastle 1
Chelsea 3 Brighton 2
Leeds 1 Brentford 0
Sunderland 2 Fulham 0
Manchester United 1 Ipswich 0
Aston Villa 0 Arsenal 4"
UgyDPsi6ELhwjW5lmvd4AaABAg,ZyUd-47fRT8,@u_s_man9610,http://www.youtube.com/@u_s_man9610,2026-08-28T20:07:59Z,2026-08-28T20:07:59Z,False,3,"This is uploaded after palace vs city started, feel free to ignore that prediction
Crystal Palace 0 Man City 2
Liverpool 2 Nottingham Forest 1
Bournemouth 1 Everton 1
Coventry 1 Hull City 2
Tottenham 1 Newcastle 2
Chelsea 4 Brighton 3
Leeds 1 Brentford 2
Sunderland 1 Fulham 4
Manchester United 4 Ipswich 0
Aston Villa 0 Arsenal 3"
UgyL_VXasEZdTxjt6RN4AaABAg,ZyUd-47fRT8,@Madcam647,http://www.youtube.com/@Madcam647,2026-08-28T20:07:35Z,2026-08-28T20:07:35Z,False,0,"Crystal palace 0 man city 2
Liverpool 2 forest 1
Bournemouth 0 everton 0
Coventry 1 hull 1
Tottenham 1 Newcastle 2
Chelsea 3 brighton 1
Leeds 1 brentford 3
Sunderland 2 fulham 0
Man united 3 ipswich 2
Aston villa 0 Arsenal 3"
Ugw0Bwr7cRogP0XrLcR4AaABAg,ZyUd-47fRT8,@SomeGuyWhoSupportsManCity,http://www.youtube.com/@SomeGuyWhoSupportsManCity,2026-08-28T20:06:42Z,2026-08-28T20:06:42Z,False,0,"Palace 0 City 2
Liverpool 2 Forest 1
Bournemouth 3 Everton 2
Coventry 1 Hull 1
Spurs 0 Newcastle 1
Chelsea 2 Brighton 1
Sunderland 0 Fulham 0
Man united 3 Ipswich 1
Villa 0 Arsenal 2
Leeds 2 Brentford 2"
UgyfKzuT1yJC2vqwwZl4AaABAg,ZyUd-47fRT8,@razza119,http://www.youtube.com/@razza119,2026-08-28T20:04:50Z,2026-08-28T20:04:50Z,False,0,"Premier League Game week 2 

Crystal Palace 1 Man City 2
Liverpool 2 Nottingham forest 0
Bournemouth 1 Everton 1 
Coventry city 2 hull city 2 
Spurs 0 Newcastle 2 
Chelsea 3 Brighton 1 
Leeds United 0 Brentford 1 
Sunderland 0 Fulham 1
Manchester United 3 Ipswich 0
Aston Villa 0 Arsenal 3"
UgxrsP0_WL8i5mlFSGh4AaABAg,ZyUd-47fRT8,@maxmach4361,http://www.youtube.com/@maxmach4361,2026-08-28T20:04:07Z,2026-08-28T20:04:07Z,False,0,Minteh is injured..
UgwH9AVBMTACtOYmL_J4AaABAg,ZyUd-47fRT8,@octavdumitru,http://www.youtube.com/@octavdumitru,2026-08-28T20:03:38Z,2026-08-28T20:03:38Z,False,0,"GW 2:
Palace - City 1:2
Liverpool - Forrest 3:0
Bournemouth - Everton 1:1
Coventry - Hull 0:1
Spurs - Newcastle 1:4
Chelsea - Brighton 4:0
Sunderland - Fulham 0:0
Leeds - Brentford 3:2
Man United - Ipswich 3:1
Aston Villa - Arsenal 0:2"
UgwUZPrufEjJdX6Ford4AaABAg,ZyUd-47fRT8,@TheodoreZ-e6d,http://www.youtube.com/@TheodoreZ-e6d,2026-08-28T20:01:44Z,2026-08-28T20:01:44Z,False,2,Has Susan gone to Azerbaijan yet?
Ugz_3pXTQWSuD5iDb0Z4AaABAg,ZyUd-47fRT8,@RiskRRR_123,http://www.youtube.com/@RiskRRR_123,2026-08-28T20:01:33Z,2026-08-28T20:01:33Z,False,0,"Palace vs City (2-0 city)
Liverpool vs Forest (2-1 liverpool)
Bournemouth vs Everton (3-1 everton)
Coventry vs Hull (0-0)
Tottenham vs Newcastle (1-2 newcastle)
Chelsea vs Brighton (4-0 chelsea)
Leeds vs Brentford (1-0 brentford) 
Sunderland vs Fulham (2-0 Fulham)
Man utd vs Ipswich (2-1 utd)
Aston villa vs Arsenal (5-0 arsenal)"
UgxlLga68of4-yoQJ6h4AaABAg,ZyUd-47fRT8,@dominictyler1766,http://www.youtube.com/@dominictyler1766,2026-08-28T20:01:09Z,2026-08-28T20:01:09Z,False,0,"Crystal Palace 0 Man City 2 
Liverpool 3 Nottingham forest 0
Bournemouth 1 Everton 1
Coventry 0 hull 0
Spurs 2 Newcastle 2
Chelsea 2 Brighton 1
Leeds 1 Brentford 1
Sunderland 0 Fulham 0
Man united 1 Ipswich 0
Aston Villa 0 Arsenal 2"
Ugx2FWBAJ0tnKh7Q4814AaABAg,ZyUd-47fRT8,@TacticalTempo,http://www.youtube.com/@TacticalTempo,2026-08-28T20:00:00Z,2026-08-28T20:00:00Z,False,0,"Crystal Palace 1-3 Man City
Liverpool 2-0 Forest 
Bournemouth 2-1 Everton
Coventry 3-1 Hull
Tottenham 0-3 Newcastle 
Chelsea 3-1 Brighton
Leeds 2-2 Brentford
Sunderland 2-2 Fulham
Man United 3-0 Ipswich
Aston Villa 0-3 Arsenal"
Ugwp3cDzD5yi9IdaoCJ4AaABAg,ZyUd-47fRT8,@Manof0talents,http://www.youtube.com/@Manof0talents,2026-08-28T19:59:55Z,2026-08-28T19:59:55Z,False,0,"Liverpool 2-1 Forest
Bournemouth 1-1 Everton 
Coventry 2-1 Hull
Tottenham 2-2 Newcastle 
Chelsea 2-1 Brighton 
Leeds 1-0 Brentford 
Sunderland 2-0 Fulham
United 2-1 Ipswich
Villa 1-3 Arsenal
(Done this during palace city half time so won’t do city game)"
UgwtS0w9gSoFDKGnCXl4AaABAg,ZyUd-47fRT8,@trevormabalane,http://www.youtube.com/@trevormabalane,2026-08-28T19:59:16Z,2026-08-28T19:59:16Z,False,0,"Crystal Palace 1 Vs Man City 1
Liverpool 1 Vs Forest 3
Bournemouth 3 vs Evaton 1
Coventry 2 Vs Hull 0
Tottenham 2 Vs Newcastle 2
Chelsea 2 Vs Brighton 2
Leeds 1 Vs Brentford 3
Sunderland 2 Vs Fulham 1
Man U 4 vs Ipswich 2
ASTON Villa 0 Vs Arsenal 3"
UgxqEsqcHzWE_00r0w14AaABAg,ZyUd-47fRT8,@Drewaldrich1996,http://www.youtube.com/@Drewaldrich1996,2026-08-28T19:59:02Z,2026-08-28T19:59:02Z,False,0,"Palace 1 - City 3
Liverpool 3 - Forest 0
Bournemouth 2 - Everton 1
Coventry 3 - Hull 2
Spurs 2 - Newcastle 2
Chelsea 2 - Brighton 0
Leeds 1 - Brentford 1
Sunderland 1 - Fulham 1
Man United 4 - Ipswich 1
Villa 1 - Arsenal 2"
UgzVruBU42kWwdTiE654AaABAg,ZyUd-47fRT8,@AngelofDetermination,http://www.youtube.com/@AngelofDetermination,2026-08-28T19:57:43Z,2026-08-28T19:58:00Z,True,0,"Crystal Palace 1 v Man City 1 (I probably shouldn't respond, yes I know the kickoff has happened but like...I was busy)
Liverpool 3 v Forest 1
Bournemouth 1 v Everton 1
Coventry 0 vs Hull 3 (I want Hull to do well because it makes us not look as bad for being flattened by them)
Tottenham 0 vs Newcastle 2 (and Tonali regrets ever leaving) 
Chelsea 3 v Brighton 2
Leeds 1 v Brentford 2
Sunderland 0 v Fulham 1
Man United 2 v Ipswich 0 (SCARED AF NOW, Thought you said Hull was bad. And Ipswich was worse...and now I don't know what to believe)
Aston Villa 0 v Arsenal 4 (Villa are getting relegated, mark my words)"
Ugxs8FUfHdOY9VcCTtJ4AaABAg,ZyUd-47fRT8,@Buschmumie,http://www.youtube.com/@Buschmumie,2026-08-28T19:57:15Z,2026-08-28T19:57:15Z,False,0,"Crystal Palace 0-1 Man City
Liverpool 3-1 Forest 
Bournemouth 1-2 Everton
Coventry 2-0 Hull
Tottenham 0-1 Newcastle 
Chelsea 2-2 Brighton
Leeds 1-1 Brentford
Sunderland 1-0 Fulham
Man United 4-1 Ipswich
Aston Villa 0-2 Arsenal"
UgxQKMzRYeTjpW_SSIt4AaABAg,ZyUd-47fRT8,@cologga,http://www.youtube.com/@cologga,2026-08-28T19:53:59Z,2026-08-28T19:53:59Z,False,0,"Palace 3 City 4
Liverpool 2 Forest 1
Bournemouth 0 Everton 2
Coventry 3 Hull 2
Spurs 1 Newcastle 3
Chelsea 4 Brighton 1
Leeds 0 Brentford 0
Sunderland 2 Fulham 0
United 2 Ipswich 0
Villa 0 Arsenal 2"
UgxzvjnCShTkfk1rwi94AaABAg,ZyUd-47fRT8,@mukimurco1426,http://www.youtube.com/@mukimurco1426,2026-08-28T19:53:25Z,2026-08-28T19:53:25Z,False,0,"kinda late i am doing this prediction while is half time in the Palace - City game so i am going to go crazy for that game

Crystal Palace 4  Man City 1

Liverpool 1 Forest 2
Bournemouth 2 Everton 0

Coventry 1 Hull 2
Spurs 2 Newcastle 2
Chelsea 3 Brighton 2
Sunderland 1 Fulham 3
Man United 1 Ipswich 2
Aston Villa 0 Arsenal 0
Leeds 1 Brentford 2"
UgypuTMUlvnpaeSGgvN4AaABAg,ZyUd-47fRT8,@ytGetz,http://www.youtube.com/@ytGetz,2026-08-28T19:52:40Z,2026-08-28T19:52:40Z,False,0,"Palace 0 Man City 2
Liverpool 3 Nottm Forest 0
Bournemouth 2 Everton 2
Coventry 2 Hull 0
Spurs 2 Newcastle 1
Chelsea 3 Brighton 1
Leeds 1 Brentford 1
Sunderland 2 Fulham 1
Man Utd 3 Ipswich 0
Aston Villa 1 Arsenal 2"
UgxQCVCEtQHG4JQ9ZDp4AaABAg,ZyUd-47fRT8,@Prod.Dizzy0nz,http://www.youtube.com/@Prod.Dizzy0nz,2026-08-28T19:52:04Z,2026-08-28T19:52:04Z,False,0,"Crystal Palace V Man City 1:2
Liverpool - Forest 3:0
Bournemouth - Everton 1:1
Coventry - Hull 1:2
Spurs - Newcastle 0:2
Chelsea - Brighton 1:1
Sunderland - Fulham 0:2
Leeds - Brentford 2:2
Man U - Ipswich 4:1
Villa - Arsenal 0:1"
UgyDFA1R4Bz028fW9dt4AaABAg,ZyUd-47fRT8,@Dfitzykiid,http://www.youtube.com/@Dfitzykiid,2026-08-28T19:50:29Z,2026-08-28T19:50:29Z,False,0,"Crystal Palace 0 Man City 2
Liverpool 2 Forest 1
Bournemouth 1 Everton 1
Coventry 0 Hull 0
Spurs 1 Newcastle 1
Chelsea 2 Brighton 1
Sunderland 1 Fulham 0 
Leeds 1 Brentford 1
United 1 Ipswich 0
Villa 0 Arsenal 2"
UgyYnmpYFAESt9I49094AaABAg,ZyUd-47fRT8,@danmoss2080,http://www.youtube.com/@danmoss2080,2026-08-28T19:46:02Z,2026-08-28T19:46:02Z,False,0,Susan blatantly trying to reverse-jinx Sunderland by tipping them to win every week!
UgwxG9fLgqebPKYJQoV4AaABAg,ZyUd-47fRT8,@aidan_105,http://www.youtube.com/@aidan_105,2026-08-28T19:44:06Z,2026-08-28T19:44:06Z,False,0,"Crystal palace 0-3 Man city 
Liverpool 2-0 Nottingham 
Bournemouth 2-1 Everton 
Coventry 1-1 Hull city 
Spurs 2-0 Newcastle 
Chelsea 3-1 Brighton 
Leeds 1-1 brentford 
Sunderland 0-1 Fulham 
Man utd 3-0 Ipswich 
Arsenal 4-1 Aston villa"
UgyzxvpTfAudw22fREN4AaABAg,ZyUd-47fRT8,@I.V.A.Nmusic,http://www.youtube.com/@I.V.A.Nmusic,2026-08-28T19:39:20Z,2026-08-28T19:39:20Z,False,0,"Crystal Palace 1:3 Man City
Liverpool 2:0 Nottingham Forest 
Bournemouth 2:1 Everton
Coventry 0:2 Hull 
Tottenham 2:2 Newcastle 
Chelsea 2:1 Brighton 
Leeds 3:1 Brentford 
Sunderland 1:0 Fulham
Man United 2:1 Ipswitch 
Villa 1:2 Arsenal"
Ugz5Tl93qsOgcDWwKNJ4AaABAg,ZyUd-47fRT8,@TuckerTalked,http://www.youtube.com/@TuckerTalked,2026-08-28T19:38:12Z,2026-08-28T19:38:12Z,False,1,"My week 2 predictions:
Crystal Palace 1-3 Man City
Liverpool 1-0 Forest
Bournemouth 2-2 Everton
Coventry 3-2 Hull (shock game of the week prediction)
Spurs 3-1 Newcastle
Chelsea 1-1 Brighton
Sunderland 2-0 Fulham
Man United 1-0 Ipswich
Aston Villa 0-0 Arsenal
Leeds 0-1 Brentford"
UgytDgpANsO3StjQl_V4AaABAg,ZyUd-47fRT8,@francisconobre19,http://www.youtube.com/@francisconobre19,2026-08-28T19:37:28Z,2026-08-28T19:37:28Z,False,0,"Crystal Palace 0 Man City 2
Liverpool 2 Nottingham 1
Bournemouth 0 Everton 1
Coventry 2 Hull 2
Tottenham 2 Newcastle 3
Chelsea 1 Brighton 2
Sunderland 0 Fulham 0
Leeds 1 Brentford 1
Man United 2 Ipswich 1
Villa 0 Arsenal 1"
Ugwt8_zgZFAdoaKXD6t4AaABAg,ZyUd-47fRT8,@_chabrlja,http://www.youtube.com/@_chabrlja,2026-08-28T19:36:17Z,2026-08-28T19:36:17Z,False,1,"COME ON MAN, IF YOU CANT DO IT DAY BEFORE ATLEAST TO IT FEW HOURS BEFORE FIRST MATCH"
UgxZR11Hu1K1eMmulUB4AaABAg,ZyUd-47fRT8,@_chabrlja,http://www.youtube.com/@_chabrlja,2026-08-28T19:35:21Z,2026-08-28T19:35:21Z,False,0,"Crystal Palace 0 Man City 2
Liverpool 3 Forest 1
Bournemouth 2 Everton 1
Coventry 1 Hull 1
Spurs 3 Newcastle 2 
Chelsea  2 Brighton 1
Sunderland 2 Fulham 1
Leeds 2 Brentford 2
Man U 2 Ipswich 0
Villa 0 Arsenal 3"
UgxAi2S28NwNawwYVr14AaABAg,ZyUd-47fRT8,@EddieMajola-j9g,http://www.youtube.com/@EddieMajola-j9g,2026-08-28T19:34:57Z,2026-08-28T19:34:57Z,False,0,"Palace 2 ManCity 1
Liverpool 2: Forest 2
Bournemouth 1: Everton 2
Coventry 0 Hull 1
Spurs 3 Newcastle 0
Chelsea 3 Brighton 2
Leeds 0 Brentford 2
Sunderland  0 - Fulham 2
Man Utd 2- Ipswich 0
Villa 4 Arsenal 1"
UgzrcTr4ahXm7BHH70p4AaABAg,ZyUd-47fRT8,@Theundertaker525,http://www.youtube.com/@Theundertaker525,2026-08-28T19:33:29Z,2026-08-28T19:33:29Z,False,0,"Crystal palace 0-3 man city 
Liverpool 2-1 forest 
Bournemouth 1-1 Everton 
Coventry 1-3 hull
Tottenham 1-2 Newcastle 
Chelsea 1-3 Brighton 
Leeds 1-1 Brentford 
Sunderland 2-2 Fulham 
Man united 2-3 Ipswich 
Aston villa 0-3 aresnal"
UgyDWp7UY4QigNM9VBJ4AaABAg,ZyUd-47fRT8,@leomccarron9133,http://www.youtube.com/@leomccarron9133,2026-08-28T19:31:23Z,2026-08-28T19:31:23Z,False,5,“Mourinho mess” - Irish Guy
UgyiFBlfYQnqjlA7MHV4AaABAg,ZyUd-47fRT8,@younesabd5839,http://www.youtube.com/@younesabd5839,2026-08-28T19:31:13Z,2026-08-28T19:31:13Z,False,0,"Man city 2-1 crystal palace
Liverpool 1-1 forest 
Bournmouth 0-0 everton
Coventry 2-0 hull 
Spurs 3-2 newcastle
Chelsea 2-1 brighton
Leeds 2-2 brentford
Sunderland 2-0 fulham
Man united 3-1 ipswich
Aston villa 1-1 arsenal"
UgxsMx_whU91w87SuKR4AaABAg,ZyUd-47fRT8,@julienserbanescu1484,http://www.youtube.com/@julienserbanescu1484,2026-08-28T19:30:31Z,2026-08-28T19:30:31Z,False,0,"Palace 0 City 2
Liverpool 3 Forest 2
Bournemouth 2 Everton 1
Coventry 1 Hull 1
Spurs 2 Newcastle 2
Chelsea 3 Brighton 1
Man Utd 1 Ipswich 2
Villa 0 Arsenal 2"
UgzV3Iq3xBAgBgw0cQJ4AaABAg,ZyUd-47fRT8,@SilverCapybara94,http://www.youtube.com/@SilverCapybara94,2026-08-28T19:28:53Z,2026-08-28T19:28:53Z,False,0,"Palace 1 - 1 Man City
Liverpool 2 - 2 Nottingham Forest
Bournemouth 1 - 2 Everton
Coventry 0 - 1 Hull
Spurs 2 - 1 Newcastle
Chelsea 2 - 3 Brighton
Man United 3 - 0 Ipswich
Aston Villa 1 - 2 Arsenal"
UgzIC8_DKpl3tKqLs2p4AaABAg,ZyUd-47fRT8,@hma4975,http://www.youtube.com/@hma4975,2026-08-28T19:28:18Z,2026-08-28T19:28:18Z,False,0,"Crystal Palace0-2Manchester City 
Liverpool 2-1 Nottingham forest 
AFC Bournemouth 1-1 Everton 
Coventry 0-1 hull city 
Spurs 1-3 Newcastle United 
Chelsea 2 -0 Brighton 
Leeds 0-0 Brentford 
Sunderland 1-1 Fulham 
Manchester United 2-0 Ipswich Town 
Aston Villa 1-3 Arsenal"
UgytzVvciUxL4BNrFiZ4AaABAg,ZyUd-47fRT8,@wolfeye3530,http://www.youtube.com/@wolfeye3530,2026-08-28T19:28:16Z,2026-08-28T19:28:16Z,False,0,Man utd are fucked lol.
UgwqnjVWR2Rf3aHieP54AaABAg,ZyUd-47fRT8,@mikhailurmich,http://www.youtube.com/@mikhailurmich,2026-08-28T19:27:15Z,2026-08-28T19:27:15Z,False,0,"Crystal Palace 0 Man City 4
Liverpool 2 Forest 0
Bournemouth 1 Everton 1
Coventry 1 Hull 0
Tottenham 1 Newcastle 2
Chelsea 2 Brighton 1
Leeds 1 Brentford 0
Sunderland 1 Fulham 0
Man United 0 Ipswich 1
Aston Villa 0 Arsenal 1"
UgwW19NN8OfWT8p_F2V4AaABAg,ZyUd-47fRT8,@briantran6145,http://www.youtube.com/@briantran6145,2026-08-28T19:26:36Z,2026-08-28T19:26:36Z,False,0,"Palace 0-1 City
Liverpool 2-1 Forest
Bournemouth 1-2 Everton
Coventry 0-2 Hull
Spurs 1-2 Newcastle
Chelsea 2-1 Brighton
Sunderland 1-1 Fulham
Leeds 2-1 Brentford
United 2-0 Ipswich
Villa 0-2 Arsenal"
UgwmWo08nOnFDWsJDmd4AaABAg,ZyUd-47fRT8,@igt300,http://www.youtube.com/@igt300,2026-08-28T19:25:22Z,2026-08-28T19:25:22Z,False,0,3-1 Chelsea
Ugw1jcU6qzxn5wIemy14AaABAg,ZyUd-47fRT8,@demetris8842,http://www.youtube.com/@demetris8842,2026-08-28T19:23:29Z,2026-08-28T19:23:29Z,False,0,"Prem Predictions GW2

Crystal Palace 0-2 Man City
Liverpool 2-1 Forest
Coventry 0-0 Hull
Bournemouth 1-0 Everton
Spurs 2-2 Newcastle
Chelsea 1-1 Brighton
Leeds 2-3 Brentford
Sunderland 1-0 Fulham
Man United 2-1 Ipswich
Aston Villa 1-3 Arsenal"
UgxmYaENQmAuvAJ59oR4AaABAg,ZyUd-47fRT8,@leomccarron9133,http://www.youtube.com/@leomccarron9133,2026-08-28T19:17:10Z,2026-08-28T19:17:10Z,False,0,"ATM Man City and Palace are 0-0 11mins into the game so hopefully you’ll forgive me. 

Man City 2 Crystal Palace 1
Liverpool 2 Forest 2
Bournemouth 1 Everton 1
Coventry 2 Hull 3
Tottenham 2 Newcastle 4
Chelsea 3 Brighton 2
Leeds 2 Brentford 2
Sunderland 1 Fulham 2
Ipswich 2 Man United 2
Villa 1 Arsenal 2"
UgzOE7ksKe9KlWT2nDF4AaABAg,ZyUd-47fRT8,@jacobgross4469,http://www.youtube.com/@jacobgross4469,2026-08-28T19:16:45Z,2026-08-28T19:16:45Z,False,0,"Just got off work, but here’s my predictions

Week 2

Crystal Palace vs Man City
1-2

Liverpool vs Nottingham Forest 
1-1

Coventry City vs Hull City
1-3

Bournemouth vs Everton 
3-2

Spurs vs Newcastle 
2-2

Chelsea vs Brighton 
0-0

Leeds vs Brentford
1-1

Sunderland vs Fulham
3-0

Man United vs Ipswich Town
1-0

Aston Villa vs Arsenal 

0-4"
UgxDCvOWT2yJaHL7zr54AaABAg,ZyUd-47fRT8,@xyytffhhhggddfgbv,http://www.youtube.com/@xyytffhhhggddfgbv,2026-08-28T19:13:35Z,2026-08-28T19:13:35Z,False,0,"Crystal 1 Man City 2
Liverpool 2 Nottingham 1
Bournemouth 0 Everton 0
Coventry 1 Hull 1
Spurs 1 Newcastle 2
Chelsea 2 Brighton 1
Leeds 0 Brentford 2
Sunderland 1 Fulham 1
Man United 3 Ipswich 2
Aston Villa 0 Arsenal 2"
UgynbwomktyW7VJRyi14AaABAg,ZyUd-47fRT8,@Nicknwjj,http://www.youtube.com/@Nicknwjj,2026-08-28T19:13:11Z,2026-08-28T19:13:11Z,False,0,"Crystal Palace 0 Man City 2
Liverpool 3 Nottingham Forest 2
Coventry 2 Hull 1
Bournemouth 1 Everton 1
Tottenham 1 Newcastle 1
Leeds 1 Brentford 1
Chelsea 2 Brighton 2
Man Utd 1 Ipswich 0
Sunderland 1 Fulham 2
Aston Villa 0 Arsenal 3"
UgxkJPiDh3DCcGvp7pZ4AaABAg,ZyUd-47fRT8,@muhdpeep,http://www.youtube.com/@muhdpeep,2026-08-28T19:12:48Z,2026-08-28T19:12:48Z,False,0,"palace 1-3 city
liverpool 4-2 forest
bournemouth 3-2 everton
cov 0-2 hull
spurs 1-4 newcastle
chelsea 2-1 brighton
sunderland 1-2 fulham
leeds 1-1 brentford
united 1-1 ipswich
villa 0-4 arsenal"
UgxPwJWp6P_hE_T8dx14AaABAg,ZyUd-47fRT8,@sirspoken9693,http://www.youtube.com/@sirspoken9693,2026-08-28T19:12:40Z,2026-08-28T19:12:40Z,False,0,"Palace 1-2 city
Liverpool 3-1 forest
Bournemouth 2-1 Everton
Coventry2-2 hull
Tottenham 3-2 Newcastle
Chelsea 1-3 Brighton 
Sunderland2-0 Fulham
Man utd 2-1 Ipswich 
Aston villa 0-2 Arsenal"
UgyKIV54Y5eSXyZnjHZ4AaABAg,ZyUd-47fRT8,@missleafeatheleafeon2593,http://www.youtube.com/@missleafeatheleafeon2593,2026-08-28T19:11:52Z,2026-08-28T19:11:52Z,False,5,"Crvstal Palace v Man City 7-2
Liverpool v Forest 5-5
Bournemouth v Everton 14-1 
Coventry v Hull 0-6
Spurs v Newcastle 7-7
Chelsea v Brighton 1-8
Sunderland v Fulham 1-1
Leeds v Brentford 8-9
Man Utd v Ipswich -1-4
Aston Villa v Arsenal 9-0"
UgyAiSCnTIw4GW0kN_J4AaABAg,ZyUd-47fRT8,@Imperador-Vi,http://www.youtube.com/@Imperador-Vi,2026-08-28T19:11:15Z,2026-08-28T19:11:15Z,False,0,"Palace 1x 2 City 
Liverpool 3x0 Forrest
Bournemouth 2x4 Everton
Coventry 1x1 Hull
Tottenham 0x1 Newcastle
Chelsea 0x0 Brighton
Leeds 1x3 Brentford
Sunderland 1x2 Fulham
Man U 2x0 Ipswich
Aston Villa 1x4 Arsenal"
UgxOQB-GvxZOE-sfJxp4AaABAg,ZyUd-47fRT8,@Randomguyyay,http://www.youtube.com/@Randomguyyay,2026-08-28T19:10:10Z,2026-08-28T19:10:10Z,False,0,"Crystal Palace V Man City 2:2
Liverpool V Forest 3:1
Bournemouth v Everton 2:0
Coventry v Hull 3:2
Spurs v Newcastle 1:0
Chelsea vs Brighton 4:2
Sunderland V Fulham 0:0
Leeds v Brentford 3:4
Man U vs Ipswich 2:0
Villa vs Arsenal 0:3"
UgyiIC2syJjZibD2KKx4AaABAg,ZyUd-47fRT8,@thehamyton4700,http://www.youtube.com/@thehamyton4700,2026-08-28T19:10:09Z,2026-08-28T19:10:09Z,False,0,"Man City v Crystal Palace 2:2
Liverpool v Nottingham forest 3:2
Coventry v Hull 1:2
Bournemouth v Everton 1:0
Spurs v Newcastle 1:2
Chelsea v Brighton 3:3
Lede v brentford 2:1
Sunderland v Fulham 1:1
Man United v Ipswich 1:2 (both Ipswich last min)
Aston Villa v Arsenal 1:3"
UgzxKPqT9WYKCou-tRt4AaABAg,ZyUd-47fRT8,@Anotherjuan0,http://www.youtube.com/@Anotherjuan0,2026-08-28T19:10:07Z,2026-08-28T19:10:07Z,False,0,"MY predictions (even though it's 10 minutes after City Palace kick off)

Palace 2-2City
Liverpool 3-1Forest
Bournemouth 2-1Everton
Coventry 0-2Hull
Spurs 1-2Newcastle
Chelsea 3-1Brighton
Leeds 1-1 Brentford
Sunderland 2-1 Fulham
Man U 2-0 Ipswich
Aston Villa 1-3 Arsenal"
Ugz1asxlT9kxqKITt-14AaABAg,ZyUd-47fRT8,@Jake_T05,http://www.youtube.com/@Jake_T05,2026-08-28T19:09:51Z,2026-08-28T19:09:51Z,False,0,"Week 2 Prem Predictions:

Crystal Palace 1-3 City
Liverpool 2-0 Forest
Bournemouth 1-3 Everton 
Coventry 1-1 Hull
Spurs 1-2 Newcastle
Chelsea 3-3 Brighton 
Leeds 2-2 Brentford
Sunderland 1-1 Fulham 
Man U 3-2 Ipswich
Aston Villa 0-4 Arsenal"
UgzKqV9aVA2z-vj2SDF4AaABAg,ZyUd-47fRT8,@AYAAN-o3q,http://www.youtube.com/@AYAAN-o3q,2026-08-28T19:08:55Z,2026-08-28T19:08:55Z,False,0,17:46  or he’s just injured?
UgwQHc7I1olYW8LxwHJ4AaABAg,ZyUd-47fRT8,@Ja23Bi,http://www.youtube.com/@Ja23Bi,2026-08-28T19:07:34Z,2026-08-28T19:07:34Z,False,0,"Crystal Palace 0 Man City 2
Liverpool 2 Forest 0
Bournemouth 1 Everton 1
Coventry 0 Hull 1
Spurs 1 Newcastle 2
Chelsea 1 Brighton 3
Sunderland 1 Fulham 2
Leeds 1 Brentford 2
Man United 2 Ipswich 1
Villa 0 Arsenal 2"
UgyQMAmjkNSL1CcnwLV4AaABAg,ZyUd-47fRT8,@nickaxford7925,http://www.youtube.com/@nickaxford7925,2026-08-28T19:05:57Z,2026-08-28T19:05:57Z,False,3,17:44 - Minteh's injured until mid-October.  Which makes Liverpool's pursuit particularly strange...
UgyVBpd_3VHvcRZNxal4AaABAg,ZyUd-47fRT8,@xpertassassin8178,http://www.youtube.com/@xpertassassin8178,2026-08-28T19:05:07Z,2026-08-28T19:05:07Z,False,0,"Crystal Palace v Man City: 1:2
Liverpool v Forest 2:1
Bournemouth v Everton 1:0
Coventry v Hull 2:2
Spurs v Newcastle 1:2
Chelsea v Brighton 1:2
Sunderland v Fulham 1:1
Leeds v Brentford 1:2
Man United v Ipswich 2:1
Aston Villa v Arsenal 0:3"
Ugyn1vZmoNSbGAeGzap4AaABAg,ZyUd-47fRT8,@MaxStock-q3t,http://www.youtube.com/@MaxStock-q3t,2026-08-28T19:04:48Z,2026-08-28T19:04:48Z,False,0,"Crystal Palace 1 Man City 1
Liverpool 2 Nottingham Forest 1
Bournemouth 0 Everton 1
Coventry City 2 Hull City 2
Spurs 1 Newcastle United 2
Chelsea 1 Chelsea Reserves 1
Leeds United 1 Brentford 1
Sunderland 1 Fulham 3
Manchester United 6 Ipswich 0
Aston Villa 0 Arsenal 4"
Ugz_u145y4679qqEa2R4AaABAg,ZyUd-47fRT8,@Scotty2303,http://www.youtube.com/@Scotty2303,2026-08-28T19:02:02Z,2026-08-28T19:02:54Z,True,0,"Palace 0-1 Man City
Liverpool 2-0 Forest
Bournemouth 2-1 Everton
Coventry 2-1 Hull
Tottenham 1-2 Newcastle 
Chelsea 2-1 Brighton 
Leeds 3-0 Brentford
Sunderland 1-1 Fulham
Man United 2-0 Ipswich
Aston Villa 1-3 Arsenal"
Ugx1kL7IJSm66ibe7vx4AaABAg,ZyUd-47fRT8,@_simon.k_,http://www.youtube.com/@_simon.k_,2026-08-28T19:01:55Z,2026-08-28T19:01:55Z,False,2,"Typing this 1 minute before the Palace City game so please include it still 

Crystal Palace 0 Man City 3
Liverpool 2 Nottingham Forest 1
Bournemouth 2 Everton 1
Coventry 1 Hull City 2
Tottenham 1 Newcastle 2
Chelsea 2 Brighton 2
Leeds 1 Brentford 3
Sunderland 1 Fulham 1
Manchester United 2 Ipswich 0 
Aston Villa 0 Arsenal 2"
Ugz7b0_bGmF5F9ju7HN4AaABAg,ZyUd-47fRT8,@nguyencole6334,http://www.youtube.com/@nguyencole6334,2026-08-28T19:01:33Z,2026-08-28T19:01:33Z,False,0,"Crystal Palace V Man City 2:2
Liverpool V Forest 1:0
Bournemouth v Everton 2:1
Coventry v Hull 1:1
Spurs v Newcastle 2:3
Chelsea vs Brighton 2:1
Sunderland V Fulham 2:1
Leeds v Brentford 1:1
Man U vs Ipswich 2:0
Villa vs Arsenal 0:3"
UgzWBKzeQEXmDzvRqx54AaABAg,ZyUd-47fRT8,@ammar56604,http://www.youtube.com/@ammar56604,2026-08-28T19:00:59Z,2026-08-28T19:00:59Z,False,0,"Crystal Palace 0-2 Man City
Liverpool 1-1 Forest
Bournemouth 1-2 Everton
Coventry 1-1 Hull
Spurs 0-2 Newcastle
Chelsea 2-0 Brighton
Sunderland 2-1 Fulham
Leeds 2-2 Brentford
Man United 3-1 Ipswich
Aston Villa 0-0 Arsenal"
UgxwnreLciY68b_PMBp4AaABAg,ZyUd-47fRT8,@NatalieMeow1,http://www.youtube.com/@NatalieMeow1,2026-08-28T19:00:45Z,2026-08-28T19:01:16Z,True,3,"Gameweek 2 predictions: (POSTED 1 MINUTE BEFORE THE FIRST GAME THANK GOD)

Man City 1-0 Crystal Palace
Haaland

Liverpool 1-1 Nottingham Forest
Gibbs-White, Mac Allister

Bournemouth 1-2 Everton
Evanilson, Barry. Garner 

Coventry 2-2 Hull City
Onyeka, Belloumi, Torp (pen), Amenda

Tottenham 1-3 Newcastle
Solanke, Wissa, Miley, Barnes

Chelsea 1-2 Brighton
Ayari, Gomez, Palmer

Leeds 1-1 Brentford
Ouattara, Aaronson

Sunderland 1-1 Fulham
Brobbey, Palacios

Man United 2-2 Ipswich
Greaves, Cunha, Rashford, Maeda

Aston Villa 0-2 Arsenal
Mosquera, Havertz

Table based on my predictions:
1. Arsenal (6 pt, +4) (+1)
2. Brighton (6pt, +3) (+1)
3. Liverpool (4pt, +2) (+1)
4. Man United (4pt, +2) (+1)
5. Man City (4pt, +1) (+6)
6. Sunderland (4pt, +1) (1)
7. Nottingham Forest (4pt, +1) (+1)
8. Chelsea (3pt, +2) (-7)
9. Crystal Palace (3pt, +0) (-3)
10. Everton (3pt, +0) (+3)
11. Newcastle (3pt, +0) (+8)
12. Brentford (2pt, +0) (-2)
13. Bournemouth (1pt, -1) (-4)
14. Ipswich Town (1pt, -1) (-)
15. Leeds (1pt, -1) (-)
16. Coventry (1pt, -2) (+1)
17. Hull City (1pt, -2) (+1)
18. Tottenham (1pt, -2) (-6)
19. Fulham (1pt, -3) (+1)
20. Aston Villa (0pt, -4) (-4)"
UgwvCGEgY33VdsVJbW14AaABAg,ZyUd-47fRT8,@Joe_6597,http://www.youtube.com/@Joe_6597,2026-08-28T18:59:14Z,2026-08-28T18:59:14Z,False,0,"Palace 1-2 City
Liverpool 3-1 Forest
Bournemouth 2-1 Everton
Coventry 2-0 Hull
Spurs 2-1 Newcastle
Chelsea 2-1 Brighton
Leeds 0-0 Brentford 
Sunderland 2-0 Fulham
Man U 3-0 Ipswich
Villa 1-3 Arsenal"
UgxrC1Ij-UeszCs8gCZ4AaABAg,ZyUd-47fRT8,@Kaiboi111,http://www.youtube.com/@Kaiboi111,2026-08-28T18:59:05Z,2026-08-28T18:59:47Z,True,0,"My GW 2 predictions

Crystal Palace 1-Manchester City 3
Liverpool 1 Nottingham Forest 1
Bournemouth 1 Everton 0
Coventry 0 Hull 2
Tottenham Hotspur 2 Newcastle 2
Chelsea 0 Brighton 1
Leeds 1 Brentford 3
Sunderland 2 Fulham 1
Manchester United 3 Ipswich 1
Aston Villa 1 Arsenal 3"
UgwKQMkxwHTAn4RPD7Z4AaABAg,ZyUd-47fRT8,@zacharyhawes6938,http://www.youtube.com/@zacharyhawes6938,2026-08-28T18:59:03Z,2026-08-28T18:59:03Z,False,0,"Crystal Palace v Man City: 0:2
Liverpool v Forest 2:1
Bournemouth v Everton 1:0
Coventry v Hull 2:2
Spurs v Newcastle 2:3
Chelsea v Brighton 3:1
Sunderland v Fulham 2:2
Leeds v Brentford 1:2
Man United v Ipswich 2:1
Aston Villa v Arsenal 0:3"
UgydcOAaxhYGuBGGjDB4AaABAg,ZyUd-47fRT8,@XIX_Aryan7,http://www.youtube.com/@XIX_Aryan7,2026-08-28T18:58:54Z,2026-08-28T18:58:54Z,False,0,"Crystal Palace 3-2 Man City
Liverpool 3-1 Nottingham
Coventry 1-1 Hull
Bournemouth 2-1 Everton
Tottenham 2-0 Newcastle
Leeds 1-1 Brentford
Chelsea 3-1 Brighton
Man United 4-0 Ipswich
Sunderland 1-0 Fulham
Aston Villa 1-2 Arsenal"
UgyGYCdnH2_m2UL9q8t4AaABAg,ZyUd-47fRT8,@lilpeth67,http://www.youtube.com/@lilpeth67,2026-08-28T18:58:49Z,2026-08-28T18:58:49Z,False,0,Palace 1-1 Man City Liverpool 3-1 Forest B'mouth 0-2 Everton Coventry 1-0 Hull Tottenham 2-2 Newcastle Chelsea 2-0 Brighton Leeds 2-1 Brentford Sunderland 0-0 Fulham Man Utd 2-1 Ipswich Villa 1-3 Arsenal
UgwMCq0PUWzkPcOpTKd4AaABAg,ZyUd-47fRT8,@theofoster5008,http://www.youtube.com/@theofoster5008,2026-08-28T18:58:11Z,2026-08-28T18:58:11Z,False,0,"Crystal Palace 2-1 Man City
Liverpool 2-0 Forest
Bournemouth 1-1 Everton
Coventry 1-0 Hull
Tottenham 0-0 Newcastle
Chelsea 1-3 Brighton
Sunderland 3-0 Fulham
Leeds 2-2 Brentford
Man United 0-3 Ipswich
Aston Villa 2-4 Arsenal"
UgwexTRP0-yMMrTQ_HN4AaABAg,ZyUd-47fRT8,@MbokaziFan,http://www.youtube.com/@MbokaziFan,2026-08-28T18:57:48Z,2026-08-28T18:57:48Z,False,0,"Crystal Palace 0 Man City 3
Liverpool 2 Nottingham Forest 1
Bournemouth 1 Everton 1
Coventry 2 Hull 0
Tottenham 1 Newcastle 1
Chelsea 3 Brighton 1
Leeds 2 Brentford 1
Sunderland 2 Fulham 1
Man United 1 Ipswich 2
Aston Villa 0 Arsenal 3"
Ugz6A0t9GUzcyDc-gH14AaABAg,ZyUd-47fRT8,@Kingcuba137,http://www.youtube.com/@Kingcuba137,2026-08-28T18:57:47Z,2026-08-28T18:57:47Z,False,0,"Crystal place 2- Manchester city 1
Liverpool 2 - Nottingham forest 2
Bournemouth 0 - Everton 1
Coventry 0 - Hull city 2
Tottenham 1 - Newcastle 3
Chelsea 3 - Brighton 1
Leeds 2 - Brentford 2
Sunderland 1 - Fulham 0
Manchester united 3 - ispwich 0
Aston villa 1 - arsenal 1

Love your ch so much respect"
Ugx4Dhn2cemmPIncbtF4AaABAg,ZyUd-47fRT8,@williamkirksey1669,http://www.youtube.com/@williamkirksey1669,2026-08-28T18:57:30Z,2026-08-28T18:57:30Z,False,0,"Palace               1  Man City 3
Liverpool.         2  Forest.     1
Bournemouth  1 Everton.    1
Coventry.          1  Hull          0
Chelsea.           3  Brighton  2
Spurs                2 Newcastle 1
Leeds               0  Brentford  1
Man U              2 Ipswich      0
Sunderland.    1 Fulham       1
Villa                  1  Arsenal     3"
UgxCtDlLiZHAVrDimVV4AaABAg,ZyUd-47fRT8,@Joe_6597,http://www.youtube.com/@Joe_6597,2026-08-28T18:57:13Z,2026-08-28T18:57:13Z,False,0,18:06 pontus tattoo if you’re so sure??
UgxEyzHYKhgMlupdPD94AaABAg,ZyUd-47fRT8,@TheKing0fToot,http://www.youtube.com/@TheKing0fToot,2026-08-28T18:57:02Z,2026-08-28T18:57:02Z,False,0,"Crystal Palace V Man City 1:1
Liverpool V Forest 2:1
Bournemouth v Everton 2:1
Coventry v Hull 0:1
Spurs v Newcastle 1:2
Chelsea vs Brighton 3:1
Sunderland V Fulham 1:1
Leeds v Brentford 1:1
Man U vs Ipswich 1:0
Villa vs Arsenal 3:1"
Ugzf2nouoe54PGr00zF4AaABAg,ZyUd-47fRT8,@dylanparker130,http://www.youtube.com/@dylanparker130,2026-08-28T18:56:54Z,2026-08-28T18:56:54Z,False,0,Dibling did not score in the EFL Cup
UgzBTWVDzSj4_B9VqtZ4AaABAg,ZyUd-47fRT8,@snash8831,http://www.youtube.com/@snash8831,2026-08-28T18:56:53Z,2026-08-28T18:56:53Z,False,0,"Crystal Palace 0 Manchester City 1
Liverpool 2 Nottingham Forest 1
Bournemouth 1 Everton 1
Coventry City 2 Hull City 0
Tottenham 2 Newcastle 2
Chelsea 3 Brighton 2
Leeds 1 Brentford 1
Sunderland 1 Fulham 2
Man United 3 Ipswich 1
Aston Villa 0 Arsenal 1"
UgyQXlOwPt5m8qlc_HJ4AaABAg,ZyUd-47fRT8,@romeroperez3682,http://www.youtube.com/@romeroperez3682,2026-08-28T18:56:36Z,2026-08-28T18:56:36Z,False,1,"Crvstal Palace v Man Citv 1:2
Liverpool v Forest 2:0
Bournemouth v Everton  1:1
Coventry v Hull 3:2
Spurs v Newcastle 0:2
Chelsea v Brighton 2:2
Sunderland v Fulham 1:1
Leeds v Brentford 2:1
Man Utd v Ipswich 0:0
Aston Villa v Arsenal 0:3"
UgwUui2l47lSRwthSet4AaABAg,ZyUd-47fRT8,@MrYeet-kv3wj,http://www.youtube.com/@MrYeet-kv3wj,2026-08-28T18:56:30Z,2026-08-28T18:56:30Z,False,1,"My predictions
Crystal palace 0-2 man city
Liverpool 2-2 Nottingham forest
Bournemouth 1-0 Everton
Coventry city 1-1 hull city
Tottenham 2-2 Newcastle
Chelsea 1-0 Brighton
Leeds United 0-1 Brentford
Sunderland 1-3 Fulham
Man United 2-0 Ipswich town
Aston villa 0-3 arsenal"
UgyjmgbMwY_oDtyjKpd4AaABAg,ZyUd-47fRT8,@Eminem-F1,http://www.youtube.com/@Eminem-F1,2026-08-28T18:55:45Z,2026-08-28T18:55:45Z,False,1,"Palace 3 City 1
Liverpool 2 Forest 0
Bournemouth 3 Everton 0
Coventry 3 Hull 1
Spurs 1 Newcastle 2
Chelsea 3 Brighton 2
Leeds 1 Brentford 1
Sunderland 1 Fulham 1
Man United 4 Ipswich 0
Aston Villa 1 Arsenal 3"
UgyE0nsmr32qI40Op994AaABAg,ZyUd-47fRT8,@ragingcabbage2040,http://www.youtube.com/@ragingcabbage2040,2026-08-28T18:55:35Z,2026-08-28T18:55:35Z,False,0,"Crystal palace 1 Man city 2
Liverpool 1 Nottingham 0
Coventry 1 Hull City 1
Bournemouth 2 Everton 1
Spurs 1 Newcastle 1
Chelsea 2 Brighton 1
Leeds 1 Brentford 2
Sunderland 1 Fulham 1
Manchester United 2 Ipswich 1
Aston Villa 0 Arsenal 2"
Ugx3Jq7tWo-qeSGBZ7x4AaABAg,ZyUd-47fRT8,@ibrahimkolawole5568,http://www.youtube.com/@ibrahimkolawole5568,2026-08-28T18:55:35Z,2026-08-28T18:55:35Z,False,0,"Palace 1 Man City 2
Liverpool 3 Forest 1
Bournemouth 2 Everton 2
Coventry 3 Hull 1
Tottenham 1 Newcastle 1
Chelsea 3 Brighton 1
Leeds 2 Brentford 0
Sunderland 1 Fulham 1
Man United 2 Ipswich 1
Villa 1 Arsenal 3"
UgwvqKwghfql8xIx6Jx4AaABAg,ZyUd-47fRT8,@marksims68,http://www.youtube.com/@marksims68,2026-08-28T18:55:26Z,2026-08-28T18:55:26Z,False,1,"Do NOT mention the 9-0 to me, I was there that day in the Stretford End as a guest of someone I worked with (long story!) .  I was also at Portman Road when Ipswich smashed Man U 6-0 in March 1980, our last win at OT was in 1984 with a 2-1 win.  I would drink a pint of my old vomit every hour for a month if it meant we got a 1-0 win, but I'd take a nil nil RIGHT NOW!!!"
UgxofZbr_oPHfuxb6HN4AaABAg,ZyUd-47fRT8,@davidord2934,http://www.youtube.com/@davidord2934,2026-08-28T18:55:16Z,2026-08-28T18:55:16Z,False,0,"Crystal Palace 1 Man City 1
Liverpool 1 Forest 2
Bournemouth 2 Everton 1
Coventry 3 Hull 3
Tottenham 1 Newcastle 3
Chelsea 2 Brighton 2
Leeds 0 Brentford 2
Sunderland 0 Fulham 0
Man United 1 Ipswich 2
Aston Villa 2 Arsenal 1"
Ugwk_GEXauGFEkFTdh54AaABAg,ZyUd-47fRT8,@clayton7658,http://www.youtube.com/@clayton7658,2026-08-28T18:54:13Z,2026-08-28T18:54:13Z,False,0,"Crystal Palace 1-2 Man City
Liverpool 1-1 Forest
Bournemouth 2-0 Everton
Coventry  1-1 Hull
Tottenham 2-2 Newcastle
Chelsea 3-0 Brighton
Leeds  0-0 Brentford
Sunderland 2-0 Fulham
Man United 3-0 Ipswich 
Aston Villa 0-1 Arsenal"
Ugz465YpSdRJXtdJePF4AaABAg,ZyUd-47fRT8,@antoninomassimovadala7431,http://www.youtube.com/@antoninomassimovadala7431,2026-08-28T18:53:09Z,2026-08-28T18:53:09Z,False,1,"Crystal Palace 0 Man City 2
Liverpool 3 Nottm Forest 1
Bournemouth 2 Everton 1
Coventry 2 Hull 0
Tottenham 1 Newcastle 0
Chelsea 2 Brighton 1
Sunderland 2 Fulham 1
Leeds 0 Brentford 0
Man United 3 Ipswich 0
Aston Villa 1 Arsenal 2

Got it just in time,with 8 minutes to go"
Ugwu1kCW7sBQ64krZzZ4AaABAg,ZyUd-47fRT8,@Gullpatron,http://www.youtube.com/@Gullpatron,2026-08-28T18:52:50Z,2026-08-28T18:52:50Z,False,0,"Crystal Palace 1 Man City 3
Liverpool 1 Nottingham Forest 2
Coventry 0 Hull 1
Bournemouth 2 Everton 2
Tottenham 1 Newcastle 3
Chelsea 3 Brighton 2
Leeds 1 Brentford 1
Sunderland 2 Fulham 1
Man Utd 2 Ipswich 2
Aston Villa 1 Arsenal 3"
UgwSHFSG7uOG9g74FUJ4AaABAg,ZyUd-47fRT8,@Edi67-q5r,http://www.youtube.com/@Edi67-q5r,2026-08-28T18:52:45Z,2026-08-28T18:52:45Z,False,0,"City4-2 Palace
Liverpool 3-1forrest 
Bornemouth 2-0 everton
Coventry 2-0 hull
Chelsea 1-1 Brighton 
Man utd 4-1 Ipswich 
Leeds 1-1 Brentford 
Sunderland 1-1 fulham
Villa 1-2 arsenal
Spurs 1-1 Newcastle"
UgwHExNwyVvHk9YBsCp4AaABAg,ZyUd-47fRT8,@Knowledge5eeker,http://www.youtube.com/@Knowledge5eeker,2026-08-28T18:52:41Z,2026-08-28T18:52:41Z,False,0,"Crystal Palace 0 - Man City 2 

Liverpool 2 - Nottingham Forest 2

Bournemouth 2 - Everton 1

Coventry 1 - Hull 0

Tottenham 1 - Newcastle 2

Chelsea 2 - Brighton 0

Leeds 1 - Brentford 2

Sunderland 1 - Fulham 1 

Man United 1 - Ipswich 0

Aston Villa 1 - Arsenal 3"
Ugz3YVA_4xIYi-fP73x4AaABAg,ZyUd-47fRT8,@qnakipogonchev1473,http://www.youtube.com/@qnakipogonchev1473,2026-08-28T18:52:18Z,2026-08-28T18:52:18Z,False,0,"Crystal Palace 2 Man city 2
Liverpool 3 Nottingham Forest 0
Coventry 2 Hull city 1
Bournemouth 1 Everton 2
Tottenham 2 Newcastle 2
Leeds 1 Brentford 3
Chelsea 3 Brighton 1
Man Utd 2 Ipswich 0
Sunderland 2 Fulham 0
Aston Villa 0 Arsenal 3"
Ugzv9IGrefk1mMCGDuh4AaABAg,ZyUd-47fRT8,@adambrekibirgisson1670,http://www.youtube.com/@adambrekibirgisson1670,2026-08-28T18:52:10Z,2026-08-28T18:52:10Z,False,0,"Crystal Palace vs man City 0-3
Liverpool vs Nottingham Forest 1-1
Bournemouth vs Everton 2-1
Coventry vs Hull 0-0
Tottenham vs Newcastle 2-3
Chelsea vs Brighton 2-2
Leeds vs Brentford 1-3
Sunderland vs Fulham 0-1
Man utd vs Ipswitch 1-0
Aston Villa vs Arsenal 0-2"
UgwPORe8NEYahWK70qR4AaABAg,ZyUd-47fRT8,@mjkjt,http://www.youtube.com/@mjkjt,2026-08-28T18:51:53Z,2026-08-28T18:51:53Z,False,10,19:46 Brian McBride scored in the 9th minute but holy shit 😶😶😶
UgxEihaD6njGNEs8of14AaABAg,ZyUd-47fRT8,@willrelf92,http://www.youtube.com/@willrelf92,2026-08-28T18:51:23Z,2026-08-28T18:51:23Z,False,1,"Crystal Palace 1-2 Man City
Liverpool 3-1 Nottingham Forest
Bournemouth 2-1 Everton
Coventry 1-0 Hull
Spurs 3-2 Newcastle
Chelsea 2-1 Brighton
Leeds 2-1 Brentford
Sunderland 1-1 Fulham
Man Utd 2-0 Ipswich
Aston Villa 1-1 Arsenal"
UgwhPPtC8R2-Egca2mZ4AaABAg,ZyUd-47fRT8,@LieutenantPulp,http://www.youtube.com/@LieutenantPulp,2026-08-28T18:51:15Z,2026-08-28T18:51:15Z,False,0,"0-2 Crystal Palace v Man City
3-1  Liverpool v Forest 
1-1 Bournemouth v Everton
2-1 Coventry v Hull
1-1 Tottenham v Newcastle
2-2 Chelsea v Brighton
2-0 Leeds v Brentford
2-1 Sunderland v Fulham
3-0 Man United v Ipswich
0-2 Aston Villa v Arsenal"
Ugxk08wLziL0XW-BTHV4AaABAg,ZyUd-47fRT8,@Nastaranjafarharasi,http://www.youtube.com/@Nastaranjafarharasi,2026-08-28T18:51:03Z,2026-08-28T18:51:03Z,False,0,"My Gameweek 2 predictions 

Crystal Palace 1 Man City 2
Liverpool 2 Forest 0
Bournemouth 2 Everton 2
Coventry 1 Hull 0
Tottenham 1 Newcastle 1
Chelsea 3 Brighton 2
Leeds 1 Brentford 2
Sunderland 1 Fulham 1
Man United 3 Ipswich 1
Aston Villa 0 Arsenal 2"
UgyPgfUVYSMN_-7GKN14AaABAg,ZyUd-47fRT8,@FootyFever-m3s,http://www.youtube.com/@FootyFever-m3s,2026-08-28T18:50:57Z,2026-08-28T18:50:57Z,False,1,"Palace 0 Man City 2
Liverpool 2 Nottm Forest 1
Coventry 1 Hull 2
Bournemouth 3 Everton 1
Spurs 1 Newcastle 1
Chelsea 3 Brighton 1
Leeds 2 Brentford 2 
Sunderland 3 Fulham 0
Man United 2 Ipswich Town 1
Aston Villa 2 Arsenal 1"
UgxFuhJgw2OAWuEjs0p4AaABAg,ZyUd-47fRT8,@idkkkkkkkk_,http://www.youtube.com/@idkkkkkkkk_,2026-08-28T18:50:54Z,2026-08-28T18:50:54Z,False,0,"Crystal Palace 2 Man City 2
Liverpool 3 Forest 1
Bournemouth 1 Everton 1
Coventry 0 Hull 0
Spurs 1 Newcastle 2
Chelsea 2 Brighton 0
Sunderland 1 Fulham 1
Leeds 1 Brentford 1
Man Utd 3 Ipswich 0
Villa 0 Arsenal 2"
Ugw-VgQuXFoUQDLgjWF4AaABAg,ZyUd-47fRT8,@DomenicItaliano-f5q,http://www.youtube.com/@DomenicItaliano-f5q,2026-08-28T18:49:38Z,2026-08-28T18:49:38Z,False,0,Tottenham 1 Newcastle 2
UgwfJ0hOlTY_dIcC4Ol4AaABAg,ZyUd-47fRT8,@snusmuncher1,http://www.youtube.com/@snusmuncher1,2026-08-28T18:49:29Z,2026-08-28T18:49:55Z,True,0,"Crystal palace vs Man city 1:3
Liverpool vs forest 1-0
Bournemouth vs everton 1-1
Coventry vs hull city 0-1
Spurs vs newcastle 2-1
Chelsea vs brighton 2-3
Sunderland vs fulham 1-0
Leeds vs brentford 2-1
Man u vs ipswich 3-2
Villa vs arsenal 0-3

11 mins before city palace"
UgzgfN1ncEM2WQMES-h4AaABAg,ZyUd-47fRT8,@TheDutchStarWarsGuy,http://www.youtube.com/@TheDutchStarWarsGuy,2026-08-28T18:49:07Z,2026-08-28T18:49:07Z,False,0,"Predictions then:
Crystal Palace 1-3 Man City
Liverpool 2-1 Forest
Bournemouth 1-1 Everton
Coventry 2-2 Hull
Spurs 0-1 Newcastle
Chelsea 2-1 Brighton
Leeds 0-1 Brentford
Sunderland 1-3 Fulham
Man United 2-0 Ipswich
Villa 1-2 Arsenal"
UgwDwUyvuYseI2QZ1Tp4AaABAg,ZyUd-47fRT8,@bengtgunnardereksson2090,http://www.youtube.com/@bengtgunnardereksson2090,2026-08-28T18:48:54Z,2026-08-28T18:48:54Z,False,0,"Crystal Palace - Manchester City 1-1
Liverpool - Nottingham Forest 2-1
Aston Villa - Arsenal 0-2
Bournemouth - Everton 1-0
Coventry - Hull 2-0
Tottenham - Newcastle 0-1
Leeds - Brentford 1-1
Chelsea - Brighton 2-2
Sunderland - Fulham 0-1
Manchester United - Ipswich 1-1"
UgxeQq6oxJ7VvWsO2AV4AaABAg,ZyUd-47fRT8,@stephensixsmith,http://www.youtube.com/@stephensixsmith,2026-08-28T18:48:52Z,2026-08-28T18:48:52Z,False,0,"Crystal Palace 0 Man City 3
Liverpool 3 Nottm Forest 1
Bournemouth 3 Everton 0
Coventry 1 Hull City 1
Tottenham 2 Newcastle 2
Chelsea 2 Brighton 2
Leeds 0 Brentford 2
Sunderland 2 Fulham 2
Man United 4 Ipswich 1
Aston Villa 1 Arsenal 2"
UgzXDQ8G8D9XEckQD-F4AaABAg,ZyUd-47fRT8,@matti.p_26,http://www.youtube.com/@matti.p_26,2026-08-28T18:48:47Z,2026-08-28T18:48:47Z,False,0,"Palace vs Man City 1:3
Liverpool vs Forest 2:1
Bournemouth vs Everton 2:0
Coventry vs Hull 1:1
Tottenham vs Newcastle 2:1
Chelsea vs Brighton 3:2
Leeds vs Brentford 2:2
Sunderland vs Fulham 2:1
Man Utd vs Ipswich 2:0
Villa vs Arsenal 0:1"
Ugw3mw6XwX-dzMYblPx4AaABAg,ZyUd-47fRT8,@aposapocalypse7117,http://www.youtube.com/@aposapocalypse7117,2026-08-28T18:48:36Z,2026-08-28T18:48:36Z,False,0,"Crystal Palace V Man City 1:0
Liverpool V Forest 2:0
Bournemouth V Everton 3:2
Coventry V Hull 2:2
Spurs V Newcastle 1:3
Chelsea V Brighton 1:0
Sunderland V Fulham 0:1
Leeds V Brentford 2:1
Man U V Ipswich 2:1
Villa V Arsenal 2:4"
UgyjdJoiPBZmD1xY7XN4AaABAg,ZyUd-47fRT8,@nickpro2899,http://www.youtube.com/@nickpro2899,2026-08-28T18:48:25Z,2026-08-28T18:48:25Z,False,0,"Okay my predictions for Gameweek 2:
Open i get them right

Crystal Palace 1 Man City 2
Liverpool 1 Nottingham Forest 2
Coventry 1 Hull 0
Bournemouth 2 Everton 1
Tottenham 2 Newcastle 2
Leeds 3 Brentford 1
Chelsea 2 Brighton 2
Man Utd 1 Ipswich 1
Sunderland 2 Fulham 0
Aston Villa 0 Arsenal 2"
UgyB6kzYS_lHcJaOA7p4AaABAg,ZyUd-47fRT8,@sjdbdkoswq,http://www.youtube.com/@sjdbdkoswq,2026-08-28T18:48:22Z,2026-08-28T18:48:22Z,False,0,"Crystal Palace 0-3 Man City
Liverpool 2-1 Forest
Bournemouth 0-1 Everton
Coventry 0-0 Hull
Tottenham 3-1 Newcastle 
Chelsea 2-2 Brighton 
Leeds 1-1 Brentford 
Sunderland 1-2 Fulham 
Man United 2-1 Ipswich 
Aston Villa 0-2 Arsenal"
Ugx3ZuKs0MHg_FrHDqx4AaABAg,ZyUd-47fRT8,@porfilopez5257,http://www.youtube.com/@porfilopez5257,2026-08-28T18:48:01Z,2026-08-28T18:48:01Z,False,0,"Crystal Palace 0 Manchester City 3
Liverpool 2 Nottingham Forest 0
Bournemouth 1 Everton 2 
Coventry 0 Hull 1 
Tottenham 0 Newcastle 2 
Chelsea 2 Brighton 2 
Sunderland 2 Fulham 3 
Manchester United 3 Ipswich 1 
Villa 1 Arsenal 2"
UgzSOOlg9JEMCyLtHJd4AaABAg,ZyUd-47fRT8,@Myšutr_cz,http://www.youtube.com/@My%C5%A1utr_cz,2026-08-28T18:47:56Z,2026-08-28T18:47:56Z,False,0,"crystal palace 1 man city 3
Liverpool 2 Nottingham forest 0
Bournemouth 1 Everton 1
Coventry 1 Hull 2
Tottenham 0 Newcastle 0
Chelsea 3 Brighton 1
Leeds 2 Brentford 0
Sunderland 0 fulham 2
Man united 2 Ipswich 0
Aston villa 0 Arsenal 2"
Ugz4UC0ZKeXjcxTscNl4AaABAg,ZyUd-47fRT8,@Beansontoast93911,http://www.youtube.com/@Beansontoast93911,2026-08-28T18:47:52Z,2026-08-28T18:47:52Z,False,9,"I'm not participating in predictions , but I would love signed shirt from gary glitter."
UgxoYJQUpTigoPdBo_54AaABAg,ZyUd-47fRT8,@sean4904,http://www.youtube.com/@sean4904,2026-08-28T18:47:49Z,2026-08-28T18:47:49Z,False,0,"Crystal Palace 0 Man City 1
Liverpool 2 Nottingham Forest 0
Coventry 2 Hull 1
Bournemouth 3 Everton 2
Tottenham 2 Newcastle 1
Leeds 2 Brentford 2
Chelsea 2 Brighton 1
Man Utd 2 Ipswich 0
Sunderland 1 Fulham 1
Aston Villa 1 Arsenal 2"
UgxfDArhrCzXQMxczE94AaABAg,ZyUd-47fRT8,@willharvison3898,http://www.youtube.com/@willharvison3898,2026-08-28T18:47:43Z,2026-08-28T18:47:43Z,False,1,"Crystal Palace 1 Man City 2
Liverpool 2 Forest 0
Bournemouth 1 Everton 1
Coventry 2 Hull 2
Tottenham 3 Newcastle 2
Chelsea 2 Brighton 1
Leeds 0 Brentford 0
Sunderland 1 Fulham 1
Man United 2 Ipswich 0
Aston Villa 1 Arsenal 2"
UgxsfxquBmcK3dXPNBd4AaABAg,ZyUd-47fRT8,@kamaujohn6303,http://www.youtube.com/@kamaujohn6303,2026-08-28T18:47:36Z,2026-08-28T18:47:36Z,False,0,"Crvstal Palace v Man Citv 1:3
Liverpool v Forest 3:0
 Bournemouth v Everton 2:2
Coventry v Hull 0:1
Spurs v Newcastle 1:2
Chelsea v Brighton 4:2
Sunderland v Fulham 1:1
Leeds v Brentford 2:1
Man Utd v Ipswich 2:0
Aston Villa v Arsenal 0:1
Uploaded 10 mins before the city game"
Ugx3S4R60FUAzSOfGOl4AaABAg,ZyUd-47fRT8,@dylanparker130,http://www.youtube.com/@dylanparker130,2026-08-28T18:47:20Z,2026-08-28T18:47:20Z,False,0,"GW2 Predictions:

Palace 1 City 2
Liverpool 2 Forest 2
Coventry 2 Hull 0
Bournemouth 1 Everton 1
Spurs 1 Newcastle 2
Chelsea 2 Brighton 2
Leeds 2 Brentford 1
Sunderland 1 Fulham 0
United 4 Ipswich 1
Villa 1 Arsenal 2"
UgwAW8Mw_nwpqRDb4ex4AaABAg,ZyUd-47fRT8,@aakashagarwal6184,http://www.youtube.com/@aakashagarwal6184,2026-08-28T18:46:51Z,2026-08-28T18:46:51Z,False,0,"Palace 1 City 2
Liverpool 3 Forest 2
Bournemouth 1 Everton 1
Coventry 1 Hull 0
Spurs 1 Newcastle 1
Chelsea 1 Brighton 2
Man Utd 3 Ipswich 2
Villa 2 Arsenal 4"
UgxeoytX2Ii30d8oB5x4AaABAg,ZyUd-47fRT8,@ghostdavid4838,http://www.youtube.com/@ghostdavid4838,2026-08-28T18:46:19Z,2026-08-28T18:46:19Z,False,0,"Crystal Palace 1 - 3 Man City
Liverpool 1 - 0 Forest
Bournemouth 2 - 0 Everton
Coventry 2 - 1 Hull City
Tottenham 2 - 0 Newcastle
Chelsea 3 - 0 Brighton
Leeds 1 - 2 Brentford
Sunderland 1 - 1 Fulham
Man United 2 - 2 Ipswich
Aston Villa 2 - 3 Arsen"
UgwkcdVZn8kKSnb1IVB4AaABAg,ZyUd-47fRT8,@hawaadeyeye9930,http://www.youtube.com/@hawaadeyeye9930,2026-08-28T18:46:12Z,2026-08-28T18:46:12Z,False,1,"Crystal Palace 0 man city 2
Liverpool 1 forest 2
Bournemouth 2 Everton 1
Coventry 2 hull city 1
Tottenham 1 Newcastle 3
Chelsea 2 Brighton 3
Leeds 1 Brentford 0
Sunderland 1 fulham 2
Man united 1 Ipswich 2
Aston Villa 0 arsenal 3"
Ugzl5W7V4VWm0nEqnKZ4AaABAg,ZyUd-47fRT8,@seweymessi,http://www.youtube.com/@seweymessi,2026-08-28T18:45:57Z,2026-08-28T18:45:57Z,False,0,"Palace 1-2 City
Liverpool 2-2 Forest
Bournemouth 2-1 Everton
Coventry 1-0 Hull
Spurs 0-0 Newcastle
Chelsea 3-1 Brighton
Leeds 1-2 Brentford
Man Utd 2-0 Ipswich
Villa 0-2 Arsenal"
UgwWnpQvJvKNQ4jgwf14AaABAg,ZyUd-47fRT8,@Dkhqj-195,http://www.youtube.com/@Dkhqj-195,2026-08-28T18:45:47Z,2026-08-28T18:45:47Z,False,0,"Crystal Palace v Man City 1-3
Liverpool v Forest 1-1
Bournemouth v Everton 1-1
Coventry v Hull 0-0
Tottenham v Newcastle 1-1
Chelsea v Brighton 2-1
Leeds v Brentford 2-0
Sunderland v Fulham 0-1
Man United v Ipswich 0-0
Aston Villa v Arsenal 0-2"
UgzqVLYn_KUT4wO9Q294AaABAg,ZyUd-47fRT8,@nickaxford7925,http://www.youtube.com/@nickaxford7925,2026-08-28T18:45:26Z,2026-08-28T18:45:26Z,False,0,"Crystal Palace 0 Man City 2
Liverpool 3 Nottingham Forest 1
Coventry 2 Hull 1
Bournemouth 1 Everton 1
Tottenham 0 Newcastle 2
Leeds 2 Brentford 0
Chelsea 2 Brighton 3
Man Utd 1 Ipswich 1
Sunderland 1 Fulham 0
Aston Villa 0 Arsenal 3"
Ugym7vEJiWsfugTl_Hl4AaABAg,ZyUd-47fRT8,@Pronce_5237,http://www.youtube.com/@Pronce_5237,2026-08-28T18:45:23Z,2026-08-28T18:45:23Z,False,0,"Crystal palace vs man city 1-2
Liverpool vs Forest: 2-0
Bouremouth v everton: 1-1
Coventry vs hull: 0-1
Chelsea vs Brighton: 4-3
Sunderland vs Fulham: 2-1
Leeds vs Brentford: 1-3
Man united vs Ipswich: 1-1
Aston villa vs Arsenal: 0-2"
Ugx6C3zzZXFnZXCjREx4AaABAg,ZyUd-47fRT8,@cwbfclegends7048,http://www.youtube.com/@cwbfclegends7048,2026-08-28T18:45:17Z,2026-08-28T18:45:17Z,False,1,"Crystal Palace V Man City 0:2
Liverpool V Forest 2:1
Bournemouth v Everton 2:1
Coventry v Hull 2:2
Spurs v Newcastle 1:2
Chelsea vs Brighton 2:0
Sunderland V Fulham 1:1
Leeds v Brentford 3:2
Man U vs Ipswich 2:0
Villa vs Arsenal 1:3"
Ugzv-Fr9NEH1gzD4t_Z4AaABAg,ZyUd-47fRT8,@cardboardbox4093,http://www.youtube.com/@cardboardbox4093,2026-08-28T18:45:12Z,2026-08-28T18:45:12Z,False,10,"2 uploads today, my dinner when i get off work is fully sorted 😁"
UgxJQ2DD_wrs9LZ3Jil4AaABAg,ZyUd-47fRT8,@mattf9627,http://www.youtube.com/@mattf9627,2026-08-28T18:45:07Z,2026-08-28T18:45:07Z,False,0,"Gameweek 2 predictions

Palace vs City 0-2
Liverpool vs Forest 2-1
Bournemouth vs Everton 1-0
Coventry vs Hull 1-1
Tottenham vs Newcastle 3-2
Chelsea vs Brighton 3-1
Leeds vs Brentford 2-2
Sunderland vs Fulham 2-1
United vs Ipswich 3-2
Villa vs Arsenal 1-4"
UgxQg6_KnQEYFm-yXFJ4AaABAg,ZyUd-47fRT8,@JuniorG107,http://www.youtube.com/@JuniorG107,2026-08-28T18:45:02Z,2026-08-28T18:45:02Z,False,0,"Crystal Palace vs Man city 0-2
Liverpool vs forest 2-1
Bournemouth vs everton 1-1 
Coventry vs hull 1-0
Tottenham vs Newcastle 1-2
Chelsea vs Brighton 2-1
Leeds vs Brentford 2-2
Sunderland vs  Fulham 1-1
Man utd vs Ipswich 3-0
Aston villa vs Arsenal 0-2"
UgydHByLmHqDAFoR_jx4AaABAg,ZyUd-47fRT8,@ratonul260,http://www.youtube.com/@ratonul260,2026-08-28T18:44:59Z,2026-08-28T18:44:59Z,False,1,Crystal Pallace 1 Man City 1; Liverpool 5 Notts 0; Bouremouth 1 - Everton 1; Coventry 2 Hull 1; Spurs 2 Newcastle 0 ;Chelsea 3 Brighton 1; Leeds 2 Brentford 0; Sunderland 1 Fulham 0; Man United 1 Ipswich 1; Villa 0 Arsenal 0;
UgxzJTIpWxY-Q3B7jXt4AaABAg,ZyUd-47fRT8,@mrktobi1163,http://www.youtube.com/@mrktobi1163,2026-08-28T18:44:59Z,2026-08-28T18:44:59Z,False,0,"Palace 0 -3 city 
Liverpool 2-0 Nottingham 
Coventry 1-3 hull 
Bournemouth 1-0 Everton 
Spurs 1-2 Newcastle 
Chelsea 2-2 Brighton
Leeds 1-3 Brentford 
Sunderland 0-0 Fulham 
Man United 2-1 Ipswich 
Aaron villa 0-3 Arsenal"
UgwWDCc1ZRSQMSlvacZ4AaABAg,ZyUd-47fRT8,@YouTubePremium-ce4qu,http://www.youtube.com/@YouTubePremium-ce4qu,2026-08-28T18:44:58Z,2026-08-28T18:44:58Z,False,0,"Crystal  Palace v man city 2-0
Liverpool v forest 1-1
Bournemouth v Everton 2-1
Coventry v hull 2-0
Tottenham v Newcastle 3-1
Chelsea v Brighton 2-0
Leeds v Brentford 1-2
Sunderland v Fulham 1-1
Manchester United v Ipswich 2-0
Aston villa v arsenal 1-3"
UgyAe6KW5b2CgMW2R4J4AaABAg,ZyUd-47fRT8,@owainflemig972,http://www.youtube.com/@owainflemig972,2026-08-28T18:44:39Z,2026-08-28T18:44:39Z,False,0,"Crystal Palace 2 Man City 1
Liverpool 3 Nottingham forest 0
Bournemouth 1 Everton 1
Coventry 3 hull 0
Spurs 0 Newcastle 1
Chelsea 2 Brighton 0
Sunderland 1 Fulham 0
Leeds 0 Brentford 4
Man Utd 2 Ipswich 0
Aston Villa 0 arsenal 3"
UgyrMnsd_6Pu0pLoYxd4AaABAg,ZyUd-47fRT8,@CharlieMay-n6c,http://www.youtube.com/@CharlieMay-n6c,2026-08-28T18:44:28Z,2026-08-28T18:44:28Z,False,0,"Man City 3- Palace 1
Nottingham Forest-0 Liverpool 2
Hull City -2 Coventry-2
Everton-1 Bournemouth-1
Newcastle-2 Spurs-0
Brighton-2 Chelsea-2
Fulham-1 Sunderland-2
Brentford-2 Leeds-1
Ipswich-1 Manchester United-2
Arsenal-3 Villa-0"
UgySQZWEiU1xdbs4U0d4AaABAg,ZyUd-47fRT8,@Speedinkling,http://www.youtube.com/@Speedinkling,2026-08-28T18:44:23Z,2026-08-28T18:44:23Z,False,0,"Crystal Palace 2 Manchester City 1
Liverpool 2 Nottingham Forest 0
Bournemouth 1 Everton 1
Coventry City 1 Hull City 2
Newcastle United 2 Tottenham 0
Chelsea 4 Brighton 2
Leeds United 2 Brentford 1
Sunderland 1 Fulham 1
Manchester United 2 Ipswich 0
Aston Villa 0 Arsenal 2"
UgyNRJvTIxbvFr0tE-R4AaABAg,ZyUd-47fRT8,@Cooper_the_pug,http://www.youtube.com/@Cooper_the_pug,2026-08-28T18:44:17Z,2026-08-28T18:44:17Z,False,0,"Crvstal Palace v Man Citv 1:2
Liverpool v Forest 3:1
 Bournemouth v Everton 2:1 
Coventry v Hull 0:0
Spurs v Newcastle 2:1
Chelsea v Brighton 1:1
Sunderland v Fulham 1:1
Leeds v Brentford 2:1
Man Utd v Ipswich 2:0
Aston Villa v Arsenal 0:2
Uploaded 15 mins before the city game"
UgwsPjdqN97il9vBZSp4AaABAg,ZyUd-47fRT8,@Filip_games_real,http://www.youtube.com/@Filip_games_real,2026-08-28T18:44:13Z,2026-08-28T18:44:13Z,False,7,"Crystal Palace 1-2 Man City
Liverpool 3-0 Forest 
Bournemouth 2-2 Everton
Coventry 3-1 Hull
Tottenham 0-0 Newcastle 
Chelsea 3-0 Brighton
Leeds 2-2 Brentford
Sunderland 2-1 Fulham
Man United 3-2 Ipswich
Aston Villa 1-2 Arsenal"
UgwLWINF2uzIqVMjYm54AaABAg,ZyUd-47fRT8,@angelanariba2290,http://www.youtube.com/@angelanariba2290,2026-08-28T18:44:08Z,2026-08-28T18:44:08Z,False,0,"Crystal Palace v Man City 0:3
Liverpool v Forest 2:1
Bournemouth v Everton 2:3
Coventry v Hull 2:0
Spurs v Newcastle 3:1
Chelsea v Brighton 3:1
Sunderland v Fulham 1:2
Leeds v Brentford 1:1
Man United v Ipswich 2:0
Aston Villa v Arsenal 0:3"
UgzzXWfiOcH3rLArYMJ4AaABAg,ZyUd-47fRT8,@whtwhtc,http://www.youtube.com/@whtwhtc,2026-08-28T18:44:02Z,2026-08-28T18:44:02Z,False,1,"Game-week 2 Predictions

Crystal Palace 1 Man City 3
Liverpool 2 Nottingham Forest 1
Bournemouth 3 Everton 0
Coventry 1 Hull city 2
Tottenham 1 Newcastle 1
Chelsea 2 Brighton 0
Leeds 1 Brentford 2
Sunderland 1 Fulham 1
Man Utd 3 Ipswich 0
Aston Villa 1 Arsenal 2"
UgxTq3KNGz0NaWbx1nR4AaABAg,ZyUd-47fRT8,@lewismacdonald7776,http://www.youtube.com/@lewismacdonald7776,2026-08-28T18:43:32Z,2026-08-28T18:43:32Z,False,0,"Crystal Palace 1 Man City 1
Liverpool 2 Nottingham Forest 3
Bournemouth 1 Everton 2
Coventry 1 Hull 1
Spurs 1 Newcastle 2
Chelsea 2 Brighton 2
Sunderland 1 Fulham 2
Leeds 2 Brentford 3
Man UTD 1 Ipswich 2
Villa 2 Arsenal 1"
UgyO1nXuXwca1X7BXAt4AaABAg,ZyUd-47fRT8,@pinkgoose989,http://www.youtube.com/@pinkgoose989,2026-08-28T18:43:23Z,2026-08-28T18:43:23Z,False,0,"Crystal Palace 1 Man City 1
Liverpool 2 Forest 1
Bournemouth 0 Everton 1
Coventry 1 Hull 1
Tottenham 2 Newcastle 2
Chelsea 1 Brighton 1
Leeds 2 Brentford 3
Sunderland 0 Fulham 0
Man United 2 Ipswich 0
Aston Villa 1 Arsenal 3"
UgybxTujZYhGb21Y3JJ4AaABAg,ZyUd-47fRT8,@MattMuldoon2132,http://www.youtube.com/@MattMuldoon2132,2026-08-28T18:43:10Z,2026-08-28T18:43:10Z,False,0,"City 2- CP 0
Liverpool 1-NF 1
Bournemouth 0-Everton 0
Coventry 2- Hull 1
Spurs 1- Toon 1
Chelsea 2 - Brighton 0
Sunderland 1- Fulham 1
Leeds 2- Brentford 1
Man U 4- Ipswich 0
Villa 0-Arsenal 2"
UgwzCf1jr3lZ-HD5QM94AaABAg,ZyUd-47fRT8,@kachunga870,http://www.youtube.com/@kachunga870,2026-08-28T18:42:41Z,2026-08-28T18:42:41Z,False,0,"Palace vs Man City: 3-3
Liverpool vs Forest: 2-0
Bournemouth vs Everton: 1-1
Coventry vs Hull: 1-4
Spurs vs Newcastle: 1-2
Chelsea vs Brighton: 1-1
Leeds vs Brentford: 1-0
Sunderland vs Fulham: 3-2
Man Utd vs Ipswich: 3-1
Villa vs Arsenal: 0-2"
UgzSkPHcSnFa6yfyMYp4AaABAg,ZyUd-47fRT8,@wwerr16,http://www.youtube.com/@wwerr16,2026-08-28T18:42:26Z,2026-08-28T18:42:26Z,False,0,"Just in time

Palace 1 MC 0
Liverpool 3 Forest 1
Bournemouth 0 Everton 1
Coventry 1 Hull 2
Spurs 2 New 0
Chelsea 2 Brighton 2
Leeds 2 Brentford 3
Sun 0 Fulham 2
MU 1 Ipswich 2
Villa 0 Arsenal 4"
Ugw_Jg_nsjpncb7d8th4AaABAg,ZyUd-47fRT8,@EmenussGOamazing,http://www.youtube.com/@EmenussGOamazing,2026-08-28T18:41:58Z,2026-08-28T18:41:58Z,False,0,"Crystal Palace v Man City 0:1
Liverpool v Forest 2:1
Bournemouth v Everton 2:2
Coventry v Hull 2:1
Spurs v Newcastle 2:2
Chelsea v Brighton 3:0
Sunderland v Fulham 1:2
Leeds v Brentford 2:0
Man Utd v Ipswich 4:1
Aston Villa v Arsenal 2:4"
UgzKxAsWJp7-WrwxR0x4AaABAg,ZyUd-47fRT8,@Ba4ki,http://www.youtube.com/@Ba4ki,2026-08-28T18:41:17Z,2026-08-28T18:41:17Z,False,0,"Palace vs City 1:2
Liverpool v Forest 3:2
Bournemouth v Everton 1:1
Coventry v Hull 2:0
Spurs v Newcastle 3:1
Chelsea v Brighton 1:1
Sunderland v Fulham 2:0
Leeds v Brentford 0:2
Man utd v Ipswich 2:1
Villa v Arsenal 0:1"
UgzogM1-NrDHw3_7h4N4AaABAg,ZyUd-47fRT8,@6038am,http://www.youtube.com/@6038am,2026-08-28T18:41:03Z,2026-08-28T18:41:03Z,False,0,"Crystal Palace V Man City 2:2
Liverpool V Forest 3:1
Bournemouth v Everton 2:0
Coventry v Hull 0:1
Spurs v Newcastle 0:3
Chelsea vs Brighton 3:2
Sunderland V Fulham 2:0
Leeds v Brentford 1:4
Man U vs Ipswich 0:0
Villa vs Arsenal 0:4"
UgxjbGVsXF7gu_65MH54AaABAg,ZyUd-47fRT8,@TheFinalHoss,http://www.youtube.com/@TheFinalHoss,2026-08-28T18:41:02Z,2026-08-28T18:41:02Z,False,0,"My predictions:

Palace 1 Man city 2
Liverpool 2 Forest 0
Bournemouth 1 Everton 1
Coventry 1 Hull 3
Tottenham 3 Newcastle 3
Chelsea 2 Brighton 1
Leeds 1 Brentford 1
Sunderland 1 Fulham 0
Man utd 3 Ipswich 0
Aston villa 0 Arsenal 3"
UgwktI8oGQRKjKJE-r94AaABAg,ZyUd-47fRT8,@Fantasybig,http://www.youtube.com/@Fantasybig,2026-08-28T18:40:32Z,2026-08-28T18:40:32Z,False,0,"My prediction this week 2 Crystal palace 0 mancity 3
Liverpool 1 Nottingham forest 1
Converntry 0 Hull 1
Bournemouth 0 Everton 0
Tottenham 1 Newcastle 0
Leeds 2 Brentford 3
Chelsea 2 Brighton 1
Man united 4 Ipswich 1
Sunderland 1 Fulham 1
Aston villa 1 Arsenal 1"
UgzeUgA-NUC_7kTlQPF4AaABAg,ZyUd-47fRT8,@ajdinheric2116,http://www.youtube.com/@ajdinheric2116,2026-08-28T18:40:20Z,2026-08-28T18:40:20Z,False,0,"Crystal Palace 1 Man City 3
Liverpool 1 Nottingham Forest 1
Bournemouth 0 Everton 2
Coventry 1 Hull 1
Tottenham 2 Newcastle 0
Chelsea 2 Brighton 1
Leeds 3 Brentford 2
Sunderland 1 Fulham 1
Man Utd 1 Ipswich 0
Aston Villa 2 Arsenal 1"
UgzeH_MX8iBPRnpyg5d4AaABAg,ZyUd-47fRT8,@LurDurr,http://www.youtube.com/@LurDurr,2026-08-28T18:40:17Z,2026-08-28T18:40:17Z,False,0,"Crystal palace 2  man city 2
Liverpool 1 forest 2
Bournemouth 2 Everton 0
Coventry 0 hull city 1
Tottenham 3 newcastle 1
Chelsea 1 brighton 1
Leeds 2 brentford 3
Sunderland 0 fullham 0
Man united 1 ipswich 0
Aston villa 1 arsenal 3"
Ugz6XeLsZWoA-UQRYYB4AaABAg,ZyUd-47fRT8,@aryanomsharma07,http://www.youtube.com/@aryanomsharma07,2026-08-28T18:40:02Z,2026-08-28T18:40:02Z,False,0,"Crystal Palace 1 Man City 1
Liverpool 2 Nottingham Forest 0
Bournemouth 2 Everton 2
Coventry 0 Hull 1
Tottenham 0 Newcastle 1
Chelsea 1 Brighton 1
Leeds 2 Brentford 2
Sunderland 0 Fulham 0
Man Utd 2 Ipswich 0
Aston Villa 0 Arsenal 2"
Ugz8bizo6Hn6-Wbd4aR4AaABAg,ZyUd-47fRT8,@somebloodybrit8067,http://www.youtube.com/@somebloodybrit8067,2026-08-28T18:39:58Z,2026-08-28T18:39:58Z,False,0,"Can't do them all now so Crystal Palace 1-2 Man City, will reply comment rest later."
UgxqKKSVYeRbZPL96vB4AaABAg,ZyUd-47fRT8,@ElecTrick11037,http://www.youtube.com/@ElecTrick11037,2026-08-28T18:39:41Z,2026-08-28T18:39:41Z,False,0,"Hope this goes better than last week for me

Crystal Palace 1 Man City 1
Liverpool 2 Nottingham Forest 0
Coventry 0 Hull 0
Bournemouth 1 Everton 1
Tottenham 1 Newcastle 2
Chelsea 2 Brighton 2
Leeds 2 Brentford 3
Sunderland 1 Fulham 0
Man United 2 Ipswich 1
Aston Villa 0 Arsenal 2"
UgwSP1UthsoNv41fF414AaABAg,ZyUd-47fRT8,@Lamppost447,http://www.youtube.com/@Lamppost447,2026-08-28T18:39:29Z,2026-08-28T18:39:29Z,False,0,"Palace 1-3 city 
Liverpool 1-1 Forest 
Coventry 1-3 hull
Bourmouth 2-1 Everton 
Spurs 2-1 Newcastle 
Chelsea 3-1 Brighton 
Leeds 2-3 Brentford 
Sounderland 0-1 Fulham 
Man United 0-3 Ipswich 
Villa 1-4 arsenal"
UgwC5ReNtzK5IIHBBK54AaABAg,ZyUd-47fRT8,@Lilleh__,http://www.youtube.com/@Lilleh__,2026-08-28T18:37:53Z,2026-08-28T18:37:53Z,False,0,"Crystal Palace 1 Man City 2
Liverpool 2 Forest 0
Bournemouth 1 Everton 0
Coventry 2 Hull 0
Tottenham 2 Newcastle 2
Chelsea 3 Brighton 1
Leeds 1 Brentford 2
Sunderland 1 Fulham 0
Man United 2 Ipswich 0
Aston Villa 0 Arsenal 2"
Ugx61jiVKbo9EOtirxd4AaABAg,ZyUd-47fRT8,@Vlad-ob2up,http://www.youtube.com/@Vlad-ob2up,2026-08-28T18:37:02Z,2026-08-28T18:37:02Z,False,0,"Crystal Palace 0 Man City 2
Liverpool 3 Nottingham Forest 1
Bournemouth 1 Everton 1
Coventry 2 Hull 1
Spurs 2 Newcastle 1
Chelsea 1 Brighton 2
Leeds 0 Brentford 2
Sunderland 1 Fulham 1
Man Utd 1 Ipswich 2
Aston Villa 0 Arsenal 3"
Ugx3NgjFqOipjbBRzQR4AaABAg,ZyUd-47fRT8,@zavock,http://www.youtube.com/@zavock,2026-08-28T18:36:01Z,2026-08-28T18:36:01Z,False,0,"Crystal Palace 1 Man City 3
Liverpool 1 Nottingham Forest 1
Bournemouth 0 Everton 1
Coventry 2 Hull 2
Tottenham 1 Newcastle 3
Chelsea 3 Brighton 3
Leeds 3 Brentford 3
Sunderland 1 Fulham 0
Man United 2 Ipswich 2
Aston Villa 0 Arsenal 4"
Ugz5S_TyaW6Q5C1hT7d4AaABAg,ZyUd-47fRT8,@theinformer499,http://www.youtube.com/@theinformer499,2026-08-28T18:35:50Z,2026-08-28T18:35:50Z,False,1,"Crystal Palace V Man City 1:1
Liverpool V Forest 2:1
Bournemouth v Everton 2:2
Coventry v Hull 0:1
Spurs v Newcastle 0:1
Chelsea vs Brighton 1:1
Sunderland V Fulham 2:1
Leeds v Brentford 0:2
Man U vs Ipswich 1:0
Villa vs Arsenal 0:2"
Ugzbsvq_OzGOkjsMrDt4AaABAg,ZyUd-47fRT8,@samuelife1,http://www.youtube.com/@samuelife1,2026-08-28T18:35:40Z,2026-08-28T18:35:40Z,False,0,"Crystal Palace V Man City 1:1
Liverpool V Forest 2:0
Bournemouth v Everton 2:1
Coventry v Hull 2:2
Spurs v Newcastle 1:2
Chelsea vs Brighton 3:0
Sunderland V Fulham 0:1
Leeds v Brentford 0:2
Man U vs Ipswich 2:1
Villa vs Arsenal 1:3"
Ugzp6NRRVFu_3yW1w_N4AaABAg,ZyUd-47fRT8,@lucozadelover8186,http://www.youtube.com/@lucozadelover8186,2026-08-28T18:35:26Z,2026-08-28T18:35:26Z,False,0,"Crystal Palace 1:2 Manchester City
Liverpool 2:1 Forest
Bournemouth 1:1 Everton
Coventry 2:0 Hull
Tottenham 2:2 Newcastle
Chelsea 2:2 Brighton
Leeds 0:2 Brentford
Sunderland 1:2 Fulham
Man United 3:0 Ipswich
Aston Villa 0:3 Arsenal"
UgxD2qACnx7TxZfAbNJ4AaABAg,ZyUd-47fRT8,@jacobdean6989,http://www.youtube.com/@jacobdean6989,2026-08-28T18:35:16Z,2026-08-28T18:35:16Z,False,0,"Crystal Palace 1 Man City 2
Liverpool 1 Nottingham Forest 2
Bournemouth 2 Everton 0
Coventry 1 Hull 3
Tottenham 1 Newcastle 2
Chelsea 3 Brighton 2
Sunderland 1 Fulham 1
Leeds 0 Brentford 0
Man United 4 Ipswich 0
Aston Villa 0 Arsenal 3"
UgyG8B_rw5i16T1BhEN4AaABAg,ZyUd-47fRT8,@natgames2207,http://www.youtube.com/@natgames2207,2026-08-28T18:35:04Z,2026-08-28T18:35:04Z,False,0,"Predictions GM 2
Palace vs City 2-1
Liverpool vs Nottingham Forest 3-2
Bournemouth vs Everton 2-0 
Coventry vs hull 1-1
Totenham vs Newcastle- 2-1
Chelsea vs Brighton- 3-0
Leeds vs Brentford-1-3
Sunderland vs fullham -1-1
Man utd vs Ipswich-3-1
Aston villa vs arsenal-2-4"
UgxD3kFpmXy_nrwnIWJ4AaABAg,ZyUd-47fRT8,@cameronsmith5233,http://www.youtube.com/@cameronsmith5233,2026-08-28T18:34:53Z,2026-08-28T18:34:53Z,False,0,"Crystal Palace vs Man City 0-2
Liverpool vs Nottingham Forest 3-1
Bournemouth vs Everton 2-1
Coventry vs Hull 2-0
Spurs vs Newcastle 2-2
Chelsea vs Brighton 3-1
Sunderland vs Fulham 3-2
Leeds vs Brentford 1-0
Manchester United vs Ipswich 3-0
Aston Villa vs Arsenal 0-3"
UgxrkLblpvtriIRGvUt4AaABAg,ZyUd-47fRT8,@dressrosaRMFC,http://www.youtube.com/@dressrosaRMFC,2026-08-28T18:33:50Z,2026-08-28T18:33:50Z,False,0,"Gameweek 2 predictions 

Crystal Palace 1 Man City 3
Liverpool 2 Forest 1
Bournemouth 2 Everton 1
Coventry 2 Hull 0
Tottenham 1 Newcastle 2
Chelsea 4 Brighton 2
Leeds 3 Brentford 3
Sunderland 0 Fulham 2
Man Utd 2 Ipswich 1
Aston Villa 0 Arsenal 3"
UgyVG7Zse9jWYNC52fZ4AaABAg,ZyUd-47fRT8,@VeinyLad,http://www.youtube.com/@VeinyLad,2026-08-28T18:33:43Z,2026-08-28T18:33:43Z,False,1,"Gw2 predictions:

Crystal Palace 1 Man city 3
Liverpool 1 Nottingham Forest 1
Coventry 2 Hull city 2
Bournemouth 2 Everton 1
Tottenham 2 Newcastle 0
Leeds 2 Brentford 0
Chelsea 1 Brighton 1
Man Utd 2 Ipswich 1
Sunderland 0 Fulham 0
Aston Villa 0 Arsenal 2"
UgzGWfW5VIYMcy9ZCaF4AaABAg,ZyUd-47fRT8,@Everything-LiverpoolFC,http://www.youtube.com/@Everything-LiverpoolFC,2026-08-28T18:33:30Z,2026-08-28T18:33:30Z,False,0,"Palace 0-2 city
Liverpool 3-1 forest
Bournemouth 2-2 Everton 
Coventry 1-1 hull
Spurs 1-2 Newcastle 
Chelsea 3-2 Brighton
Sunderland 1-2 Fulham
Leeds 0-1 Brentford 
Man United 2-1 Ipswich 
Villa 1-4 Arsenal"
Ugxd-vu7Gc3XSNNpI-J4AaABAg,ZyUd-47fRT8,@Prinshu1996,http://www.youtube.com/@Prinshu1996,2026-08-28T18:33:21Z,2026-08-28T18:33:21Z,False,0,"Crystal Palace vs Man City 0:3
Liverpool vs Nottingham Forest 3:1
Bournemouth vs Everton 1:0
Coventry City vs Hull City 1:3
Spurs vs Newcastle 2:1
Chelsea vs Brighton 1:1
Sunderland vs Fulham 1:0
Leeds vs Brentford 1:3
Manchester United vs Ipswich 1:1
Aston villa vs Arsenal 0:2"
UgwoUbit6AfShWYrisx4AaABAg,ZyUd-47fRT8,@raghavplayz874,http://www.youtube.com/@raghavplayz874,2026-08-28T18:32:56Z,2026-08-28T18:32:56Z,False,0,"Crystal Palace v Man City 1:3
Liverpool v Forest 3:2
Bournemouth v Everton 2:2
Coventry v Hull 1:2
Spurs v Newcastle 1:1
Chelsea v Brighton 3:2
Sunderland v Fulham 0:0
Leeds v Brentford 2:1
Man Utd v Ipswich 2:1
Aston Villa v Arsenal 0:2"
UgzV0DOP98sp6t6m58l4AaABAg,ZyUd-47fRT8,@anthonyfernandez1192,http://www.youtube.com/@anthonyfernandez1192,2026-08-28T18:32:52Z,2026-08-28T18:32:52Z,False,3,"Palace 0 City 1
Liverpool 2 Forest 1
Bournemouth 1 Everton 1
Coventry 1 Hull 0
Spurs 1 Newcastle 2
Chelsea 2 Brighton 0
Man Utd 2 Ipswich 2
Villa 1 Arsenal 3"
UgxS0PtehNy0FMIercl4AaABAg,ZyUd-47fRT8,@reverseflashplays8615,http://www.youtube.com/@reverseflashplays8615,2026-08-28T18:32:50Z,2026-08-28T18:32:50Z,False,5,"Crystal Palace V Man City 1:2
Liverpool V Forest 1:1
Bournemouth v Everton 2:1
Coventry v Hull 0:0
Spurs v Newcastle 2:2
Chelsea vs Brighton 1:2
Sunderland V Fulham 1:1
Leeds v Brentford 0:0
Man U vs Ipswich 0:1
Villa vs Arsenal 3:1"
Ugw71Gpq7rcFoXg8Cot4AaABAg,ZyUd-47fRT8,@aryaman7907,http://www.youtube.com/@aryaman7907,2026-08-28T18:32:20Z,2026-08-28T18:32:20Z,False,0,"Crystal Palace 0-3 Man City
Liverpool 3-1 Forest
Bournemouth 0-0 Everton
Coventry City 2-1 Hull City 
Tottenham 2-1 Newcastle
Chelsea 4-2 Brighton
Leeds United 1-0 Brentford
Sunderland 1-0 Fulham
Man United 3-0 Ipswich Town
Aston Villa 1-3 Arsenal"
UgzLXvs8w831XVV3jOx4AaABAg,ZyUd-47fRT8,@kstktoochill,http://www.youtube.com/@kstktoochill,2026-08-28T18:32:07Z,2026-08-28T18:32:07Z,False,0,"Crystal Palace 1 Man City 2
Liverpool 3 Forest 1
Bournemouth 1 Everton 2
Coventry 2 Hull 1
Tottenham 2 Newcastle 1
Chelsea 2 Brighton 3
Leeds 1 Brentford 0
Sunderland 1 Fulham 2
Man United 3 Ipswich 1
Aston Villa 1 Arsenal 3"
UgxLqdIEHumgVfxhWrZ4AaABAg,ZyUd-47fRT8,@ScotchNCigar,http://www.youtube.com/@ScotchNCigar,2026-08-28T18:31:24Z,2026-08-28T18:31:24Z,False,0,"Crystal Palace v Man City 1:3
Liverpool v Forest 3:1
Bournemouth v Everton 1:2
Coventry v Hull 1:2
Spurs v Newcastle 1:2
Chelsea v Brighton 2:2
Sunderland v Fulham 1:2
Leeds v Brentford 1:1
Man Utd v Ipswich 2:0
Aston Villa v Arsenal 1:4"
UgzMLCEj0RVQAUuH0up4AaABAg,ZyUd-47fRT8,@TheDougOutFootballChannel,http://www.youtube.com/@TheDougOutFootballChannel,2026-08-28T18:31:23Z,2026-08-28T18:31:23Z,False,0,"Crystal Palace 0-2 Man City 
Liverpool 2-1 Nottingham Forest 
Bournemouth 2-2 Everton
Coventry 1-0 Hull
Spurs 4-2 Newcastle 
Chelsea 3-1 Brighton
Leeds 2-1 Brentford
Sunderland 2-0 Fulham 
Manchester United 3-2 Ipswich Town 
Aston Villa 0-2 Arsenal"
UgyB9rrX-0I-GiFMHo54AaABAg,ZyUd-47fRT8,@DJK0704,http://www.youtube.com/@DJK0704,2026-08-28T18:31:20Z,2026-08-28T18:31:20Z,False,0,"Crystal Palace 0-2 Man City
Liverpool 1-1 Nottingham Forest
Bournemouth 3-1 Everton
Coventry 0-0 Hull
Tottenham 1-2 Newcastle
Chelsea 3-0 Brighton 
Leeds 1-2 Brentford 
Sunderland 1-1 Fulham
Man Utd 4-0 Ipswich
Aston Villa 1-3 Arsenal"
UgyLNXqHsjMYtGqbmlh4AaABAg,ZyUd-47fRT8,@kieranquigg1370,http://www.youtube.com/@kieranquigg1370,2026-08-28T18:31:10Z,2026-08-28T18:31:10Z,False,0,"Crystal palace vs Man City 0:1
Liverpool vs forest 3:1
Coventry vs hull 0:1 
Spurs vs Newcastle 0:2 
Chelsea vs Brighton 4:1
Sunderland vs Fulham 2:1
Leeds vs Brentford 2:2
Manchester United vs Ipswich 1:1
Arsenal vs Aston Villa 3:1"
Ugx5l5Jw40rM6RlURQh4AaABAg,ZyUd-47fRT8,@rc_2520,http://www.youtube.com/@rc_2520,2026-08-28T18:31:09Z,2026-08-28T18:31:09Z,False,3,"Villa vs Arsenal has produced some great games since Emery became Villa's manager. Every game, apart from the Arsenal's 4-1 home win last season, really could have gone either way. But as usual, Villa have done their transfer business too late, and the players that would have caused Arsenal trouble won't be ready so Arsenal should win comfortably. I don't trust Villa's defence without Konsa, and every time he does his trademark going to ground after the slightest touch, I will hate it."
UgwUziQBAZQSJ604x0J4AaABAg,ZyUd-47fRT8,@rpe10538,http://www.youtube.com/@rpe10538,2026-08-28T18:30:46Z,2026-08-28T18:30:46Z,False,0,"Crystal Palace 0 Man City 2
Liverpool 4 Forest 0
Bournemouth 2 Everton 1
Coventry 2 Hull City 2
Tottenham 1 Newcastle 2
Chelsea 1 Brighton 1
Leeds 1 Brentford 1
Sunderland 2 Fulham 0
Man United 1 Ipswich 2
Aston Villa 1 Arsenal 3"
UgxRxCSBG0Zf7p8vnbx4AaABAg,ZyUd-47fRT8,@xRedman9999x,http://www.youtube.com/@xRedman9999x,2026-08-28T18:30:18Z,2026-08-28T18:30:18Z,False,0,"Gameweek 2 Predictions

Crystal Palace 0-1 Manchester City
Liverpool 3-0 Nottingham Forest
Bournemouth 3-2 Everton
Coventry City 1-2 Hull City
Tottenham 1-3 Newcastle
Chelsea 0-0 Brighton and Hove Albion
Leeds United 1-0 Brentford
Sunderland 2-1 Fulham
Manchester United 1-1 Ipswich Town
Aston Villa 1-3 Arsenal"
UgwPbNdrRWkPIthZN6p4AaABAg,ZyUd-47fRT8,@ryandarbyshire5046,http://www.youtube.com/@ryandarbyshire5046,2026-08-28T18:29:56Z,2026-08-28T18:29:56Z,False,0,"Crystal Palace 0 Man City 2 
Liverpool 1 Nottingham Forest 1 
Bournemouth 2 Everton 1 
Coventry City 1 Hull City 1 
Tottenham 1 Newcastle 2 
Chelsea 2 Brighton 2 
Leeds United 2 Brentford 3 
Sunderland 3 Fulham 0 
Man United 2 Ipswich Town 1 
Aston Villa 1 Arsenal 3"
UgyCnes3vcgh2e1wEzV4AaABAg,ZyUd-47fRT8,@Innndo,http://www.youtube.com/@Innndo,2026-08-28T18:29:55Z,2026-08-28T18:29:55Z,False,0,"Palace 0 Man City 2
Liverpool 2 Forest 1
Bournemouth 1 Everton 1
Coventry 0 Hull 1
Spurs 1 Newcastle 2
Chelsea 2 Brighton 2
Leeds 0 Brentford 2
Sunderland 3 Fulham 2
Man United 2 Ipswich 0
Aston Villa 0 Arsenal 2"
UgzuTf8SAuAM-Iolr0R4AaABAg,ZyUd-47fRT8,@neilmandimika6142,http://www.youtube.com/@neilmandimika6142,2026-08-28T18:29:43Z,2026-08-28T18:29:43Z,False,0,"crystal palace 1-2 city
Liverpool 2-2 forest 
Bournemouth 1-3 Everton
Coventry 0-2 Hull
Spurs 1-1 Newcastle
Chelsea 3-2 Brighton
Leeds 1-2 Brentford
Sunderland 2-0 Fulham
Man United 3-0 Ipswich
Villa 1-2 Arsenal"
UgzUCwVhB4KYRPeWVsV4AaABAg,ZyUd-47fRT8,@thefightsitememes,http://www.youtube.com/@thefightsitememes,2026-08-28T18:29:19Z,2026-08-28T18:29:19Z,False,0,"Gameweek 2 predictions:

Crystal Palace 1 Man City 2
Liverpool 3 Nottingham Forest 1
Everton 1 Bournemouth 1
Spurs 2 Newcastle 2
Chelsea 2 Brighton 1
Leeds 2 Brentford 1
Sunderland 0 Fulham 0
Man United 2 Ipswich 2
Aston Villa 1 Arsenal 2
Coventry 0 Hull 1"
UgzndLVhi41Kt6aM44V4AaABAg,ZyUd-47fRT8,@kaushaltank3305,http://www.youtube.com/@kaushaltank3305,2026-08-28T18:28:55Z,2026-08-28T18:28:55Z,False,0,"Crystal Palace v Man City 1:2
Liverpool v Forest 2:3
Bournemouth v Everton 2:2
Coventry v Hull 1:2
Spurs v Newcastle1:3
Chelsea v Brighton 3:2
Sunderland v Fulham 2:2
Leeds v Brentford 1:3
Man Utd v Ipswich 1:1
Aston Villa v Arsenal 0:3"
Ugw-NAsytANCZVB_-aN4AaABAg,ZyUd-47fRT8,@NZ_COYS_SPURS,http://www.youtube.com/@NZ_COYS_SPURS,2026-08-28T18:28:31Z,2026-08-28T18:28:31Z,False,0,"Crystal palace 1 Manchester city 3

Liverpool 3 Nottingham Forest 1

Bournemouth 2 Everton 1

Coventry city 1 Hull 2 

Spurs 2 Newcastle 1

Chelsea 3 Brighton 2

Leeds united 1 Brentford 2

Sunderland 2 Fulham 2

Manchester united 1 Ipswich town 1

Aston villa 0 Arsenal 3"
UgyZVEV4o_wh5gPn9794AaABAg,ZyUd-47fRT8,@cianmatthews3723,http://www.youtube.com/@cianmatthews3723,2026-08-28T18:28:10Z,2026-08-28T18:28:10Z,False,0,"Crystal Palace 0-1 Man City 
Liverpool 2-0 Nottingham Forest 
Bournemouth 0-1 Everton
Coventry 1-1 Hull 
Spurs 1-1 Newcastle 
Chelsea 2-1 Brighton 
Leeds 3-2 Brentford 
Sunderland 2-0 Fulham
Man united 2-0 Ipsiwch 
Aston Villa 0-2 Arsenal"
UgyV7zjGKbCBJlUpSht4AaABAg,ZyUd-47fRT8,@Porto5452,http://www.youtube.com/@Porto5452,2026-08-28T18:27:59Z,2026-08-28T18:27:59Z,False,0,"Palace 1-3 City, Liverpool 2-0 Nottingham, Bournemouth 2-1 Everton, Coventry 1-1 Hull, Tottenham 0-1 Newcastle, Chelsea 2-2 Brighton, Leeds 1-2 Brentford, Sunderland 2-3 Fulham, United 1-1 Ipswich, Villa 0-3 Arsenal"
UgyCN7Sa-IleqPPIeXl4AaABAg,ZyUd-47fRT8,@kevinnaves2277,http://www.youtube.com/@kevinnaves2277,2026-08-28T18:27:43Z,2026-08-28T18:27:43Z,False,0,"My predictions (fixed because i forgot Sunderland v Fulham in my now deleted comment):
Palace 0 Man City 2
Liverpool 2 Forest 1
Bournemouth 0 Everton 0
Coventry 2 Hull 1
Tottenham 0 Newcastle 2
Chelsea 2 Brighton 1
Sunderland 1 Fulham 1
Leeds 2 Brentford 1
Man United 1 Ipswich 1
Aston Villa 0 Arsenal 2"
UgyH70aoH-2_u_yw7CV4AaABAg,ZyUd-47fRT8,@leejohnmwadime3205,http://www.youtube.com/@leejohnmwadime3205,2026-08-28T18:27:39Z,2026-08-28T18:27:39Z,False,0,"Man City 4 Crystal Palace 0
Liverpool 1 Forest 1
Bournemouth 1 Everton 1
Coventry 1 Hull 2
Spurs 3 Newcastle 2
Chelsea 2 Brighton 2
Leeds 1 Brentford 1
Sunderland 2 Fulham 2
Man United 3 Ipswich 1
Arsenal 2 Aston Villa 1"
UgzyoP63Yw72w_gKkuV4AaABAg,ZyUd-47fRT8,@ZelZal98,http://www.youtube.com/@ZelZal98,2026-08-28T18:27:22Z,2026-08-28T18:27:22Z,False,0,"Crystal Palace v Man City 0:2
Liverpool v Forest 1:0
Bournemouth v Everton 1:0
Coventry v Hull 1:2
Spurs v Newcastle 1:1
Chelsea v Brighton 2:1
Sunderland v Fulham 2:0
Leeds v Brentford 2:1
Man Utd v Ipswich 0:0
Aston Villa v Arsenal 1:2"
UgyPlfXySQ5SZpyLcGJ4AaABAg,ZyUd-47fRT8,@zhelyazkopetkov8211,http://www.youtube.com/@zhelyazkopetkov8211,2026-08-28T18:27:13Z,2026-08-28T18:47:04Z,True,0,"GW2 predictions:     
Palace 1 Man City 1
Liverpool 2 Forest 1
Bournemouth 1 Everton 0
Coventry 1 Hull 2
Tottenham 1 Newcastle 2
Chelsea 2 Brighton 0
Sunderland 2 Fulham 1
Leeds 1 Brentford 1
Man United 1 Ipswich 0
Aston Villa 2 Arsenal 1
(Editing because I skipped Sunderland Fulham)"
Ugy-cP1r4cRXdBL2Kzp4AaABAg,ZyUd-47fRT8,@cameronweston4872,http://www.youtube.com/@cameronweston4872,2026-08-28T18:27:06Z,2026-08-28T18:27:06Z,False,0,"Crystal Palace 0 Manchester City 2

Liverpool 2 Nottingham Forest 0

Bournemouth 1 Everton 1

Coventry City 1 Hull City 1

Tottenham Hotspur 2 Newcastle United 1

Chelsea 2 Brighton & Hove Albion 1

Leeds United 1 Brentford 1

Sunderland 1 Fulham 1

Manchester United 2 Ipswich Town 1

Aston Villa 0 Arsenal 2"
UgztA0qGZKx7A4gbMN14AaABAg,ZyUd-47fRT8,@billystack2031,http://www.youtube.com/@billystack2031,2026-08-28T18:26:57Z,2026-08-28T18:26:57Z,False,0,"Crystal Palace 0 Manchester City 3
Liverpool 2 Nottingham Forest 1
Bournemouth 1 Everton 1
Coventry 0 Hull 1
Tottenham 0 Newcastle 5
Chelsea 4 Brighton 3
Leeds 1 Brentford 1
Sunderland 1 Fulham 2
Manchester United 2 Ipswich 1
Aston Villa 0 Arsenal 3"
Ugzb0sIgv2lU78Rh_w54AaABAg,ZyUd-47fRT8,@Innndo,http://www.youtube.com/@Innndo,2026-08-28T18:26:25Z,2026-08-28T18:26:25Z,False,67,Day 2 of Reminding Susan he has to go to the fields of Baku in Azerbaijan
UgyGiD_MoaSNXoSNeT14AaABAg,ZyUd-47fRT8,@daynerichards5292,http://www.youtube.com/@daynerichards5292,2026-08-28T18:26:24Z,2026-08-28T18:26:24Z,False,0,"Crystal Palace v Man City 2:4
Liverpool v Forest 2:0
Bournemouth v Everton 2-1
Coventry v Hull 1:0
Spurs v Newcastle 2:2
Chelsea v Brighton 3:1
Sunderland v Fulham 2:1
Leeds v Brentford 2:1
Man Utd v Ipswich 3-1
Aston Villa v Arsenal 0:4"
UgxkZCfBcQfkIMrgmwp4AaABAg,ZyUd-47fRT8,@28thJanuary2o17,http://www.youtube.com/@28thJanuary2o17,2026-08-28T18:26:22Z,2026-08-28T18:26:22Z,False,0,"Crystal Palace 0-1 Man City 
Liverpool 0-4 Notts Forest
Bournemouth 2-1 Everton
Coventry 2-0 Hull City
Spurs 2-3 Newcastle
Chelsea 2-4 Brighton
Leeds 0-1 Brentford
Sunderland 1-1 Fulham
Man Utd 2-3 Ipswich
Aston Villa 0-6 Arsenal"
UgzGjFUOLQd3Y5XWsRR4AaABAg,ZyUd-47fRT8,@BenjaminLass,http://www.youtube.com/@BenjaminLass,2026-08-28T18:26:03Z,2026-08-28T18:26:03Z,False,1,"My Predictions:

Palace 1-3 City
Liverpool 3-2 Forest
Bournemouth 3-0 Everton
Coventry 0-1 Hull
Spurs 2-1 Newcastle 
Chelsea 2-2 Brighton
Leeds 1-1 Brentford
Sunderland 1-1 Fulham
Man U 2-0 Ispwich 
Aston Villa 0-3 Arsenal"
UgwwtDlqU7bQNNTWhWl4AaABAg,ZyUd-47fRT8,@tododuralde,http://www.youtube.com/@tododuralde,2026-08-28T18:25:53Z,2026-08-28T18:25:53Z,False,0,"City 2 crystal palace 2
Liverpool 1 Nottingham forest 0
Hull 0 Coventry 0
Bournemouth 1 Everton 2
Newcastle 2 Tottenham 0
Chelsea 3 Brighton 1
Leeds 1 Brentford 1
Sunderland 2 Fulham 2
Man United 1 Ipswich 0
Arsenal 2 Aston villa 1"
UgyXzYz7o23phi3N_Xl4AaABAg,ZyUd-47fRT8,@jonathanbnice6816,http://www.youtube.com/@jonathanbnice6816,2026-08-28T18:25:24Z,2026-08-28T18:25:24Z,False,0,"Crystal Palace v Man City 0:2
Liverpool v Forest 2:1
Bournemouth v Everton 1:1
Coventry v Hull 1:1
Spurs v Newcastle 1:0
Chelsea v Brighton 3:3
Sunderland v Fulham 2:1
Leeds v Brentford 1:2
Man Utd v Ipswich 2:0
Aston Villa v Arsenal 1:2"
UgxBO055TpB661khtth4AaABAg,ZyUd-47fRT8,@richardparker9556,http://www.youtube.com/@richardparker9556,2026-08-28T18:25:21Z,2026-08-28T18:25:21Z,False,0,"Crystal Palace 1 Man City 2
Liverpool 2 Nottingham Forest 0
Coventry 0 Hull 0
Bournemouth 1 Everton 1
Tottenham 2 Newcastle 2
Leeds 1 Brentford 2
Chelsea 1 Brighton 1
Man United 3 Ipswich 0
Sunderland 1 Fulham 0
Aston Villa 0 Arsenal 2"
UgwRAHdndS1NiP1vpGR4AaABAg,ZyUd-47fRT8,@EuanHaldane,http://www.youtube.com/@EuanHaldane,2026-08-28T18:25:06Z,2026-08-28T18:25:06Z,False,0,"My gameweek 2 predictions 
Palace 2 - Man City 2
Liverpool 1 - Forest 0
Bournemouth 2 Everton 2
Coventry 1 Hull 2
Spurs 0 Newcastle 2
Chelsea 3 Brighton 2
Leeds 0 Brentford 1
Sunderland 0 Fulham 2
Man Utd 2 Ipswich 1
Villa 0 Arsenal 2"
Ugxr8piubuHgSThYrhV4AaABAg,ZyUd-47fRT8,@spongeguybridankia8735,http://www.youtube.com/@spongeguybridankia8735,2026-08-28T18:25:03Z,2026-08-28T18:25:03Z,False,0,"Crystal Palace 2 Man City 2
Liverpool 2 Nottingham Forest 1
Bournemouth 1 Everton 1
Coventry 1 Hull 2
Tottenham 1 Newcastle 2
Chelsea 2 Brighton 3
Leeds 1 Brentford 1
Sunderland 2 Fulham 1
Man United 2 Ipswich 1
Aston Villa 1 Arsenal 3"
Ugy687hmfIk0Z03S9w94AaABAg,ZyUd-47fRT8,@hopjoshkins,http://www.youtube.com/@hopjoshkins,2026-08-28T18:24:46Z,2026-08-28T18:24:46Z,False,0,"My premier league predictions for match week 2 are
Palace 1-2 Man City
Liverpool 2-2 Nottingham Forest
Coventry 3-1 Hull
Bournemouth 1-2 Everton
Spurs 1-2 Newcastle
Chelsea 3-0 Brighton 
Leeds 2-2 Brentford
Fulham 0-0 Sunderland
Man Utd 1-0 Ipswich
Aston Villa 0-4 Arsenal"
UgzRdEQIIERErFhM9Hd4AaABAg,ZyUd-47fRT8,@coveisyes,http://www.youtube.com/@coveisyes,2026-08-28T18:24:03Z,2026-08-28T18:24:03Z,False,0,"lets see if i can actually predict this week
palace 1-2 man city
liverpool 2-0 forest
Coventry 1-0 Hull
Bournemouth 0-1 Everton
Spurs 2-1 Newcastle
Leeds 1-1 Brentford
Chelsea 0-1 Brighton
Man Utd 3-0 Ipswich
Sunderland 1-1 Fulham
Villa 0-4 Arsenal"
Ugy4DD6p42iz7pfkqnR4AaABAg,ZyUd-47fRT8,@patkovicosman6956,http://www.youtube.com/@patkovicosman6956,2026-08-28T18:23:19Z,2026-08-28T18:23:19Z,False,0,"My prediction for GW2
Crystal Palace-Man City 0-2
Liverpool-Nottingham Forrest 3-2
Bournemouth-Everton 1-2
Coventry-Hull 1-1
Tottenham-Newcastle 1-2
Chelsea-Brighton 3-0
Leeds-Brentford 1-0
Sunderland-Fulham 2-1
Man Utd-Ipswich 2-1
Aston Villa-Arsenal 0-2"
UgxxBuhRCSJKKZpoRiR4AaABAg,ZyUd-47fRT8,@HectorGarcia-wr9sc,http://www.youtube.com/@HectorGarcia-wr9sc,2026-08-28T18:23:01Z,2026-08-28T18:23:01Z,False,0,"Gameweek 2

Crystal palace 1 man city 1
Liverpool 2 forest 0
Coventry 1 hull 1
Bournemouth 2 Everton 1
Tottenham 1 Newcastle 0
Leeds 0 Brentford 2
Man utd 3 Ipswich 1
Aston villa 0 Arsenal 2"
UgzNv26e87AW9QIIqTN4AaABAg,ZyUd-47fRT8,@rogersmith9535,http://www.youtube.com/@rogersmith9535,2026-08-28T18:21:38Z,2026-08-28T18:21:38Z,False,0,"Crystal Palace v Man City 2:2
Liverpool v Forest 3:1
Bournemouth v Everton 2:1
Coventry v Hull 1:1
Spurs v Newcastle 1:3
Chelsea v Brighton 3:2
Sunderland v Fulham 0:1
Leeds v Brentford 2:2
Man Utd v Ipswich 2:1
Aston Villa v Arsenal 0:2"
Ugy98pnKH4BCfJqov614AaABAg,ZyUd-47fRT8,@ghjn5640,http://www.youtube.com/@ghjn5640,2026-08-28T18:21:37Z,2026-08-28T18:21:37Z,False,0,"Crystal Palace 1-2 Manchester City
Liverpool 2-1 Nottingham Forest
Bournemouth 2-0 Everton
Coventry City 1-0 Hull City
Tottenham Hotspur 3-3 Newcastle United
Chelsea 3-2 Brighton & Hove Albion
Leeds United 1-1 Brentford
Sunderland 1-1 Fulham
Manchester United 2-1 Ipswich Town
Aston Villa 1-2 Arsenal"
UgycN9j-UMIduLiK22p4AaABAg,ZyUd-47fRT8,@andyw8025,http://www.youtube.com/@andyw8025,2026-08-28T18:21:23Z,2026-08-28T18:21:23Z,False,0,"Crystal Palace 0-0 Man City 
Liverpool 2-0 Forest 
Bournemouth 3-1 Everton
Coventry City 2-1 Hull City
Tottenham 1-0 Newcastle 
Chelsea 3-2 Brighton 
Leeds United 1-1 Brentford 
Sunderland 1-0 Fulham 
Man United 4-0 Ipswich Town 
Aston Villa 1-3 Arsenal"
Ugxi699UoZ-StieeTyt4AaABAg,ZyUd-47fRT8,@ConnorPenfold,http://www.youtube.com/@ConnorPenfold,2026-08-28T18:21:22Z,2026-08-28T18:21:22Z,False,1,Enjoy your time in Sunderland this week
UgzdVgpDqzOfprZt0td4AaABAg,ZyUd-47fRT8,@ConnorPenfold,http://www.youtube.com/@ConnorPenfold,2026-08-28T18:20:04Z,2026-08-28T18:20:04Z,False,0,"My Gameweek 2 Predictions:

Crystal Palace 1 Manchester City 2
Coventry City 1 Hull City 1
Liverpool 2 Nottingham Forest 0
Bournemouth 1 Everton 1
Tottenham Hotspur 2 Newcastle United 2
Sunderland 2 Fulham 1
Chelsea 2 Brighton 1
Manchester United 2 Ipswich Town 1
Leeds United 1 Brentford 1
Aston Villa 1 Arsenal 2"
Ugw2pcgG1evqBmqbMAR4AaABAg,ZyUd-47fRT8,@Darko_Milosevski03,http://www.youtube.com/@Darko_Milosevski03,2026-08-28T18:19:45Z,2026-08-28T18:19:45Z,False,1,"My predictions for Gameweek 2

Crystal Palace 0 Man City 2
Liverpool 1 Nottingham Forest 0
Coventry 0 Hull 1
Bournemouth 2 Everton 1
Tottenham 2 Newcastle 2
Leeds 2 Brentford 1
Chelsea 2 Brighton 1
Man Utd 2 Ipswich 1
Sunderland 0 Fulham 0
Aston Villa 0 Arsenal 3"
Ugw8m5uaLNDy_WvIXi14AaABAg,ZyUd-47fRT8,@thegeordieview9215,http://www.youtube.com/@thegeordieview9215,2026-08-28T18:19:10Z,2026-08-28T18:19:10Z,False,0,"My predictions:
Crystal Palace 1 Man City 2
Liverpool 3 Nottingham Forest 1
Bournemouth 2 Everton 1
Coventry 2 Hull 1
Tottenham 2 Newcastle 2
Chelsea 3 Brighton 2
Leeds 3 Brentford 2
Sunderland 2 Fulham 1
Man Utd 3 Ipswich 1
Aston Villa 1 Arsenal 2"
Ugz3m6U_CY-lo0PblPd4AaABAg,ZyUd-47fRT8,@rmc7367,http://www.youtube.com/@rmc7367,2026-08-28T18:18:52Z,2026-08-28T18:18:52Z,False,30,The possibility of Alfie on Irish Guy's channel is the most exciting thing on YouTube nowadays
Ugyj4igAzDVIGktJeUZ4AaABAg,ZyUd-47fRT8,@ConnorPenfold,http://www.youtube.com/@ConnorPenfold,2026-08-28T18:16:52Z,2026-08-28T18:16:52Z,False,75,Uploaded 44 minutes before kickoff
