Comment_ID,Author,Channel_URL,Published_At,Is_Edited,Status,Matches_Predicted,Exact_Scores (3pts),Outcome_Scores (1pt),Total_GW_Points,Aston Villa vs Nottingham Forest_Pred,Aston Villa vs Nottingham Forest_Actual,Aston Villa vs Nottingham Forest_Pts,AFC Bournemouth vs Brentford_Pred,AFC Bournemouth vs Brentford_Actual,AFC Bournemouth vs Brentford_Pts,Chelsea vs Hull City_Pred,Chelsea vs Hull City_Actual,Chelsea vs Hull City_Pts,Crystal Palace vs Ipswich Town_Pred,Crystal Palace vs Ipswich Town_Actual,Crystal Palace vs Ipswich Town_Pts,Liverpool vs Fulham_Pred,Liverpool vs Fulham_Actual,Liverpool vs Fulham_Pts,Tottenham Hotspur vs Everton_Pred,Tottenham Hotspur vs Everton_Actual,Tottenham Hotspur vs Everton_Pts,Sunderland vs Arsenal_Pred,Sunderland vs Arsenal_Actual,Sunderland vs Arsenal_Pts,Coventry City vs Brighton & Hove Albion_Pred,Coventry City vs Brighton & Hove Albion_Actual,Coventry City vs Brighton & Hove Albion_Pts,Manchester United vs Manchester City_Pred,Manchester United vs Manchester City_Actual,Manchester United vs Manchester City_Pts,Leeds United vs Newcastle United_Pred,Leeds United vs Newcastle United_Actual,Leeds United vs Newcastle United_Pts
Ugysddpzx3XLIETUAEF4AaABAg,@FPL-JOSH,http://www.youtube.com/@FPL-JOSH,2026-09-11T22:00:21Z,False,Valid,10,0,0,0,3-1,TBD,0,2-3,TBD,0,4-1,TBD,0,0-1,TBD,0,4-0,TBD,0,1-2,TBD,0,0-2,TBD,0,1-3,TBD,0,3-2,TBD,0,1-2,TBD,0
UgzLMa1DCLuSdEKxdTt4AaABAg,@sagunsigdel5353,http://www.youtube.com/@sagunsigdel5353,2026-09-11T21:25:44Z,False,Valid,10,0,0,0,2-1,TBD,0,1-3,TBD,0,3-1,TBD,0,2-0,TBD,0,3-1,TBD,0,1-0,TBD,0,0-2,TBD,0,1-3,TBD,0,1-5,TBD,0,0-2,TBD,0
UgzsEWrdYA24hCSxKsR4AaABAg,@sjdbdkoswq,http://www.youtube.com/@sjdbdkoswq,2026-09-11T21:14:57Z,False,Valid,10,0,0,0,2-1,TBD,0,1-2,TBD,0,2-0,TBD,0,1-0,TBD,0,3-1,TBD,0,1-2,TBD,0,0-2,TBD,0,0-4,TBD,0,2-1,TBD,0,1-2,TBD,0
UgyqA9TP9EtA_McvKJB4AaABAg,@ianbazuin2714,http://www.youtube.com/@ianbazuin2714,2026-09-11T20:52:39Z,False,Valid,7,0,0,0,2-2,TBD,0,N/A,TBD,0,3-1,TBD,0,1-0,TBD,0,3-0,TBD,0,0-2,TBD,0,1-3,TBD,0,N/A,TBD,0,2-3,TBD,0,N/A,TBD,0
UgyzXXRwOSorTUjDord4AaABAg,@elliotking4807,http://www.youtube.com/@elliotking4807,2026-09-11T20:47:26Z,False,Valid,3,0,0,0,N/A,TBD,0,N/A,TBD,0,4-1,TBD,0,N/A,TBD,0,N/A,TBD,0,N/A,TBD,0,N/A,TBD,0,N/A,TBD,0,2-3,TBD,0,1-1,TBD,0
UgyM7BNoVc0nWKnlHd54AaABAg,@ianbazuin2714,http://www.youtube.com/@ianbazuin2714,2026-09-11T20:40:18Z,False,Valid,2,0,0,0,2-2,TBD,0,N/A,TBD,0,3-2,TBD,0,N/A,TBD,0,N/A,TBD,0,N/A,TBD,0,N/A,TBD,0,N/A,TBD,0,N/A,TBD,0,N/A,TBD,0
UgzOYDEuMgy7GVmwEkN4AaABAg,@JuniorG107,http://www.youtube.com/@JuniorG107,2026-09-11T20:26:46Z,False,Valid,9,0,0,0,1-1,TBD,0,2-2,TBD,0,4-0,TBD,0,2-1,TBD,0,3-1,TBD,0,1-1,TBD,0,0-2,TBD,0,N/A,TBD,0,2-1,TBD,0,1-0,TBD,0
UgzIQJDJxT0U_CrT0_h4AaABAg,@TuckerTalked,http://www.youtube.com/@TuckerTalked,2026-09-11T20:22:26Z,False,Valid,10,0,0,0,2-1,TBD,0,1-3,TBD,0,1-0,TBD,0,0-0,TBD,0,3-2,TBD,0,1-1,TBD,0,0-1,TBD,0,0-3,TBD,0,1-3,TBD,0,0-0,TBD,0
UgzN6xAYA1FXdratZ_F4AaABAg,@suhelsiddiqui475,http://www.youtube.com/@suhelsiddiqui475,2026-09-11T20:14:24Z,False,Valid,10,0,0,0,1-1,TBD,0,0-2,TBD,0,4-1,TBD,0,2-1,TBD,0,4-1,TBD,0,2-0,TBD,0,0-2,TBD,0,1-2,TBD,0,1-1,TBD,0,2-0,TBD,0
UgyqRkvSN48tfWxhgPt4AaABAg,@Bamsi-tl4nk,http://www.youtube.com/@Bamsi-tl4nk,2026-09-11T19:42:28Z,False,Valid,10,0,0,0,1-2,TBD,0,2-2,TBD,0,3-0,TBD,0,2-2,TBD,0,3-1,TBD,0,1-2,TBD,0,0-2,TBD,0,0-3,TBD,0,1-4,TBD,0,2-1,TBD,0
Ugzu2BbrTGUAa5mrWPV4AaABAg,@wwerr16,http://www.youtube.com/@wwerr16,2026-09-11T19:14:03Z,False,Valid,9,0,0,0,2-0,TBD,0,0-2,TBD,0,0-1,TBD,0,0-1,TBD,0,0-1,TBD,0,2-0,TBD,0,0-1,TBD,0,2-3,TBD,0,N/A,TBD,0,2-0,TBD,0
UgzTIbqIi4yOmawuk-B4AaABAg,@r4romil,http://www.youtube.com/@r4romil,2026-09-11T19:05:06Z,False,Valid,10,0,0,0,1-1,TBD,0,1-0,TBD,0,0-0,TBD,0,1-2,TBD,0,1-1,TBD,0,2-1,TBD,0,1-1,TBD,0,0-2,TBD,0,2-1,TBD,0,2-1,TBD,0
Ugzeq5jXInshtvPVhOR4AaABAg,@al-aminoladiipo1044,http://www.youtube.com/@al-aminoladiipo1044,2026-09-11T19:04:07Z,False,Valid,10,0,0,0,1-1,TBD,0,1-2,TBD,0,3-0,TBD,0,2-0,TBD,0,2-1,TBD,0,1-1,TBD,0,0-2,TBD,0,0-2,TBD,0,1-2,TBD,0,1-2,TBD,0
UgzkzH5dnK9kmpEu8yN4AaABAg,@VeinyLad,http://www.youtube.com/@VeinyLad,2026-09-11T19:02:47Z,False,Valid,10,0,0,0,1-1,TBD,0,2-1,TBD,0,2-0,TBD,0,1-2,TBD,0,3-1,TBD,0,1-1,TBD,0,0-1,TBD,0,2-2,TBD,0,2-3,TBD,0,2-0,TBD,0
Ugw4MaH7bS_ZZvKWfGN4AaABAg,@Superpikmin64,http://www.youtube.com/@Superpikmin64,2026-09-11T18:50:21Z,False,Valid,10,0,0,0,0-0,TBD,0,1-2,TBD,0,1-1,TBD,0,2-0,TBD,0,2-0,TBD,0,0-1,TBD,0,2-2,TBD,0,1-2,TBD,0,0-3,TBD,0,3-1,TBD,0
UgzfqPdWSr-wrb7qnKl4AaABAg,@21riki97,http://www.youtube.com/@21riki97,2026-09-11T18:47:10Z,False,Valid,10,0,0,0,2-1,TBD,0,1-2,TBD,0,2-0,TBD,0,3-0,TBD,0,2-1,TBD,0,0-0,TBD,0,0-1,TBD,0,0-3,TBD,0,1-0,TBD,0,2-2,TBD,0
UgysTlHNdlBnOjjPB7V4AaABAg,@hawaadeyeye9930,http://www.youtube.com/@hawaadeyeye9930,2026-09-11T18:45:00Z,False,Valid,10,0,0,0,0-1,TBD,0,2-1,TBD,0,3-1,TBD,0,1-2,TBD,0,2-0,TBD,0,0-2,TBD,0,0-2,TBD,0,0-2,TBD,0,2-3,TBD,0,2-1,TBD,0
UgwPy4ZNPVaIfiokHeR4AaABAg,@sophiacoates-jones450,http://www.youtube.com/@sophiacoates-jones450,2026-09-11T18:42:47Z,False,Valid,10,0,0,0,1-0,TBD,0,2-2,TBD,0,3-1,TBD,0,2-0,TBD,0,2-1,TBD,0,2-1,TBD,0,0-3,TBD,0,0-1,TBD,0,1-2,TBD,0,1-1,TBD,0
Ugxha9eHmJFALMCoMqp4AaABAg,@ghjn5640,http://www.youtube.com/@ghjn5640,2026-09-11T18:41:29Z,False,Valid,10,0,0,0,1-0,TBD,0,2-1,TBD,0,2-1,TBD,0,2-2,TBD,0,3-2,TBD,0,1-1,TBD,0,0-1,TBD,0,1-2,TBD,0,2-2,TBD,0,2-1,TBD,0
UgzxSPVVQZdLEY9UFUh4AaABAg,@ajdinheric2116,http://www.youtube.com/@ajdinheric2116,2026-09-11T18:36:25Z,False,Valid,10,0,0,0,2-1,TBD,0,1-2,TBD,0,2-0,TBD,0,1-0,TBD,0,3-0,TBD,0,3-2,TBD,0,1-2,TBD,0,0-3,TBD,0,1-3,TBD,0,4-3,TBD,0
UgxBgMu6WtbYlGlNimF4AaABAg,@IAmRonny,http://www.youtube.com/@IAmRonny,2026-09-11T18:29:22Z,False,Valid,10,0,0,0,2-0,TBD,0,1-3,TBD,0,3-1,TBD,0,1-0,TBD,0,2-1,TBD,0,1-1,TBD,0,0-2,TBD,0,1-2,TBD,0,2-1,TBD,0,1-1,TBD,0
UgzTneEGZTihpVcrcdB4AaABAg,@maximec4942,http://www.youtube.com/@maximec4942,2026-09-11T18:20:53Z,False,Valid,10,0,0,0,2-1,TBD,0,1-2,TBD,0,2-0,TBD,0,1-0,TBD,0,3-2,TBD,0,1-1,TBD,0,0-0,TBD,0,1-3,TBD,0,1-2,TBD,0,1-1,TBD,0
UgzOiVwab9sS-cMEW414AaABAg,@ZeezOfAfrica,http://www.youtube.com/@ZeezOfAfrica,2026-09-11T18:06:32Z,False,Valid,10,0,0,0,1-2,TBD,0,2-1,TBD,0,5-1,TBD,0,3-0,TBD,0,4-1,TBD,0,2-2,TBD,0,1-2,TBD,0,1-3,TBD,0,2-1,TBD,0,2-2,TBD,0
Ugx1H82F0vjTQmloDIx4AaABAg,@salvadormartinez1224,http://www.youtube.com/@salvadormartinez1224,2026-09-11T17:59:47Z,False,Valid,10,0,0,0,1-1,TBD,0,1-2,TBD,0,3-1,TBD,0,2-1,TBD,0,3-0,TBD,0,1-1,TBD,0,0-2,TBD,0,1-2,TBD,0,1-2,TBD,0,1-1,TBD,0
UgyXEfPyKxTWL4l_vKN4AaABAg,@younglilpappy,http://www.youtube.com/@younglilpappy,2026-09-11T17:49:39Z,False,Valid,8,0,0,0,3-2,TBD,0,2-1,TBD,0,4-2,TBD,0,2-2,TBD,0,N/A,TBD,0,N/A,TBD,0,1-3,TBD,0,1-1,TBD,0,2-1,TBD,0,2-2,TBD,0
UgxDWymHKREq4zZvtJ54AaABAg,@aravind3320,http://www.youtube.com/@aravind3320,2026-09-11T17:30:15Z,False,Valid,10,0,0,0,1-2,TBD,0,2-2,TBD,0,4-1,TBD,0,1-0,TBD,0,3-1,TBD,0,0-1,TBD,0,0-2,TBD,0,1-3,TBD,0,2-2,TBD,0,1-2,TBD,0
UgyoUsB9nKvHxAqtjbV4AaABAg,@andyw8025,http://www.youtube.com/@andyw8025,2026-09-11T17:24:52Z,False,Valid,10,0,0,0,1-0,TBD,0,2-2,TBD,0,3-0,TBD,0,1-1,TBD,0,3-0,TBD,0,2-0,TBD,0,1-2,TBD,0,0-3,TBD,0,2-0,TBD,0,1-1,TBD,0
UgxwqgNt79Cw-ZzYy-t4AaABAg,@raheemweir9931,http://www.youtube.com/@raheemweir9931,2026-09-11T17:18:03Z,False,Valid,10,0,0,0,2-1,TBD,0,0-2,TBD,0,3-1,TBD,0,2-0,TBD,0,4-1,TBD,0,1-0,TBD,0,1-2,TBD,0,0-2,TBD,0,2-2,TBD,0,0-1,TBD,0
UgzJX9sdSH9r6Fi-jt94AaABAg,@krimson2077,http://www.youtube.com/@krimson2077,2026-09-11T17:17:02Z,False,Valid,8,0,0,0,N/A,TBD,0,1-2,TBD,0,5-1,TBD,0,1-2,TBD,0,N/A,TBD,0,1-2,TBD,0,0-2,TBD,0,0-3,TBD,0,2-2,TBD,0,1-1,TBD,0
UgwgpyYQyJUQBE1Ug_t4AaABAg,@pranavitapu9912,http://www.youtube.com/@pranavitapu9912,2026-09-11T17:07:55Z,False,Valid,10,0,0,0,0-1,TBD,0,2-2,TBD,0,2-0,TBD,0,2-1,TBD,0,2-0,TBD,0,1-2,TBD,0,1-1,TBD,0,0-2,TBD,0,2-1,TBD,0,2-1,TBD,0
UgzDc7MXowxAJBE6D214AaABAg,@md.rashedulhasansafa4750,http://www.youtube.com/@md.rashedulhasansafa4750,2026-09-11T17:07:41Z,False,Valid,10,0,0,0,0-2,TBD,0,1-2,TBD,0,3-1,TBD,0,0-0,TBD,0,5-0,TBD,0,0-2,TBD,0,0-1,TBD,0,0-3,TBD,0,2-1,TBD,0,2-1,TBD,0
UgxgQHMjO7866Po7xbt4AaABAg,@markg94,http://www.youtube.com/@markg94,2026-09-11T17:02:30Z,False,Valid,10,0,0,0,1-1,TBD,0,0-2,TBD,0,3-1,TBD,0,1-0,TBD,0,3-1,TBD,0,1-2,TBD,0,1-2,TBD,0,0-1,TBD,0,2-3,TBD,0,2-1,TBD,0
Ugwmxl_KvyYN90CoMhx4AaABAg,@cammcbirnie4644,http://www.youtube.com/@cammcbirnie4644,2026-09-11T16:54:11Z,False,Valid,10,0,0,0,1-1,TBD,0,1-3,TBD,0,3-0,TBD,0,1-1,TBD,0,5-0,TBD,0,0-0,TBD,0,0-2,TBD,0,1-2,TBD,0,2-2,TBD,0,1-2,TBD,0
UgyK9k7IUm4yZ5DJcnB4AaABAg,@onikavelka,http://www.youtube.com/@onikavelka,2026-09-11T16:46:22Z,False,Valid,9,0,0,0,N/A,TBD,0,2-3,TBD,0,1-0,TBD,0,2-0,TBD,0,2-1,TBD,0,3-1,TBD,0,1-3,TBD,0,2-1,TBD,0,2-2,TBD,0,1-1,TBD,0
Ugy5iPgD1OUXbWe961d4AaABAg,@WojciechGibas,http://www.youtube.com/@WojciechGibas,2026-09-11T16:33:18Z,False,Valid,10,0,0,0,3-2,TBD,0,1-2,TBD,0,3-0,TBD,0,3-2,TBD,0,3-1,TBD,0,2-2,TBD,0,1-3,TBD,0,0-2,TBD,0,2-0,TBD,0,2-1,TBD,0
UgxBi8DHZB6Ac0Sq_YR4AaABAg,@Nastaranjafarharasi,http://www.youtube.com/@Nastaranjafarharasi,2026-09-11T16:33:16Z,False,Valid,10,0,0,0,1-1,TBD,0,1-1,TBD,0,1-1,TBD,0,2-1,TBD,0,2-0,TBD,0,1-1,TBD,0,0-1,TBD,0,0-2,TBD,0,1-2,TBD,0,2-2,TBD,0
UgyF2oR-BvKtXqgKDVd4AaABAg,@theirishguys-coxmall,http://www.youtube.com/@theirishguys-coxmall,2026-09-11T16:31:45Z,False,Valid,10,0,0,0,3-1,TBD,0,1-1,TBD,0,2-0,TBD,0,2-0,TBD,0,4-1,TBD,0,1-1,TBD,0,0-2,TBD,0,1-3,TBD,0,2-1,TBD,0,2-0,TBD,0
UgwzAF_r3lmSl6TO7k94AaABAg,@nickaxford7925,http://www.youtube.com/@nickaxford7925,2026-09-11T16:10:02Z,False,Valid,10,0,0,0,2-1,TBD,0,2-2,TBD,0,3-0,TBD,0,2-1,TBD,0,3-0,TBD,0,0-1,TBD,0,1-3,TBD,0,1-1,TBD,0,1-2,TBD,0,2-1,TBD,0
UgxgEP3YocFJVz0F5EJ4AaABAg,@xRedman9999x,http://www.youtube.com/@xRedman9999x,2026-09-11T15:53:23Z,False,Valid,10,0,0,0,2-1,TBD,0,0-0,TBD,0,3-2,TBD,0,2-1,TBD,0,3-1,TBD,0,0-0,TBD,0,0-1,TBD,0,0-2,TBD,0,1-1,TBD,0,2-1,TBD,0
UgwLFgC_IimJ6TJU2VJ4AaABAg,@HJO-137,http://www.youtube.com/@HJO-137,2026-09-11T15:45:40Z,False,Valid,10,0,0,0,0-1,TBD,0,2-2,TBD,0,4-1,TBD,0,1-1,TBD,0,2-0,TBD,0,2-1,TBD,0,1-1,TBD,0,1-3,TBD,0,3-2,TBD,0,2-1,TBD,0
Ugyj8t6rzmAQetrEFLl4AaABAg,@evelynmungau9319,http://www.youtube.com/@evelynmungau9319,2026-09-11T15:37:42Z,False,Valid,10,0,0,0,1-1,TBD,0,2-1,TBD,0,2-1,TBD,0,1-0,TBD,0,3-1,TBD,0,1-1,TBD,0,0-2,TBD,0,1-3,TBD,0,1-3,TBD,0,1-3,TBD,0
UgwzxH8J9PL-2E55RJ54AaABAg,@Vlad-ob2up,http://www.youtube.com/@Vlad-ob2up,2026-09-11T15:37:14Z,False,Valid,10,0,0,0,0-1,TBD,0,1-2,TBD,0,2-0,TBD,0,2-1,TBD,0,4-0,TBD,0,0-2,TBD,0,0-3,TBD,0,0-3,TBD,0,2-2,TBD,0,0-2,TBD,0
Ugy_prRxDAQYBD3gQIF4AaABAg,@ConceptTheory-t3v,http://www.youtube.com/@ConceptTheory-t3v,2026-09-11T15:37:08Z,False,Valid,10,0,0,0,0-1,TBD,0,1-1,TBD,0,4-2,TBD,0,1-2,TBD,0,3-0,TBD,0,1-0,TBD,0,0-1,TBD,0,0-2,TBD,0,2-1,TBD,0,1-0,TBD,0
UgzMYU_T4DzBUA5Qy2p4AaABAg,@afcb_humph26,http://www.youtube.com/@afcb_humph26,2026-09-11T15:36:19Z,False,Valid,10,0,0,0,2-2,TBD,0,1-1,TBD,0,3-0,TBD,0,1-2,TBD,0,3-1,TBD,0,2-1,TBD,0,0-3,TBD,0,1-1,TBD,0,2-3,TBD,0,1-0,TBD,0
UgxRAEkKzGfIl_F7QbJ4AaABAg,@anmolagarwal08,http://www.youtube.com/@anmolagarwal08,2026-09-11T15:32:48Z,False,Valid,9,0,0,0,1-1,TBD,0,2-3,TBD,0,4-1,TBD,0,2-1,TBD,0,3-2,TBD,0,1-1,TBD,0,1-2,TBD,0,1-3,TBD,0,2-1,TBD,0,N/A,TBD,0
UgxYXYzsUcINiUtT4s14AaABAg,@MattCheshire49,http://www.youtube.com/@MattCheshire49,2026-09-11T15:29:24Z,False,Valid,9,0,0,0,2-1,TBD,0,1-1,TBD,0,0-1,TBD,0,1-2,TBD,0,2-0,TBD,0,0-3,TBD,0,1-2,TBD,0,1-3,TBD,0,N/A,TBD,0,2-1,TBD,0
UgyxWjV_jDZO0W-Au6B4AaABAg,@ytGetz,http://www.youtube.com/@ytGetz,2026-09-11T15:14:40Z,False,Valid,10,0,0,0,1-1,TBD,0,2-1,TBD,0,4-0,TBD,0,2-0,TBD,0,3-1,TBD,0,1-2,TBD,0,0-1,TBD,0,1-3,TBD,0,1-2,TBD,0,1-1,TBD,0
UgyCmHYOXhT26cIjwAN4AaABAg,@luzangokowa1111,http://www.youtube.com/@luzangokowa1111,2026-09-11T15:11:44Z,False,Valid,10,0,0,0,1-0,TBD,0,2-3,TBD,0,4-2,TBD,0,2-1,TBD,0,3-1,TBD,0,1-2,TBD,0,2-1,TBD,0,0-3,TBD,0,2-2,TBD,0,1-3,TBD,0
Ugz35s7X360G7TEBfAl4AaABAg,@gonna-getcha-twice,http://www.youtube.com/@gonna-getcha-twice,2026-09-11T15:10:49Z,False,Valid,10,0,0,0,2-1,TBD,0,1-2,TBD,0,4-1,TBD,0,2-0,TBD,0,4-2,TBD,0,1-2,TBD,0,1-2,TBD,0,1-1,TBD,0,3-3,TBD,0,0-1,TBD,0
UgymtD2i_u759dTDRs54AaABAg,@aidan_105,http://www.youtube.com/@aidan_105,2026-09-11T14:59:23Z,False,Valid,10,0,0,0,1-1,TBD,0,1-3,TBD,0,2-0,TBD,0,1-1,TBD,0,2-1,TBD,0,1-0,TBD,0,0-3,TBD,0,0-2,TBD,0,1-3,TBD,0,1-2,TBD,0
UgwRSyoYc3OQpHkrDvZ4AaABAg,@RumahAliff,http://www.youtube.com/@RumahAliff,2026-09-11T14:57:50Z,False,Valid,10,0,0,0,2-0,TBD,0,2-1,TBD,0,2-0,TBD,0,1-1,TBD,0,2-0,TBD,0,1-0,TBD,0,2-2,TBD,0,2-1,TBD,0,1-0,TBD,0,1-1,TBD,0
Ugx7QcnKCpcdI-XkPaB4AaABAg,@jake_lol180,http://www.youtube.com/@jake_lol180,2026-09-11T14:55:48Z,False,Valid,9,0,0,0,2-1,TBD,0,0-1,TBD,0,3-1,TBD,0,0-0,TBD,0,2-1,TBD,0,1-1,TBD,0,0-2,TBD,0,0-3,TBD,0,N/A,TBD,0,2-2,TBD,0
UgxcKD2Ksl6k3gHFkFt4AaABAg,@michaeldonnelly13,http://www.youtube.com/@michaeldonnelly13,2026-09-11T14:55:36Z,False,Valid,10,0,0,0,3-1,TBD,0,1-1,TBD,0,3-0,TBD,0,2-0,TBD,0,2-0,TBD,0,3-1,TBD,0,1-2,TBD,0,2-2,TBD,0,3-2,TBD,0,2-1,TBD,0
UgwunMXAcnBm0sGghnB4AaABAg,@LavinA1459,http://www.youtube.com/@LavinA1459,2026-09-11T14:53:04Z,False,Valid,10,0,0,0,1-1,TBD,0,1-2,TBD,0,3-1,TBD,0,2-0,TBD,0,3-0,TBD,0,1-1,TBD,0,0-1,TBD,0,0-2,TBD,0,1-2,TBD,0,1-1,TBD,0
Ugzjt47SLoLWdlkju294AaABAg,@Biggestboyyyy,http://www.youtube.com/@Biggestboyyyy,2026-09-11T14:46:03Z,False,Valid,10,0,0,0,3-1,TBD,0,1-2,TBD,0,0-1,TBD,0,1-0,TBD,0,2-1,TBD,0,0-3,TBD,0,1-2,TBD,0,1-0,TBD,0,2-3,TBD,0,0-2,TBD,0
UgwfYru_tDpHJA_EGR14AaABAg,@natgames2207,http://www.youtube.com/@natgames2207,2026-09-11T14:46:03Z,False,Valid,10,0,0,0,2-1,TBD,0,2-2,TBD,0,4-1,TBD,0,2-1,TBD,0,3-1,TBD,0,1-1,TBD,0,1-3,TBD,0,0-3,TBD,0,2-1,TBD,0,1-2,TBD,0
UgzDQFmKPTcRnynFjeN4AaABAg,@eldihyseni-e2v,http://www.youtube.com/@eldihyseni-e2v,2026-09-11T14:45:07Z,True,Disqualified (Comment was Edited),10,0,0,0,0-0,TBD,0,0-0,TBD,0,3-1,TBD,0,1-1,TBD,0,2-0,TBD,0,1-1,TBD,0,0-3,TBD,0,0-4,TBD,0,2-4,TBD,0,1-1,TBD,0
Ugx3vQxsz6m4MKqIB3h4AaABAg,@stativelion427,http://www.youtube.com/@stativelion427,2026-09-11T14:44:29Z,False,Valid,10,0,0,0,1-2,TBD,0,3-1,TBD,0,5-0,TBD,0,1-0,TBD,0,3-0,TBD,0,3-1,TBD,0,1-2,TBD,0,2-1,TBD,0,1-1,TBD,0,2-1,TBD,0
UgwBdwwGsMd0oc68Q7Z4AaABAg,@idkkkkkkkk_,http://www.youtube.com/@idkkkkkkkk_,2026-09-11T14:28:19Z,False,Valid,10,0,0,0,1-1,TBD,0,2-1,TBD,0,4-0,TBD,0,2-0,TBD,0,3-1,TBD,0,2-1,TBD,0,0-2,TBD,0,1-3,TBD,0,2-0,TBD,0,1-1,TBD,0
UgyQXnOGZGubMByrHKx4AaABAg,@WashierPrism477,http://www.youtube.com/@WashierPrism477,2026-09-11T14:15:20Z,False,Valid,10,0,0,0,1-2,TBD,0,1-1,TBD,0,4-2,TBD,0,0-0,TBD,0,3-1,TBD,0,2-0,TBD,0,0-3,TBD,0,1-2,TBD,0,2-1,TBD,0,1-1,TBD,0
UgwrkEsbvfqxirYJm894AaABAg,@blero473,http://www.youtube.com/@blero473,2026-09-11T14:14:23Z,False,Valid,10,0,0,0,1-1,TBD,0,0-0,TBD,0,2-1,TBD,0,1-2,TBD,0,3-0,TBD,0,1-1,TBD,0,0-2,TBD,0,0-1,TBD,0,3-2,TBD,0,1-2,TBD,0
UgywoxBNxI-s-TQBrbN4AaABAg,@NoahAldis,http://www.youtube.com/@NoahAldis,2026-09-11T13:52:40Z,False,Valid,10,0,0,0,1-1,TBD,0,3-0,TBD,0,4-2,TBD,0,0-0,TBD,0,2-0,TBD,0,1-1,TBD,0,0-3,TBD,0,1-2,TBD,0,1-4,TBD,0,2-2,TBD,0
UgxKy9OIXmrKd2pgH-d4AaABAg,@Innndo,http://www.youtube.com/@Innndo,2026-09-11T13:45:13Z,False,Valid,10,0,0,0,1-1,TBD,0,2-2,TBD,0,0-0,TBD,0,2-1,TBD,0,3-1,TBD,0,0-1,TBD,0,0-2,TBD,0,1-3,TBD,0,3-2,TBD,0,2-1,TBD,0
UgxpfgqiWczOM-ZzB9N4AaABAg,@thandomthembu1216,http://www.youtube.com/@thandomthembu1216,2026-09-11T13:37:37Z,False,Valid,9,0,0,0,N/A,TBD,0,2-2,TBD,0,2-0,TBD,0,3-1,TBD,0,3-0,TBD,0,0-0,TBD,0,0-3,TBD,0,1-4,TBD,0,2-5,TBD,0,1-1,TBD,0
UgxFUx1rLkWhX5-hfIx4AaABAg,@cwbfclegends7048,http://www.youtube.com/@cwbfclegends7048,2026-09-11T13:28:54Z,True,Disqualified (Comment was Edited),10,0,0,0,2-0,TBD,0,1-2,TBD,0,2-0,TBD,0,2-1,TBD,0,2-0,TBD,0,1-1,TBD,0,0-3,TBD,0,0-2,TBD,0,3-1,TBD,0,1-2,TBD,0
UgywVlgmPxKbamOKee94AaABAg,@giardy8053,http://www.youtube.com/@giardy8053,2026-09-11T13:24:31Z,False,Valid,9,0,0,0,2-1,TBD,0,1-1,TBD,0,3-1,TBD,0,1-0,TBD,0,3-0,TBD,0,0-1,TBD,0,0-2,TBD,0,N/A,TBD,0,2-2,TBD,0,0-1,TBD,0
UgzD0BV8NXCRnck0kFN4AaABAg,@thedesert546,http://www.youtube.com/@thedesert546,2026-09-11T13:23:51Z,False,Valid,9,0,0,0,2-2,TBD,0,0-1,TBD,0,3-2,TBD,0,0-0,TBD,0,2-1,TBD,0,1-1,TBD,0,0-2,TBD,0,0-3,TBD,0,N/A,TBD,0,2-2,TBD,0
Ugzd9QgANTNrieTBkJV4AaABAg,@richardparker9556,http://www.youtube.com/@richardparker9556,2026-09-11T13:07:26Z,False,Valid,10,0,0,0,2-2,TBD,0,2-2,TBD,0,3-0,TBD,0,2-1,TBD,0,2-1,TBD,0,2-2,TBD,0,1-2,TBD,0,1-3,TBD,0,0-0,TBD,0,1-1,TBD,0
UgxHA-GyWLU0arHkVa14AaABAg,@AkramDeX,http://www.youtube.com/@AkramDeX,2026-09-11T12:58:26Z,False,Valid,9,0,0,0,2-0,TBD,0,N/A,TBD,0,3-1,TBD,0,2-1,TBD,0,4-0,TBD,0,1-1,TBD,0,0-2,TBD,0,1-2,TBD,0,0-1,TBD,0,2-1,TBD,0
Ugz7GEDIxOug7EI-7wB4AaABAg,@pratyushchandra3354,http://www.youtube.com/@pratyushchandra3354,2026-09-11T12:58:05Z,False,Valid,10,0,0,0,2-1,TBD,0,1-1,TBD,0,0-0,TBD,0,2-2,TBD,0,3-1,TBD,0,0-2,TBD,0,2-2,TBD,0,0-2,TBD,0,0-3,TBD,0,2-2,TBD,0
UgxlTbA9iCXlOCgq4gN4AaABAg,@eholden_06,http://www.youtube.com/@eholden_06,2026-09-11T12:56:58Z,False,Valid,10,0,0,0,0-0,TBD,0,2-1,TBD,0,4-0,TBD,0,3-2,TBD,0,3-1,TBD,0,1-1,TBD,0,0-2,TBD,0,1-2,TBD,0,1-2,TBD,0,1-1,TBD,0
Ugxjzp6E9qRIwFsSktJ4AaABAg,@XIX_Aryan7,http://www.youtube.com/@XIX_Aryan7,2026-09-11T12:52:15Z,False,Valid,10,0,0,0,3-1,TBD,0,1-2,TBD,0,4-1,TBD,0,0-0,TBD,0,3-0,TBD,0,1-0,TBD,0,0-2,TBD,0,0-3,TBD,0,2-2,TBD,0,2-1,TBD,0
UgyAtQxDEN77jtG0w4d4AaABAg,@nep2222,http://www.youtube.com/@nep2222,2026-09-11T12:50:04Z,False,Valid,8,0,0,0,1-1,TBD,0,1-2,TBD,0,4-2,TBD,0,N/A,TBD,0,2-1,TBD,0,1-2,TBD,0,N/A,TBD,0,1-2,TBD,0,2-3,TBD,0,2-2,TBD,0
UgxwP2ec9XQ6t5RA9LN4AaABAg,@Kuz-,http://www.youtube.com/@Kuz-,2026-09-11T12:45:35Z,False,Valid,10,0,0,0,2-2,TBD,0,1-2,TBD,0,2-1,TBD,0,1-1,TBD,0,3-0,TBD,0,1-2,TBD,0,0-3,TBD,0,0-2,TBD,0,2-3,TBD,0,1-2,TBD,0
UgwmdNFCkHu4Yq6NkF94AaABAg,@haziqnickel6259,http://www.youtube.com/@haziqnickel6259,2026-09-11T12:38:38Z,False,Valid,10,0,0,0,2-1,TBD,0,2-2,TBD,0,2-1,TBD,0,2-1,TBD,0,3-1,TBD,0,2-2,TBD,0,0-2,TBD,0,1-2,TBD,0,2-1,TBD,0,1-2,TBD,0
Ugy7qaqexdvmelo6pRJ4AaABAg,@rohailmahmood3847,http://www.youtube.com/@rohailmahmood3847,2026-09-11T12:31:05Z,False,Valid,10,0,0,0,1-1,TBD,0,2-1,TBD,0,3-0,TBD,0,2-2,TBD,0,3-1,TBD,0,2-1,TBD,0,0-2,TBD,0,0-1,TBD,0,1-2,TBD,0,1-1,TBD,0
UgzqdMOJUlLrHnFnHq14AaABAg,@taonaah,http://www.youtube.com/@taonaah,2026-09-11T12:30:13Z,False,Valid,9,0,0,0,2-0,TBD,0,4-4,TBD,0,N/A,TBD,0,2-1,TBD,0,3-2,TBD,0,2-0,TBD,0,1-2,TBD,0,1-0,TBD,0,1-4,TBD,0,0-1,TBD,0
UgxYtBwYqgngRe3LbAl4AaABAg,@JRFack25,http://www.youtube.com/@JRFack25,2026-09-11T12:24:08Z,False,Valid,10,0,0,0,2-1,TBD,0,2-2,TBD,0,2-1,TBD,0,1-2,TBD,0,2-0,TBD,0,1-1,TBD,0,1-2,TBD,0,1-3,TBD,0,2-3,TBD,0,1-2,TBD,0
Ugy7P6zeXEiaYCjtNQx4AaABAg,@zeeintegral,http://www.youtube.com/@zeeintegral,2026-09-11T12:13:40Z,False,Valid,10,0,0,0,1-1,TBD,0,2-1,TBD,0,3-1,TBD,0,2-2,TBD,0,2-0,TBD,0,1-2,TBD,0,0-3,TBD,0,2-3,TBD,0,3-3,TBD,0,2-1,TBD,0
UgygGlXj37yHCtRpkMJ4AaABAg,@wings4525,http://www.youtube.com/@wings4525,2026-09-11T12:12:31Z,False,Valid,10,0,0,0,3-2,TBD,0,2-0,TBD,0,2-2,TBD,0,2-0,TBD,0,3-1,TBD,0,0-0,TBD,0,1-4,TBD,0,0-2,TBD,0,2-3,TBD,0,2-2,TBD,0
UgxANIbnkAmlLWnr_FZ4AaABAg,@lavishjain4145,http://www.youtube.com/@lavishjain4145,2026-09-11T12:07:42Z,False,Valid,10,0,0,0,1-1,TBD,0,1-2,TBD,0,4-2,TBD,0,2-2,TBD,0,3-0,TBD,0,2-1,TBD,0,0-1,TBD,0,1-2,TBD,0,1-3,TBD,0,1-2,TBD,0
Ugy0TKSrXv8R0ddm-ZJ4AaABAg,@josephshuford6193,http://www.youtube.com/@josephshuford6193,2026-09-11T11:53:47Z,False,Valid,10,0,0,0,2-0,TBD,0,1-1,TBD,0,3-1,TBD,0,1-0,TBD,0,2-0,TBD,0,1-2,TBD,0,0-3,TBD,0,0-2,TBD,0,1-1,TBD,0,0-0,TBD,0
Ugy0F2uBDDxzS2fcMf54AaABAg,@jackdenham927,http://www.youtube.com/@jackdenham927,2026-09-11T11:51:52Z,False,Valid,10,0,0,0,1-2,TBD,0,2-2,TBD,0,4-1,TBD,0,1-0,TBD,0,3-2,TBD,0,0-0,TBD,0,1-1,TBD,0,1-1,TBD,0,1-2,TBD,0,2-2,TBD,0
UgyRHlCjB9Yrn-MW9cl4AaABAg,@thvo5835,http://www.youtube.com/@thvo5835,2026-09-11T11:45:31Z,False,Valid,10,0,0,0,3-1,TBD,0,1-0,TBD,0,0-1,TBD,0,1-2,TBD,0,2-0,TBD,0,0-0,TBD,0,2-2,TBD,0,0-0,TBD,0,0-1,TBD,0,1-0,TBD,0
UgzqE6qlHJ6BgoDcK3V4AaABAg,@mikhailurmich,http://www.youtube.com/@mikhailurmich,2026-09-11T11:34:22Z,False,Valid,10,0,0,0,2-1,TBD,0,0-2,TBD,0,3-0,TBD,0,1-1,TBD,0,3-0,TBD,0,0-0,TBD,0,0-2,TBD,0,0-1,TBD,0,0-2,TBD,0,1-1,TBD,0
UgzRNlEr-2OgJAarVxF4AaABAg,@Waschbecken,http://www.youtube.com/@Waschbecken,2026-09-11T11:28:20Z,False,Valid,10,0,0,0,1-2,TBD,0,2-2,TBD,0,3-2,TBD,0,2-1,TBD,0,5-1,TBD,0,1-2,TBD,0,0-1,TBD,0,0-2,TBD,0,1-2,TBD,0,1-1,TBD,0
UgzNWox8wrvqh-VGcBJ4AaABAg,@georgeglen7204,http://www.youtube.com/@georgeglen7204,2026-09-11T11:26:28Z,False,Valid,10,0,0,0,3-1,TBD,0,0-0,TBD,0,2-0,TBD,0,3-0,TBD,0,3-0,TBD,0,4-0,TBD,0,2-2,TBD,0,0-1,TBD,0,2-1,TBD,0,2-2,TBD,0
UgzqXiMsnb3rP2wA0nF4AaABAg,@ZelZal98,http://www.youtube.com/@ZelZal98,2026-09-11T11:15:56Z,False,Valid,10,0,0,0,0-2,TBD,0,1-2,TBD,0,2-0,TBD,0,0-0,TBD,0,3-1,TBD,0,0-2,TBD,0,1-2,TBD,0,2-3,TBD,0,5-4,TBD,0,1-1,TBD,0
Ugz-WqyPrFdbe-wcABV4AaABAg,@JustTheOneSwanActually,http://www.youtube.com/@JustTheOneSwanActually,2026-09-11T10:57:45Z,False,Valid,10,0,0,0,1-1,TBD,0,3-4,TBD,0,4-1,TBD,0,2-1,TBD,0,3-1,TBD,0,2-2,TBD,0,0-2,TBD,0,2-1,TBD,0,2-1,TBD,0,3-2,TBD,0
UgwtrZ7HhnfXDZ1WoUd4AaABAg,@ratonul260,http://www.youtube.com/@ratonul260,2026-09-11T10:53:09Z,True,Disqualified (Comment was Edited),9,0,0,0,N/A,TBD,0,2-2,TBD,0,3-1,TBD,0,2-1,TBD,0,3-0,TBD,0,1-0,TBD,0,0-0,TBD,0,1-0,TBD,0,1-1,TBD,0,2-0,TBD,0
Ugy43CLwMyUMqQIralR4AaABAg,@Krypt-r9m,http://www.youtube.com/@Krypt-r9m,2026-09-11T10:52:20Z,False,Valid,10,0,0,0,1-0,TBD,0,0-2,TBD,0,3-1,TBD,0,2-1,TBD,0,2-1,TBD,0,1-1,TBD,0,1-3,TBD,0,0-2,TBD,0,1-2,TBD,0,2-1,TBD,0
UgykR0GzOP00ajPGP2R4AaABAg,@IsagiClipsyt,http://www.youtube.com/@IsagiClipsyt,2026-09-11T10:46:52Z,False,Valid,10,0,0,0,3-2,TBD,0,2-2,TBD,0,5-2,TBD,0,2-2,TBD,0,2-1,TBD,0,1-2,TBD,0,2-2,TBD,0,0-2,TBD,0,2-0,TBD,0,2-2,TBD,0
UgwtaVOA7EicrohhzA94AaABAg,@tarushbhatia3263,http://www.youtube.com/@tarushbhatia3263,2026-09-11T10:35:40Z,False,Valid,10,0,0,0,3-0,TBD,0,1-2,TBD,0,2-1,TBD,0,2-1,TBD,0,1-1,TBD,0,2-2,TBD,0,0-1,TBD,0,1-1,TBD,0,2-1,TBD,0,2-2,TBD,0
UgyvssCEieMkSBSR60t4AaABAg,@jacobrichards5620,http://www.youtube.com/@jacobrichards5620,2026-09-11T10:16:32Z,False,Valid,10,0,0,0,2-2,TBD,0,1-1,TBD,0,5-0,TBD,0,2-1,TBD,0,4-0,TBD,0,1-1,TBD,0,0-3,TBD,0,1-1,TBD,0,2-2,TBD,0,2-3,TBD,0
UgzTYnNOQuzt1dUOMBV4AaABAg,@cajokilibarda6537,http://www.youtube.com/@cajokilibarda6537,2026-09-11T10:15:26Z,False,Valid,10,0,0,0,2-1,TBD,0,1-2,TBD,0,4-2,TBD,0,2-2,TBD,0,3-1,TBD,0,1-0,TBD,0,0-2,TBD,0,1-2,TBD,0,3-2,TBD,0,2-2,TBD,0
Ugx5nnjCHUXm2PaGTyB4AaABAg,@adrianpietrzak4209,http://www.youtube.com/@adrianpietrzak4209,2026-09-11T10:15:09Z,False,Valid,10,0,0,0,1-1,TBD,0,2-3,TBD,0,2-1,TBD,0,3-1,TBD,0,3-0,TBD,0,2-2,TBD,0,0-1,TBD,0,0-2,TBD,0,2-1,TBD,0,1-1,TBD,0
Ugykww3HQlOnFQHSPiJ4AaABAg,@patkovicosman6956,http://www.youtube.com/@patkovicosman6956,2026-09-11T10:05:05Z,False,Valid,10,0,0,0,2-2,TBD,0,2-1,TBD,0,2-0,TBD,0,3-2,TBD,0,2-0,TBD,0,2-1,TBD,0,1-1,TBD,0,1-0,TBD,0,2-1,TBD,0,1-1,TBD,0
UgyTQ_ycgkRXRHAZVYl4AaABAg,@mukimurco1426,http://www.youtube.com/@mukimurco1426,2026-09-11T10:02:28Z,False,Valid,10,0,0,0,2-0,TBD,0,2-2,TBD,0,4-1,TBD,0,1-1,TBD,0,4-2,TBD,0,0-1,TBD,0,0-3,TBD,0,1-2,TBD,0,1-2,TBD,0,2-2,TBD,0
UgwtSfgCpGNyPyQrRjN4AaABAg,@antonio5219,http://www.youtube.com/@antonio5219,2026-09-11T09:59:58Z,False,Valid,10,0,0,0,3-2,TBD,0,1-1,TBD,0,2-1,TBD,0,0-1,TBD,0,3-1,TBD,0,1-2,TBD,0,0-2,TBD,0,1-1,TBD,0,2-2,TBD,0,2-0,TBD,0
UgzuVQgAZZXXIWlOtiZ4AaABAg,@cameronweston4872,http://www.youtube.com/@cameronweston4872,2026-09-11T09:51:04Z,False,Valid,10,0,0,0,1-0,TBD,0,2-1,TBD,0,2-0,TBD,0,2-0,TBD,0,2-0,TBD,0,1-0,TBD,0,0-1,TBD,0,0-1,TBD,0,1-2,TBD,0,1-0,TBD,0
Ugw-SgdabFFaS7BPMhV4AaABAg,@clinton14_06,http://www.youtube.com/@clinton14_06,2026-09-11T09:47:43Z,False,Valid,10,0,0,0,2-1,TBD,0,1-1,TBD,0,3-0,TBD,0,1-0,TBD,0,3-0,TBD,0,2-1,TBD,0,1-0,TBD,0,0-2,TBD,0,1-2,TBD,0,1-1,TBD,0
UgzgZobrPa6xgxhugEJ4AaABAg,@Monke-k4l,http://www.youtube.com/@Monke-k4l,2026-09-11T09:36:21Z,False,Valid,10,0,0,0,2-1,TBD,0,2-2,TBD,0,1-0,TBD,0,1-1,TBD,0,3-1,TBD,0,0-2,TBD,0,1-2,TBD,0,1-1,TBD,0,2-0,TBD,0,2-1,TBD,0
UgyPN4PxdwVSsfByasV4AaABAg,@freddoorofficial,http://www.youtube.com/@freddoorofficial,2026-09-11T09:28:19Z,False,Valid,8,0,0,0,N/A,TBD,0,2-1,TBD,0,3-0,TBD,0,2-0,TBD,0,3-1,TBD,0,0-2,TBD,0,1-1,TBD,0,0-3,TBD,0,N/A,TBD,0,1-2,TBD,0
Ugwp4J77grY3ApYIP0V4AaABAg,@The-1872,http://www.youtube.com/@The-1872,2026-09-11T09:11:55Z,False,Valid,10,0,0,0,2-1,TBD,0,1-2,TBD,0,1-0,TBD,0,1-1,TBD,0,2-0,TBD,0,2-1,TBD,0,0-2,TBD,0,1-1,TBD,0,2-2,TBD,0,2-1,TBD,0
UgwMTueEJpiC2UpDFoJ4AaABAg,@Lenovoyo1030,http://www.youtube.com/@Lenovoyo1030,2026-09-11T09:08:20Z,False,Valid,10,0,0,0,2-2,TBD,0,0-0,TBD,0,2-2,TBD,0,1-0,TBD,0,0-1,TBD,0,2-0,TBD,0,0-1,TBD,0,1-1,TBD,0,2-2,TBD,0,3-2,TBD,0
UgzQKvoFO2W9GhRnrQl4AaABAg,@KrazyKenyan,http://www.youtube.com/@KrazyKenyan,2026-09-11T08:58:27Z,False,Valid,10,0,0,0,1-2,TBD,0,1-1,TBD,0,3-1,TBD,0,2-1,TBD,0,4-0,TBD,0,0-1,TBD,0,0-2,TBD,0,0-3,TBD,0,1-3,TBD,0,2-3,TBD,0
UgwfYUcFe_wwcKdev2d4AaABAg,@oliverHawkridge-ke3xx,http://www.youtube.com/@oliverHawkridge-ke3xx,2026-09-11T08:54:42Z,False,Valid,10,0,0,0,1-1,TBD,0,2-1,TBD,0,5-1,TBD,0,2-2,TBD,0,3-0,TBD,0,0-1,TBD,0,1-3,TBD,0,0-2,TBD,0,0-3,TBD,0,2-1,TBD,0
Ugwhlq0Ss5Ut7S4_0jN4AaABAg,@Speedinkling,http://www.youtube.com/@Speedinkling,2026-09-11T08:50:29Z,False,Valid,10,0,0,0,1-0,TBD,0,1-1,TBD,0,3-2,TBD,0,0-1,TBD,0,3-0,TBD,0,1-2,TBD,0,0-3,TBD,0,0-2,TBD,0,2-1,TBD,0,2-1,TBD,0
UgwviwvYLN-DqZ2diDh4AaABAg,@Ice-_-Bear-_-9,http://www.youtube.com/@Ice-_-Bear-_-9,2026-09-11T08:38:46Z,False,Valid,9,0,0,0,2-1,TBD,0,1-1,TBD,0,3-0,TBD,0,N/A,TBD,0,2-0,TBD,0,1-1,TBD,0,0-2,TBD,0,1-3,TBD,0,1-3,TBD,0,1-2,TBD,0
UgyHnM-bsYXx0H4Fom14AaABAg,@dkstinson3011,http://www.youtube.com/@dkstinson3011,2026-09-11T08:37:40Z,False,Valid,10,0,0,0,1-1,TBD,0,2-2,TBD,0,4-0,TBD,0,1-0,TBD,0,3-1,TBD,0,0-1,TBD,0,0-2,TBD,0,0-1,TBD,0,1-2,TBD,0,2-1,TBD,0
UgzxBLOgbU5iu9COaHJ4AaABAg,@marcusulevik,http://www.youtube.com/@marcusulevik,2026-09-11T08:34:12Z,False,Valid,10,0,0,0,1-1,TBD,0,2-0,TBD,0,0-0,TBD,0,1-2,TBD,0,4-2,TBD,0,0-0,TBD,0,0-3,TBD,0,1-1,TBD,0,1-0,TBD,0,2-2,TBD,0
UgwRcE17w5ggv7ll7p54AaABAg,@Tdpr123,http://www.youtube.com/@Tdpr123,2026-09-11T08:25:16Z,False,Valid,10,0,0,0,1-2,TBD,0,1-3,TBD,0,4-1,TBD,0,2-2,TBD,0,2-2,TBD,0,0-2,TBD,0,0-2,TBD,0,2-1,TBD,0,1-3,TBD,0,2-1,TBD,0
UgzRu0rWFvbSpteDnAZ4AaABAg,@lennyleslie2012,http://www.youtube.com/@lennyleslie2012,2026-09-11T08:12:09Z,False,Valid,10,0,0,0,2-2,TBD,0,1-2,TBD,0,3-2,TBD,0,0-1,TBD,0,3-1,TBD,0,2-2,TBD,0,1-2,TBD,0,2-1,TBD,0,1-3,TBD,0,3-0,TBD,0
UgxV6ZWIvvHGRxRnOZF4AaABAg,@dandoyle834,http://www.youtube.com/@dandoyle834,2026-09-11T08:04:03Z,False,Valid,10,0,0,0,1-1,TBD,0,1-2,TBD,0,3-1,TBD,0,2-1,TBD,0,3-0,TBD,0,1-1,TBD,0,1-2,TBD,0,1-2,TBD,0,2-2,TBD,0,2-1,TBD,0
Ugx-VWJnlIu6_cqzwhJ4AaABAg,@rgas28,http://www.youtube.com/@rgas28,2026-09-11T08:03:47Z,False,Valid,10,0,0,0,1-0,TBD,0,1-1,TBD,0,2-0,TBD,0,2-1,TBD,0,3-1,TBD,0,2-1,TBD,0,0-2,TBD,0,0-1,TBD,0,2-2,TBD,0,0-0,TBD,0
Ugx2GgiX_zAZltrs9ol4AaABAg,@mustyremsy3556,http://www.youtube.com/@mustyremsy3556,2026-09-11T08:02:10Z,False,Valid,10,0,0,0,1-1,TBD,0,2-1,TBD,0,2-1,TBD,0,2-2,TBD,0,2-0,TBD,0,1-1,TBD,0,0-2,TBD,0,0-2,TBD,0,2-1,TBD,0,2-1,TBD,0
UgxId9LRt1H3mPhH7114AaABAg,@Dfitzykiid,http://www.youtube.com/@Dfitzykiid,2026-09-11T07:59:37Z,False,Valid,10,0,0,0,2-1,TBD,0,1-1,TBD,0,1-0,TBD,0,2-1,TBD,0,3-0,TBD,0,1-0,TBD,0,0-2,TBD,0,1-2,TBD,0,2-2,TBD,0,1-2,TBD,0
UgywrVtZ_Odk8-kCMed4AaABAg,@seansavage7414,http://www.youtube.com/@seansavage7414,2026-09-11T07:59:23Z,False,Valid,10,0,0,0,2-1,TBD,0,1-1,TBD,0,3-1,TBD,0,2-1,TBD,0,3-1,TBD,0,1-2,TBD,0,0-1,TBD,0,0-1,TBD,0,2-1,TBD,0,1-1,TBD,0
UgyM58lbp4Ug5saEOn54AaABAg,@Aussie_Benfica,http://www.youtube.com/@Aussie_Benfica,2026-09-11T07:58:04Z,False,Valid,6,0,0,0,0-0,TBD,0,1-1,TBD,0,3-0,TBD,0,N/A,TBD,0,N/A,TBD,0,N/A,TBD,0,1-3,TBD,0,1-1,TBD,0,N/A,TBD,0,2-2,TBD,0
UgzFbhhIrF8LFB9Xyi14AaABAg,@michaelparkinsonsfreeparkerpen,http://www.youtube.com/@michaelparkinsonsfreeparkerpen,2026-09-11T07:53:12Z,False,Valid,10,0,0,0,2-1,TBD,0,2-2,TBD,0,3-0,TBD,0,1-0,TBD,0,3-0,TBD,0,2-0,TBD,0,1-1,TBD,0,2-1,TBD,0,2-3,TBD,0,2-2,TBD,0
UgxuSkQeGTxpLfOZkEF4AaABAg,@FeyselFaya-u3r,http://www.youtube.com/@FeyselFaya-u3r,2026-09-11T07:42:32Z,False,Valid,10,0,0,0,0-1,TBD,0,1-2,TBD,0,4-2,TBD,0,3-1,TBD,0,2-1,TBD,0,0-1,TBD,0,0-3,TBD,0,1-2,TBD,0,1-6,TBD,0,2-1,TBD,0
Ugz87zA6bG7VGPY0I3p4AaABAg,@sherwinvaz677,http://www.youtube.com/@sherwinvaz677,2026-09-11T07:35:02Z,False,Valid,10,0,0,0,1-1,TBD,0,0-1,TBD,0,3-0,TBD,0,2-1,TBD,0,3-1,TBD,0,1-2,TBD,0,0-2,TBD,0,0-3,TBD,0,1-2,TBD,0,2-2,TBD,0
UgxC2erD156VMK3ZAgZ4AaABAg,@Zigzaggery-m8d,http://www.youtube.com/@Zigzaggery-m8d,2026-09-11T07:26:13Z,False,Valid,10,0,0,0,1-0,TBD,0,1-1,TBD,0,3-1,TBD,0,2-1,TBD,0,3-1,TBD,0,1-0,TBD,0,0-2,TBD,0,1-3,TBD,0,0-2,TBD,0,1-1,TBD,0
UgzC0x9FjziIF2Z6atZ4AaABAg,@FearProfe,http://www.youtube.com/@FearProfe,2026-09-11T07:25:55Z,False,Valid,2,0,0,0,N/A,TBD,0,2-2,TBD,0,N/A,TBD,0,N/A,TBD,0,N/A,TBD,0,1-1,TBD,0,N/A,TBD,0,N/A,TBD,0,N/A,TBD,0,N/A,TBD,0
Ugxu4hP-UCi1oLeDqLt4AaABAg,@gunashekarankumaravel4700,http://www.youtube.com/@gunashekarankumaravel4700,2026-09-11T07:25:05Z,False,Valid,9,0,0,0,2-1,TBD,0,1-1,TBD,0,3-1,TBD,0,1-1,TBD,0,3-1,TBD,0,N/A,TBD,0,0-2,TBD,0,1-3,TBD,0,2-2,TBD,0,1-2,TBD,0
UgzmGU3YVJXU0tzERhx4AaABAg,@HiddenSquid172,http://www.youtube.com/@HiddenSquid172,2026-09-11T07:17:39Z,False,Valid,10,0,0,0,1-2,TBD,0,1-1,TBD,0,5-0,TBD,0,2-0,TBD,0,2-0,TBD,0,2-1,TBD,0,1-3,TBD,0,1-3,TBD,0,2-2,TBD,0,1-1,TBD,0
UgyURdZte-k5ufRk1PF4AaABAg,@sanjaykrishnan9404,http://www.youtube.com/@sanjaykrishnan9404,2026-09-11T07:17:16Z,False,Valid,10,0,0,0,1-1,TBD,0,2-0,TBD,0,3-2,TBD,0,2-1,TBD,0,3-1,TBD,0,1-2,TBD,0,0-2,TBD,0,0-1,TBD,0,2-3,TBD,0,2-1,TBD,0
Ugzg9ZKECekX_2HpPiR4AaABAg,@ShaunHopkinsAVFC,http://www.youtube.com/@ShaunHopkinsAVFC,2026-09-11T06:57:59Z,False,Valid,10,0,0,0,2-1,TBD,0,1-2,TBD,0,3-2,TBD,0,1-2,TBD,0,3-0,TBD,0,1-3,TBD,0,1-3,TBD,0,0-0,TBD,0,2-2,TBD,0,2-2,TBD,0
UgyQ6vp9kP6kYbTRSAB4AaABAg,@MakuBage-f3g,http://www.youtube.com/@MakuBage-f3g,2026-09-11T06:42:51Z,False,Valid,10,0,0,0,1-2,TBD,0,2-3,TBD,0,4-1,TBD,0,1-1,TBD,0,3-0,TBD,0,0-1,TBD,0,0-3,TBD,0,1-3,TBD,0,2-1,TBD,0,0-2,TBD,0
UgwR6Xzw-qoAjhJL1kh4AaABAg,@P-Rex2844,http://www.youtube.com/@P-Rex2844,2026-09-11T06:41:15Z,False,Valid,10,0,0,0,2-0,TBD,0,1-2,TBD,0,2-1,TBD,0,1-1,TBD,0,4-1,TBD,0,1-1,TBD,0,0-2,TBD,0,0-3,TBD,0,1-3,TBD,0,1-0,TBD,0
UgyZi36kqNw6PB01fu14AaABAg,@patmaige6642,http://www.youtube.com/@patmaige6642,2026-09-11T06:37:19Z,False,Valid,9,0,0,0,2-1,TBD,0,1-1,TBD,0,2-1,TBD,0,0-0,TBD,0,4-1,TBD,0,1-1,TBD,0,1-2,TBD,0,N/A,TBD,0,2-3,TBD,0,1-0,TBD,0
Ugz2xnaq4n0Pvk4weFp4AaABAg,@luka-t4p2p,http://www.youtube.com/@luka-t4p2p,2026-09-11T06:22:49Z,False,Valid,10,0,0,0,1-1,TBD,0,2-1,TBD,0,3-0,TBD,0,1-0,TBD,0,2-0,TBD,0,1-0,TBD,0,1-4,TBD,0,2-2,TBD,0,4-3,TBD,0,2-2,TBD,0
UgxdzJgC9p7ex61kHFF4AaABAg,@noraniesoh,http://www.youtube.com/@noraniesoh,2026-09-11T06:14:45Z,False,Valid,9,0,0,0,N/A,TBD,0,1-0,TBD,0,1-3,TBD,0,1-0,TBD,0,3-0,TBD,0,1-1,TBD,0,2-2,TBD,0,1-0,TBD,0,1-3,TBD,0,1-2,TBD,0
UgxzCVutlKRcl3J8fmV4AaABAg,@HamzaSahi-v7z2n,http://www.youtube.com/@HamzaSahi-v7z2n,2026-09-11T06:12:35Z,False,Valid,10,0,0,0,2-1,TBD,0,1-1,TBD,0,3-1,TBD,0,2-1,TBD,0,3-1,TBD,0,0-2,TBD,0,0-1,TBD,0,0-2,TBD,0,2-3,TBD,0,2-2,TBD,0
UgwyfCoFaSgZHdD2aId4AaABAg,@account6981,http://www.youtube.com/@account6981,2026-09-11T06:08:49Z,False,Valid,10,0,0,0,2-1,TBD,0,0-2,TBD,0,2-1,TBD,0,1-1,TBD,0,4-1,TBD,0,1-0,TBD,0,0-3,TBD,0,0-2,TBD,0,1-3,TBD,0,1-0,TBD,0
UgxXNt_XUI09aJtdWLR4AaABAg,@sashoborisov3607,http://www.youtube.com/@sashoborisov3607,2026-09-11T06:08:20Z,False,Valid,10,0,0,0,1-1,TBD,0,1-1,TBD,0,3-1,TBD,0,1-1,TBD,0,2-0,TBD,0,1-1,TBD,0,0-1,TBD,0,1-3,TBD,0,2-1,TBD,0,2-1,TBD,0
Ugyg18IcrZe9v0hEChR4AaABAg,@rfatih95,http://www.youtube.com/@rfatih95,2026-09-11T05:58:07Z,False,Valid,10,0,0,0,2-1,TBD,0,1-1,TBD,0,4-2,TBD,0,0-0,TBD,0,4-1,TBD,0,0-0,TBD,0,0-2,TBD,0,1-3,TBD,0,3-2,TBD,0,1-1,TBD,0
UgxvX4CEpfI9qrSXf7l4AaABAg,@limkc8178,http://www.youtube.com/@limkc8178,2026-09-11T05:55:43Z,False,Valid,10,0,0,0,1-1,TBD,0,1-1,TBD,0,2-1,TBD,0,2-1,TBD,0,3-1,TBD,0,1-1,TBD,0,0-2,TBD,0,1-3,TBD,0,1-4,TBD,0,2-2,TBD,0
UgwBO4VDwVxJggWqpsZ4AaABAg,@williammurray-i6f,http://www.youtube.com/@williammurray-i6f,2026-09-11T05:55:39Z,False,Valid,10,0,0,0,0-1,TBD,0,1-2,TBD,0,2-1,TBD,0,3-0,TBD,0,0-0,TBD,0,1-2,TBD,0,0-2,TBD,0,0-1,TBD,0,2-1,TBD,0,1-1,TBD,0
Ugze7-6z_OP6P93oAwh4AaABAg,@IggyVossen,http://www.youtube.com/@IggyVossen,2026-09-11T05:38:54Z,False,Valid,10,0,0,0,0-1,TBD,0,1-2,TBD,0,2-1,TBD,0,2-0,TBD,0,2-1,TBD,0,0-2,TBD,0,0-4,TBD,0,0-3,TBD,0,3-2,TBD,0,1-2,TBD,0
Ugw2wy385baml80VAs94AaABAg,@pdawg4645,http://www.youtube.com/@pdawg4645,2026-09-11T05:37:27Z,False,Valid,10,0,0,0,1-1,TBD,0,2-2,TBD,0,3-1,TBD,0,2-0,TBD,0,2-0,TBD,0,3-1,TBD,0,0-2,TBD,0,1-2,TBD,0,1-1,TBD,0,1-3,TBD,0
UgxcMo_zIEzIPbR8LDd4AaABAg,@chiragkhatiwada6922,http://www.youtube.com/@chiragkhatiwada6922,2026-09-11T05:33:06Z,False,Valid,10,0,0,0,2-1,TBD,0,1-1,TBD,0,3-1,TBD,0,2-0,TBD,0,3-1,TBD,0,1-1,TBD,0,0-2,TBD,0,1-2,TBD,0,0-2,TBD,0,1-1,TBD,0
UgwHSzVo3HXkZjFnG094AaABAg,@ThegrandtravelNerd,http://www.youtube.com/@ThegrandtravelNerd,2026-09-11T05:33:05Z,False,Valid,10,0,0,0,2-1,TBD,0,1-1,TBD,0,3-1,TBD,0,1-0,TBD,0,2-0,TBD,0,1-1,TBD,0,0-2,TBD,0,0-3,TBD,0,1-2,TBD,0,0-2,TBD,0
UgznqlyaXC3qvnRUwxV4AaABAg,@Shuvi279Error,http://www.youtube.com/@Shuvi279Error,2026-09-11T05:31:50Z,False,Valid,10,0,0,0,1-2,TBD,0,0-1,TBD,0,0-0,TBD,0,2-0,TBD,0,4-3,TBD,0,1-2,TBD,0,0-3,TBD,0,0-4,TBD,0,2-1,TBD,0,0-2,TBD,0
Ugw4uo187Zrl05EC6uJ4AaABAg,@cologga,http://www.youtube.com/@cologga,2026-09-11T05:13:54Z,False,Valid,10,0,0,0,3-1,TBD,0,2-2,TBD,0,3-2,TBD,0,1-1,TBD,0,3-0,TBD,0,2-0,TBD,0,0-2,TBD,0,0-3,TBD,0,2-2,TBD,0,2-1,TBD,0
UgzBN_GJRc4L0NUrYSN4AaABAg,@footyanimator,http://www.youtube.com/@footyanimator,2026-09-11T05:00:47Z,False,Valid,10,0,0,0,2-1,TBD,0,1-2,TBD,0,2-0,TBD,0,2-2,TBD,0,3-1,TBD,0,1-1,TBD,0,1-3,TBD,0,1-4,TBD,0,3-2,TBD,0,1-1,TBD,0
UgzeazLeNIORLp8sbIR4AaABAg,@yourprogamer877,http://www.youtube.com/@yourprogamer877,2026-09-11T04:54:25Z,False,Valid,10,0,0,0,3-1,TBD,0,2-2,TBD,0,1-2,TBD,0,1-1,TBD,0,3-1,TBD,0,0-2,TBD,0,0-2,TBD,0,0-2,TBD,0,1-3,TBD,0,1-2,TBD,0
Ugye_5DXdYFUSpOhd9h4AaABAg,@shamaiperez-u7f,http://www.youtube.com/@shamaiperez-u7f,2026-09-11T04:46:26Z,False,Valid,10,0,0,0,2-0,TBD,0,1-1,TBD,0,1-0,TBD,0,1-2,TBD,0,1-1,TBD,0,2-2,TBD,0,1-3,TBD,0,2-0,TBD,0,2-4,TBD,0,0-1,TBD,0
Ugwo2mjbbaZig_qs4Y54AaABAg,@ArmaanIshaq-e1v,http://www.youtube.com/@ArmaanIshaq-e1v,2026-09-11T04:43:28Z,False,Valid,10,0,0,0,3-1,TBD,0,0-0,TBD,0,4-1,TBD,0,2-2,TBD,0,2-0,TBD,0,1-0,TBD,0,1-2,TBD,0,2-2,TBD,0,2-3,TBD,0,0-2,TBD,0
UgyPx7-dzY3NS54g0yl4AaABAg,@thenorthernghanaexperienc,http://www.youtube.com/@thenorthernghanaexperienc,2026-09-11T04:41:13Z,False,Valid,10,0,0,0,2-1,TBD,0,1-1,TBD,0,2-0,TBD,0,1-1,TBD,0,3-0,TBD,0,1-1,TBD,0,1-3,TBD,0,0-3,TBD,0,1-3,TBD,0,1-2,TBD,0
Ugw3t9whgn-LR70H_2J4AaABAg,@coopergreenwald8919,http://www.youtube.com/@coopergreenwald8919,2026-09-11T04:11:49Z,False,Valid,10,0,0,0,1-1,TBD,0,2-2,TBD,0,3-1,TBD,0,2-1,TBD,0,4-1,TBD,0,0-1,TBD,0,0-1,TBD,0,0-2,TBD,0,2-1,TBD,0,1-2,TBD,0
UgzBlso0-T5l1SzG1Xd4AaABAg,@rishabh2310,http://www.youtube.com/@rishabh2310,2026-09-11T04:08:13Z,False,Valid,10,0,0,0,1-0,TBD,0,2-2,TBD,0,2-0,TBD,0,1-2,TBD,0,3-1,TBD,0,0-0,TBD,0,0-2,TBD,0,1-3,TBD,0,3-1,TBD,0,2-1,TBD,0
UgyhpSJT-5xC1yGxNhJ4AaABAg,@alacaviationrailfan,http://www.youtube.com/@alacaviationrailfan,2026-09-11T04:08:08Z,False,Valid,10,0,0,0,2-1,TBD,0,0-0,TBD,0,3-0,TBD,0,1-1,TBD,0,3-0,TBD,0,0-2,TBD,0,1-4,TBD,0,0-2,TBD,0,3-2,TBD,0,1-1,TBD,0
UgwkSq2ToFixnJ5CqWd4AaABAg,@jairot4462,http://www.youtube.com/@jairot4462,2026-09-11T04:04:01Z,True,Disqualified (Comment was Edited),10,0,0,0,1-0,TBD,0,1-2,TBD,0,4-2,TBD,0,1-1,TBD,0,2-1,TBD,0,1-2,TBD,0,0-2,TBD,0,2-3,TBD,0,2-2,TBD,0,2-2,TBD,0
UgzEhOYYTH2NHZmtUN54AaABAg,@Ferrufino5l,http://www.youtube.com/@Ferrufino5l,2026-09-11T03:43:37Z,False,Valid,10,0,0,0,1-1,TBD,0,2-0,TBD,0,3-1,TBD,0,3-0,TBD,0,3-1,TBD,0,1-2,TBD,0,0-2,TBD,0,2-4,TBD,0,1-3,TBD,0,2-3,TBD,0
UgyxoCoJo8aGGVWpNaJ4AaABAg,@rahulbenjaminsarkar8999,http://www.youtube.com/@rahulbenjaminsarkar8999,2026-09-11T03:41:11Z,False,Valid,10,0,0,0,2-1,TBD,0,2-2,TBD,0,3-2,TBD,0,2-1,TBD,0,2-0,TBD,0,1-2,TBD,0,0-2,TBD,0,0-3,TBD,0,2-2,TBD,0,2-2,TBD,0
Ugwd4qL_dA1vIuf5f3d4AaABAg,@kittyzoomby,http://www.youtube.com/@kittyzoomby,2026-09-11T03:31:51Z,False,Valid,10,0,0,0,1-0,TBD,0,1-1,TBD,0,3-0,TBD,0,0-0,TBD,0,2-0,TBD,0,0-1,TBD,0,1-3,TBD,0,0-4,TBD,0,3-0,TBD,0,2-0,TBD,0
UgzlzlnnddeNet4cdlB4AaABAg,@brunochip2380,http://www.youtube.com/@brunochip2380,2026-09-11T03:29:16Z,False,Valid,10,0,0,0,2-1,TBD,0,0-1,TBD,0,3-0,TBD,0,2-0,TBD,0,1-1,TBD,0,0-0,TBD,0,0-2,TBD,0,0-1,TBD,0,3-2,TBD,0,2-2,TBD,0
Ugxb0TLzLboTdjq4ce94AaABAg,@rupamaditya0,http://www.youtube.com/@rupamaditya0,2026-09-11T03:28:13Z,False,Valid,10,0,0,0,2-1,TBD,0,0-2,TBD,0,2-0,TBD,0,1-1,TBD,0,4-0,TBD,0,2-2,TBD,0,0-3,TBD,0,1-1,TBD,0,4-2,TBD,0,2-1,TBD,0
Ugw_s4hCtS-aL-sogQh4AaABAg,@briantran6145,http://www.youtube.com/@briantran6145,2026-09-11T03:27:11Z,False,Valid,10,0,0,0,2-1,TBD,0,1-2,TBD,0,3-2,TBD,0,1-0,TBD,0,3-1,TBD,0,0-1,TBD,0,0-1,TBD,0,1-3,TBD,0,1-2,TBD,0,2-1,TBD,0
Ugz6kbib1hhv_gPhlKV4AaABAg,@UltraMLPMMMunetes,http://www.youtube.com/@UltraMLPMMMunetes,2026-09-11T03:25:02Z,False,Valid,10,0,0,0,2-1,TBD,0,2-2,TBD,0,4-1,TBD,0,1-0,TBD,0,3-1,TBD,0,1-1,TBD,0,0-2,TBD,0,1-3,TBD,0,1-2,TBD,0,2-2,TBD,0
Ugzaqw0STKJxo94ehzF4AaABAg,@razza119,http://www.youtube.com/@razza119,2026-09-11T03:11:03Z,False,Valid,10,0,0,0,2-1,TBD,0,1-1,TBD,0,3-0,TBD,0,2-0,TBD,0,3-0,TBD,0,0-2,TBD,0,1-3,TBD,0,0-2,TBD,0,2-1,TBD,0,0-2,TBD,0
UgyYs3SSKhaw2LV_mj14AaABAg,@F21SP205UTMFKT,http://www.youtube.com/@F21SP205UTMFKT,2026-09-11T03:09:39Z,False,Valid,10,0,0,0,1-2,TBD,0,1-2,TBD,0,3-1,TBD,0,1-2,TBD,0,2-2,TBD,0,1-2,TBD,0,0-2,TBD,0,1-1,TBD,0,2-1,TBD,0,3-1,TBD,0
UgzITKeOenYgHf_ozQF4AaABAg,@oscarsanchez4521,http://www.youtube.com/@oscarsanchez4521,2026-09-11T03:04:54Z,False,Valid,10,0,0,0,2-1,TBD,0,2-2,TBD,0,1-0,TBD,0,2-2,TBD,0,4-0,TBD,0,2-1,TBD,0,0-2,TBD,0,0-3,TBD,0,0-0,TBD,0,2-1,TBD,0
UgwbeVYO3VqNG2K654h4AaABAg,@BritishNFFC,http://www.youtube.com/@BritishNFFC,2026-09-11T02:57:52Z,False,Valid,10,0,0,0,1-2,TBD,0,2-1,TBD,0,3-1,TBD,0,1-2,TBD,0,4-0,TBD,0,1-0,TBD,0,0-2,TBD,0,1-3,TBD,0,2-3,TBD,0,0-2,TBD,0
UgzynDPFx2Zuu2z9E2h4AaABAg,@danenull254,http://www.youtube.com/@danenull254,2026-09-11T02:57:15Z,False,Valid,10,0,0,0,2-1,TBD,0,1-1,TBD,0,3-1,TBD,0,1-2,TBD,0,3-0,TBD,0,2-1,TBD,0,0-2,TBD,0,0-2,TBD,0,1-2,TBD,0,1-1,TBD,0
Ugy7_WDd_FZvNlvdo9N4AaABAg,@whtwhtc,http://www.youtube.com/@whtwhtc,2026-09-11T02:51:31Z,False,Valid,10,0,0,0,1-1,TBD,0,2-1,TBD,0,3-0,TBD,0,2-1,TBD,0,3-2,TBD,0,1-2,TBD,0,0-2,TBD,0,1-3,TBD,0,0-2,TBD,0,1-1,TBD,0
UgyxN6a7ON6M4zl4xRR4AaABAg,@ChrisS-051,http://www.youtube.com/@ChrisS-051,2026-09-11T02:45:19Z,False,Valid,10,0,0,0,1-1,TBD,0,2-1,TBD,0,6-0,TBD,0,1-1,TBD,0,3-0,TBD,0,1-1,TBD,0,1-2,TBD,0,1-1,TBD,0,2-2,TBD,0,2-1,TBD,0
UgyGBMC2OnFTWJeSugN4AaABAg,@mattf9627,http://www.youtube.com/@mattf9627,2026-09-11T02:44:17Z,False,Valid,9,0,0,0,1-2,TBD,0,2-3,TBD,0,2-1,TBD,0,1-1,TBD,0,3-1,TBD,0,1-1,TBD,0,0-3,TBD,0,0-2,TBD,0,N/A,TBD,0,3-1,TBD,0
UgzTFE89Er1iVR2EheB4AaABAg,@Blazed666,http://www.youtube.com/@Blazed666,2026-09-11T02:36:28Z,False,Valid,10,0,0,0,1-1,TBD,0,3-2,TBD,0,2-0,TBD,0,1-2,TBD,0,2-2,TBD,0,0-1,TBD,0,0-2,TBD,0,0-2,TBD,0,3-2,TBD,0,1-1,TBD,0
Ugw3Onk2LqRYQ0gHKCZ4AaABAg,@wolfisin,http://www.youtube.com/@wolfisin,2026-09-11T02:28:45Z,False,Valid,10,0,0,0,0-1,TBD,0,0-2,TBD,0,1-1,TBD,0,1-0,TBD,0,2-0,TBD,0,1-0,TBD,0,1-2,TBD,0,0-2,TBD,0,1-2,TBD,0,1-1,TBD,0
Ugww6dhC_vSXpN_b11V4AaABAg,@Lamppost447,http://www.youtube.com/@Lamppost447,2026-09-11T02:25:18Z,False,Valid,7,0,0,0,N/A,TBD,0,1-3,TBD,0,0-2,TBD,0,2-0,TBD,0,3-1,TBD,0,2-1,TBD,0,N/A,TBD,0,N/A,TBD,0,2-4,TBD,0,2-2,TBD,0
UgwEGd4b0fNBR_UpcVB4AaABAg,@kstktoochill,http://www.youtube.com/@kstktoochill,2026-09-11T02:24:39Z,False,Valid,10,0,0,0,1-1,TBD,0,1-1,TBD,0,3-0,TBD,0,2-0,TBD,0,3-1,TBD,0,0-1,TBD,0,0-2,TBD,0,1-3,TBD,0,3-2,TBD,0,1-1,TBD,0
Ugx2nk6WJXeSmoLK5b54AaABAg,@julienserbanescu1484,http://www.youtube.com/@julienserbanescu1484,2026-09-11T02:24:37Z,False,Valid,10,0,0,0,2-1,TBD,0,2-2,TBD,0,2-2,TBD,0,2-1,TBD,0,3-0,TBD,0,2-2,TBD,0,1-3,TBD,0,1-2,TBD,0,2-1,TBD,0,2-2,TBD,0
UgwVLdj6MiiPT15vwdN4AaABAg,@Acrr01,http://www.youtube.com/@Acrr01,2026-09-11T02:05:42Z,False,Valid,10,0,0,0,2-0,TBD,0,1-3,TBD,0,2-1,TBD,0,2-0,TBD,0,4-0,TBD,0,1-3,TBD,0,0-3,TBD,0,1-1,TBD,0,3-3,TBD,0,1-2,TBD,0
UgzjklFEpeLRlEJEO-h4AaABAg,@kalebseiffu6781,http://www.youtube.com/@kalebseiffu6781,2026-09-11T01:49:10Z,False,Valid,10,0,0,0,1-1,TBD,0,1-1,TBD,0,3-0,TBD,0,0-0,TBD,0,3-1,TBD,0,1-0,TBD,0,0-1,TBD,0,1-3,TBD,0,1-1,TBD,0,2-2,TBD,0
Ugxn5GxFUcNP1VZMGIl4AaABAg,@Prinshu1996,http://www.youtube.com/@Prinshu1996,2026-09-11T01:46:29Z,False,Valid,10,0,0,0,2-1,TBD,0,1-3,TBD,0,0-0,TBD,0,2-1,TBD,0,3-1,TBD,0,2-1,TBD,0,0-1,TBD,0,0-2,TBD,0,0-3,TBD,0,2-2,TBD,0
UgwntwdxoRzfewlKziR4AaABAg,@Gnadeeer,http://www.youtube.com/@Gnadeeer,2026-09-11T01:44:40Z,False,Valid,10,0,0,0,1-1,TBD,0,2-1,TBD,0,4-1,TBD,0,2-1,TBD,0,3-1,TBD,0,3-0,TBD,0,1-1,TBD,0,2-1,TBD,0,1-3,TBD,0,1-0,TBD,0
Ugz9f1wng5gCJOR5V5l4AaABAg,@ashermoore594,http://www.youtube.com/@ashermoore594,2026-09-11T01:35:27Z,False,Valid,10,0,0,0,2-1,TBD,0,1-2,TBD,0,3-1,TBD,0,2-2,TBD,0,3-1,TBD,0,0-1,TBD,0,0-2,TBD,0,1-3,TBD,0,1-2,TBD,0,0-0,TBD,0
Ugw7IW0RbsJjlJwDNml4AaABAg,@dr4wd348,http://www.youtube.com/@dr4wd348,2026-09-11T01:34:29Z,False,Valid,10,0,0,0,0-1,TBD,0,2-2,TBD,0,3-0,TBD,0,3-1,TBD,0,2-0,TBD,0,0-2,TBD,0,0-4,TBD,0,1-3,TBD,0,2-4,TBD,0,1-0,TBD,0
Ugzg3Y4hzW4oXwNGbEh4AaABAg,@TheFrankfurtTorpedo,http://www.youtube.com/@TheFrankfurtTorpedo,2026-09-11T01:30:21Z,False,Valid,10,0,0,0,1-1,TBD,0,1-3,TBD,0,1-0,TBD,0,2-1,TBD,0,2-0,TBD,0,1-1,TBD,0,0-2,TBD,0,0-2,TBD,0,1-2,TBD,0,1-2,TBD,0
UgyKnTwgN-zrCbm5UKt4AaABAg,@Wtf-b3k,http://www.youtube.com/@Wtf-b3k,2026-09-11T01:26:57Z,False,Valid,10,0,0,0,2-1,TBD,0,1-0,TBD,0,3-1,TBD,0,2-0,TBD,0,4-0,TBD,0,0-1,TBD,0,0-3,TBD,0,1-1,TBD,0,1-2,TBD,0,2-2,TBD,0
UgyTFAqUXgWZo-v5qpx4AaABAg,@xavierharrison4601,http://www.youtube.com/@xavierharrison4601,2026-09-11T01:23:45Z,True,Disqualified (Comment was Edited),10,0,0,0,3-1,TBD,0,1-1,TBD,0,2-1,TBD,0,2-2,TBD,0,3-2,TBD,0,1-2,TBD,0,1-3,TBD,0,0-3,TBD,0,0-2,TBD,0,1-2,TBD,0
Ugy9wU4wETRJxEYY5rx4AaABAg,@aryanomsharma07,http://www.youtube.com/@aryanomsharma07,2026-09-11T01:23:27Z,False,Valid,10,0,0,0,2-1,TBD,0,1-1,TBD,0,4-1,TBD,0,2-0,TBD,0,3-1,TBD,0,0-1,TBD,0,0-2,TBD,0,0-1,TBD,0,2-2,TBD,0,1-2,TBD,0
UgyIyIdSj6HHtXaVBa14AaABAg,@ErosFabbriGk2026,http://www.youtube.com/@ErosFabbriGk2026,2026-09-11T01:23:23Z,False,Valid,10,0,0,0,3-1,TBD,0,2-1,TBD,0,2-0,TBD,0,1-0,TBD,0,0-2,TBD,0,1-0,TBD,0,2-2,TBD,0,0-0,TBD,0,3-3,TBD,0,0-1,TBD,0
UgzSC0BQWLsVzuehDV54AaABAg,@SidHappensT.T,http://www.youtube.com/@SidHappensT.T,2026-09-11T01:11:20Z,False,Valid,10,0,0,0,3-1,TBD,0,1-0,TBD,0,2-0,TBD,0,1-1,TBD,0,4-0,TBD,0,2-2,TBD,0,0-0,TBD,0,1-0,TBD,0,0-2,TBD,0,1-1,TBD,0
Ugz5EZ_8cw2ZQIAKHfl4AaABAg,@halea7124,http://www.youtube.com/@halea7124,2026-09-11T00:56:56Z,False,Valid,10,0,0,0,2-1,TBD,0,2-2,TBD,0,4-1,TBD,0,2-1,TBD,0,2-2,TBD,0,1-1,TBD,0,0-0,TBD,0,1-3,TBD,0,1-3,TBD,0,3-2,TBD,0
UgyMTeTW9KQ-819yHbR4AaABAg,@faisalaldahlawi6560,http://www.youtube.com/@faisalaldahlawi6560,2026-09-11T00:52:59Z,False,Valid,9,0,0,0,1-2,TBD,0,0-1,TBD,0,3-1,TBD,0,2-0,TBD,0,2-0,TBD,0,1-1,TBD,0,0-2,TBD,0,1-2,TBD,0,N/A,TBD,0,1-1,TBD,0
UgxTag5XMB6G3xxQGOl4AaABAg,@xaviersanchez314,http://www.youtube.com/@xaviersanchez314,2026-09-11T00:33:51Z,False,Valid,10,0,0,0,2-1,TBD,0,2-2,TBD,0,2-1,TBD,0,1-1,TBD,0,2-1,TBD,0,3-1,TBD,0,0-1,TBD,0,1-3,TBD,0,2-3,TBD,0,1-2,TBD,0
UgyXiNjmTJ5sQRCkbBx4AaABAg,@elijahjoseph4840,http://www.youtube.com/@elijahjoseph4840,2026-09-11T00:31:24Z,False,Valid,10,0,0,0,2-2,TBD,0,2-1,TBD,0,3-0,TBD,0,1-2,TBD,0,4-1,TBD,0,3-2,TBD,0,1-0,TBD,0,1-3,TBD,0,2-3,TBD,0,1-2,TBD,0
UgwwzM-DdD3ZWGIu68d4AaABAg,@justinbrown-zr9zf,http://www.youtube.com/@justinbrown-zr9zf,2026-09-11T00:30:36Z,False,Valid,10,0,0,0,2-0,TBD,0,0-2,TBD,0,5-2,TBD,0,0-1,TBD,0,3-1,TBD,0,0-2,TBD,0,2-1,TBD,0,2-1,TBD,0,2-1,TBD,0,2-1,TBD,0
UgyCh_d-SG_9bhEX9L94AaABAg,@AngelofDetermination,http://www.youtube.com/@AngelofDetermination,2026-09-11T00:30:25Z,False,Valid,3,0,0,0,1-1,TBD,0,1-2,TBD,0,4-0,TBD,0,N/A,TBD,0,N/A,TBD,0,N/A,TBD,0,N/A,TBD,0,N/A,TBD,0,N/A,TBD,0,N/A,TBD,0
UgyEjxW8VJ3yRF6f7TJ4AaABAg,@lnterestingInternet,http://www.youtube.com/@lnterestingInternet,2026-09-11T00:28:17Z,False,Valid,10,0,0,0,1-1,TBD,0,2-1,TBD,0,2-1,TBD,0,1-1,TBD,0,3-2,TBD,0,2-0,TBD,0,0-2,TBD,0,0-2,TBD,0,1-3,TBD,0,1-1,TBD,0
UgxtGBrcmOSjvUxo0ZJ4AaABAg,@lewis_.s7,http://www.youtube.com/@lewis_.s7,2026-09-11T00:21:23Z,False,Valid,10,0,0,0,1-1,TBD,0,0-0,TBD,0,3-2,TBD,0,1-2,TBD,0,2-0,TBD,0,0-2,TBD,0,0-1,TBD,0,1-3,TBD,0,1-2,TBD,0,1-1,TBD,0
UgxC1W6X7V02JsVWjVB4AaABAg,@IRS17,http://www.youtube.com/@IRS17,2026-09-11T00:17:05Z,False,Valid,10,0,0,0,1-1,TBD,0,2-2,TBD,0,4-2,TBD,0,2-1,TBD,0,3-1,TBD,0,0-2,TBD,0,0-3,TBD,0,0-2,TBD,0,2-1,TBD,0,2-2,TBD,0
UgxFmJduyQ_rHVN_Eqx4AaABAg,@Ja23Bi,http://www.youtube.com/@Ja23Bi,2026-09-11T00:14:26Z,False,Valid,10,0,0,0,1-2,TBD,0,2-2,TBD,0,2-0,TBD,0,1-2,TBD,0,3-1,TBD,0,1-1,TBD,0,0-2,TBD,0,0-3,TBD,0,1-2,TBD,0,1-2,TBD,0
Ugx2MTzTn8YJhDNMH4l4AaABAg,@BenjaminLass,http://www.youtube.com/@BenjaminLass,2026-09-11T00:13:01Z,False,Valid,10,0,0,0,0-0,TBD,0,2-0,TBD,0,3-1,TBD,0,2-0,TBD,0,2-0,TBD,0,2-0,TBD,0,2-3,TBD,0,1-4,TBD,0,0-2,TBD,0,3-1,TBD,0
UgznTor0o2G9d27KA1B4AaABAg,@Ccfc02,http://www.youtube.com/@Ccfc02,2026-09-11T00:09:46Z,False,Valid,10,0,0,0,2-1,TBD,0,2-2,TBD,0,4-1,TBD,0,3-2,TBD,0,3-0,TBD,0,0-1,TBD,0,0-2,TBD,0,2-2,TBD,0,1-3,TBD,0,2-1,TBD,0
UgywYInIx4Sw-v9XEnB4AaABAg,@Journey22405,http://www.youtube.com/@Journey22405,2026-09-10T23:57:42Z,False,Valid,10,0,0,0,1-2,TBD,0,0-3,TBD,0,2-1,TBD,0,1-0,TBD,0,2-0,TBD,0,0-2,TBD,0,0-2,TBD,0,1-1,TBD,0,2-1,TBD,0,3-2,TBD,0
UgwEGlr0pst373RF7zt4AaABAg,@saulmartinez6706,http://www.youtube.com/@saulmartinez6706,2026-09-10T23:55:45Z,False,Valid,10,0,0,0,2-1,TBD,0,3-2,TBD,0,5-2,TBD,0,2-1,TBD,0,4-1,TBD,0,2-1,TBD,0,0-2,TBD,0,1-3,TBD,0,0-2,TBD,0,2-1,TBD,0
UgxRgFVmSogH7J738iJ4AaABAg,@mywonderfulworldofvideos,http://www.youtube.com/@mywonderfulworldofvideos,2026-09-10T23:48:38Z,False,Valid,10,0,0,0,2-1,TBD,0,2-2,TBD,0,5-1,TBD,0,1-3,TBD,0,3-1,TBD,0,1-2,TBD,0,2-1,TBD,0,0-2,TBD,0,1-2,TBD,0,2-1,TBD,0
UgwaAJHhcXvTz2krT3B4AaABAg,@marcostenorio496,http://www.youtube.com/@marcostenorio496,2026-09-10T23:39:35Z,False,Valid,10,0,0,0,0-1,TBD,0,1-1,TBD,0,0-0,TBD,0,2-1,TBD,0,1-1,TBD,0,0-2,TBD,0,0-3,TBD,0,1-3,TBD,0,0-2,TBD,0,1-1,TBD,0
UgxtmIWpmtMevJ-MxbR4AaABAg,@abarkadabra,http://www.youtube.com/@abarkadabra,2026-09-10T23:39:29Z,False,Valid,10,0,0,0,0-4,TBD,0,3-1,TBD,0,1-2,TBD,0,0-1,TBD,0,1-0,TBD,0,0-2,TBD,0,2-0,TBD,0,0-3,TBD,0,2-4,TBD,0,3-2,TBD,0
Ugwv-I2aemklXB2nQHF4AaABAg,@Nicknwjj,http://www.youtube.com/@Nicknwjj,2026-09-10T23:22:25Z,False,Valid,10,0,0,0,2-1,TBD,0,1-1,TBD,0,3-2,TBD,0,1-0,TBD,0,2-0,TBD,0,1-1,TBD,0,0-2,TBD,0,1-3,TBD,0,2-2,TBD,0,1-2,TBD,0
UgyhNDML89hG_mdW87J4AaABAg,@maxkerrigan9123,http://www.youtube.com/@maxkerrigan9123,2026-09-10T23:18:07Z,False,Valid,10,0,0,0,0-2,TBD,0,1-0,TBD,0,0-0,TBD,0,0-2,TBD,0,4-0,TBD,0,1-3,TBD,0,1-5,TBD,0,1-1,TBD,0,2-1,TBD,0,4-1,TBD,0
Ugy0B3uVFEra2IpJtvB4AaABAg,@imperialsandwich3695,http://www.youtube.com/@imperialsandwich3695,2026-09-10T23:13:33Z,False,Valid,10,0,0,0,2-2,TBD,0,1-2,TBD,0,0-1,TBD,0,0-1,TBD,0,4-2,TBD,0,3-0,TBD,0,0-2,TBD,0,1-1,TBD,0,2-1,TBD,0,3-1,TBD,0
UgxAGlbt4TCX099YVDZ4AaABAg,@BodgeItandLegItStudios,http://www.youtube.com/@BodgeItandLegItStudios,2026-09-10T23:11:50Z,False,Valid,9,0,0,0,1-1,TBD,0,0-1,TBD,0,2-1,TBD,0,2-0,TBD,0,3-1,TBD,0,1-1,TBD,0,1-3,TBD,0,1-2,TBD,0,N/A,TBD,0,2-2,TBD,0
Ugy5YrOJVHaA4qenwdF4AaABAg,@isaiahcys16,http://www.youtube.com/@isaiahcys16,2026-09-10T23:09:15Z,False,Valid,9,0,0,0,2-2,TBD,0,1-2,TBD,0,4-0,TBD,0,2-0,TBD,0,3-0,TBD,0,N/A,TBD,0,0-2,TBD,0,0-3,TBD,0,1-1,TBD,0,1-2,TBD,0
Ugy0sNLFGzeZNLxIj9V4AaABAg,@yulanluo9980,http://www.youtube.com/@yulanluo9980,2026-09-10T23:07:17Z,False,Valid,10,0,0,0,1-0,TBD,0,1-1,TBD,0,3-1,TBD,0,1-0,TBD,0,3-1,TBD,0,1-1,TBD,0,0-2,TBD,0,0-1,TBD,0,1-1,TBD,0,0-0,TBD,0
UgxC7A8WWgM_MNSK_6d4AaABAg,@kdot9584,http://www.youtube.com/@kdot9584,2026-09-10T23:01:24Z,False,Valid,10,0,0,0,1-1,TBD,0,2-1,TBD,0,2-0,TBD,0,2-1,TBD,0,2-1,TBD,0,1-1,TBD,0,0-2,TBD,0,1-1,TBD,0,1-2,TBD,0,1-2,TBD,0
Ugz2sVDtuiw3hKI-m1l4AaABAg,@jeremyfraser138,http://www.youtube.com/@jeremyfraser138,2026-09-10T23:00:00Z,False,Valid,10,0,0,0,2-1,TBD,0,1-1,TBD,0,3-1,TBD,0,0-0,TBD,0,2-1,TBD,0,2-3,TBD,0,0-4,TBD,0,1-1,TBD,0,2-2,TBD,0,1-1,TBD,0
UgyX03GnPv0Ed-dXOPt4AaABAg,@CyrilMcWell,http://www.youtube.com/@CyrilMcWell,2026-09-10T22:59:56Z,False,Valid,10,0,0,0,2-0,TBD,0,2-1,TBD,0,2-0,TBD,0,1-2,TBD,0,2-1,TBD,0,1-1,TBD,0,0-2,TBD,0,1-1,TBD,0,2-1,TBD,0,1-2,TBD,0
UgzV51z2g-NwJ8yKrzl4AaABAg,@Blaze_24_1,http://www.youtube.com/@Blaze_24_1,2026-09-10T22:58:31Z,False,Valid,10,0,0,0,1-1,TBD,0,1-3,TBD,0,1-0,TBD,0,1-1,TBD,0,2-0,TBD,0,0-2,TBD,0,0-3,TBD,0,0-4,TBD,0,1-3,TBD,0,1-2,TBD,0
UgxgPn1BSq8QuU8eCa94AaABAg,@Tim_D93,http://www.youtube.com/@Tim_D93,2026-09-10T22:58:04Z,False,Valid,10,0,0,0,2-0,TBD,0,2-3,TBD,0,4-1,TBD,0,2-2,TBD,0,3-0,TBD,0,0-2,TBD,0,0-1,TBD,0,0-2,TBD,0,1-3,TBD,0,0-3,TBD,0
UgwTrGPm_W0UAWT5OKp4AaABAg,@Maidrhap,http://www.youtube.com/@Maidrhap,2026-09-10T22:55:21Z,False,Valid,10,0,0,0,1-2,TBD,0,1-3,TBD,0,3-1,TBD,0,1-1,TBD,0,3-2,TBD,0,2-2,TBD,0,0-2,TBD,0,1-3,TBD,0,1-3,TBD,0,2-3,TBD,0
UgyryDWVc5JVFcjmQA14AaABAg,@butterlord3317,http://www.youtube.com/@butterlord3317,2026-09-10T22:52:24Z,False,Valid,10,0,0,0,2-1,TBD,0,3-3,TBD,0,3-0,TBD,0,0-1,TBD,0,4-0,TBD,0,1-2,TBD,0,0-2,TBD,0,1-2,TBD,0,3-2,TBD,0,1-1,TBD,0
UgyNbfIiQBjGGDB8MhF4AaABAg,@aposapocalypse7117,http://www.youtube.com/@aposapocalypse7117,2026-09-10T22:51:23Z,False,Valid,10,0,0,0,2-1,TBD,0,1-0,TBD,0,2-0,TBD,0,0-0,TBD,0,3-1,TBD,0,1-1,TBD,0,0-3,TBD,0,1-1,TBD,0,2-0,TBD,0,2-3,TBD,0
UgwtqvqWi_2b9IKNdSh4AaABAg,@eamonlyons8069,http://www.youtube.com/@eamonlyons8069,2026-09-10T22:46:59Z,False,Valid,10,0,0,0,4-2,TBD,0,1-2,TBD,0,3-0,TBD,0,1-1,TBD,0,6-0,TBD,0,0-2,TBD,0,1-0,TBD,0,1-1,TBD,0,3-2,TBD,0,3-3,TBD,0
UgypeuOoEp-vm5P8_dJ4AaABAg,@apezza402,http://www.youtube.com/@apezza402,2026-09-10T22:44:01Z,False,Valid,10,0,0,0,2-1,TBD,0,1-1,TBD,0,4-1,TBD,0,1-2,TBD,0,3-2,TBD,0,1-1,TBD,0,0-2,TBD,0,0-0,TBD,0,2-1,TBD,0,2-2,TBD,0
UgxFtxVe35PPpSfj9Jt4AaABAg,@RavynFFH,http://www.youtube.com/@RavynFFH,2026-09-10T22:42:15Z,False,Valid,10,0,0,0,1-1,TBD,0,1-3,TBD,0,3-2,TBD,0,3-1,TBD,0,4-1,TBD,0,2-2,TBD,0,1-1,TBD,0,0-3,TBD,0,2-2,TBD,0,2-2,TBD,0
UgwkF4Vx8X4-deQIH354AaABAg,@kevinmensah9950,http://www.youtube.com/@kevinmensah9950,2026-09-10T22:40:02Z,False,Valid,10,0,0,0,2-2,TBD,0,2-1,TBD,0,3-1,TBD,0,1-1,TBD,0,3-1,TBD,0,2-1,TBD,0,0-2,TBD,0,0-2,TBD,0,1-1,TBD,0,2-1,TBD,0
UgzMgIS4ECHyZ3hJxEx4AaABAg,@rpe10538,http://www.youtube.com/@rpe10538,2026-09-10T22:39:41Z,False,Valid,10,0,0,0,2-1,TBD,0,2-2,TBD,0,2-0,TBD,0,0-2,TBD,0,4-0,TBD,0,0-1,TBD,0,0-2,TBD,0,1-1,TBD,0,2-2,TBD,0,3-1,TBD,0
Ugx2vTk_PGL5_VJMzJp4AaABAg,@sudarshannsatyanarayanan,http://www.youtube.com/@sudarshannsatyanarayanan,2026-09-10T22:32:20Z,False,Valid,9,0,0,0,1-2,TBD,0,N/A,TBD,0,2-2,TBD,0,3-1,TBD,0,3-2,TBD,0,1-2,TBD,0,1-2,TBD,0,0-0,TBD,0,1-2,TBD,0,3-2,TBD,0
UgzcZwAydVjaxmv0sDR4AaABAg,@reverseflashplays8615,http://www.youtube.com/@reverseflashplays8615,2026-09-10T22:31:55Z,False,Valid,9,0,0,0,0-2,TBD,0,2-1,TBD,0,0-1,TBD,0,2-0,TBD,0,N/A,TBD,0,0-1,TBD,0,0-1,TBD,0,1-2,TBD,0,0-2,TBD,0,2-3,TBD,0
UgyvkyV97ekAWqNGMzN4AaABAg,@williamleadbeater8110,http://www.youtube.com/@williamleadbeater8110,2026-09-10T22:21:51Z,False,Valid,10,0,0,0,2-0,TBD,0,2-1,TBD,0,0-0,TBD,0,2-2,TBD,0,3-1,TBD,0,2-1,TBD,0,0-1,TBD,0,1-2,TBD,0,2-3,TBD,0,2-2,TBD,0
UgyBldDjdcIzCokGhEt4AaABAg,@Drewaldrich1996,http://www.youtube.com/@Drewaldrich1996,2026-09-10T22:21:45Z,False,Valid,10,0,0,0,1-0,TBD,0,2-2,TBD,0,3-1,TBD,0,1-1,TBD,0,4-2,TBD,0,2-1,TBD,0,1-2,TBD,0,1-4,TBD,0,0-1,TBD,0,3-2,TBD,0
UgxyaCM4E5RevC2RNt54AaABAg,@aakarshnarula6811,http://www.youtube.com/@aakarshnarula6811,2026-09-10T22:17:40Z,False,Valid,10,0,0,0,1-1,TBD,0,2-1,TBD,0,2-1,TBD,0,2-2,TBD,0,4-2,TBD,0,1-2,TBD,0,0-2,TBD,0,0-3,TBD,0,2-3,TBD,0,0-1,TBD,0
UgzuIYzUp3tlXRlV1fB4AaABAg,@Fantasybig,http://www.youtube.com/@Fantasybig,2026-09-10T22:15:34Z,False,Valid,9,0,0,0,2-2,TBD,0,1-0,TBD,0,5-2,TBD,0,0-0,TBD,0,3-0,TBD,0,1-0,TBD,0,2-0,TBD,0,0-2,TBD,0,1-2,TBD,0,N/A,TBD,0
UgyU4KbVlwhELz90MyB4AaABAg,@_chabrlja,http://www.youtube.com/@_chabrlja,2026-09-10T22:11:54Z,False,Valid,10,0,0,0,2-0,TBD,0,2-2,TBD,0,2-0,TBD,0,2-1,TBD,0,3-0,TBD,0,2-0,TBD,0,1-3,TBD,0,0-3,TBD,0,1-1,TBD,0,0-1,TBD,0
Ugxyq_eLhlQI9ssXUs54AaABAg,@charlesthuo2615,http://www.youtube.com/@charlesthuo2615,2026-09-10T22:11:30Z,False,Valid,9,0,0,0,N/A,TBD,0,1-2,TBD,0,5-0,TBD,0,2-0,TBD,0,2-2,TBD,0,0-1,TBD,0,2-1,TBD,0,2-0,TBD,0,2-1,TBD,0,1-2,TBD,0
Ugy02AbP4dWDSg6NI5x4AaABAg,@reece999999999,http://www.youtube.com/@reece999999999,2026-09-10T22:10:03Z,False,Valid,10,0,0,0,2-2,TBD,0,0-3,TBD,0,4-1,TBD,0,1-1,TBD,0,3-0,TBD,0,1-1,TBD,0,0-2,TBD,0,0-1,TBD,0,2-3,TBD,0,1-1,TBD,0
UgxJ5t9enRD73kqqFT94AaABAg,@codie4925,http://www.youtube.com/@codie4925,2026-09-10T22:07:43Z,False,Valid,10,0,0,0,1-2,TBD,0,1-2,TBD,0,5-2,TBD,0,1-1,TBD,0,2-0,TBD,0,2-1,TBD,0,0-3,TBD,0,1-4,TBD,0,1-1,TBD,0,1-0,TBD,0
UgwP9OpomCJPPQrt8bR4AaABAg,@EggCouncilCreeper,http://www.youtube.com/@EggCouncilCreeper,2026-09-10T22:04:25Z,False,Valid,10,0,0,0,1-0,TBD,0,2-1,TBD,0,3-1,TBD,0,0-0,TBD,0,4-0,TBD,0,0-0,TBD,0,1-3,TBD,0,1-1,TBD,0,2-1,TBD,0,0-1,TBD,0
Ugzi_K7qSkeaQDxx-JF4AaABAg,@SnappedFootball,http://www.youtube.com/@SnappedFootball,2026-09-10T22:02:20Z,False,Valid,10,0,0,0,3-2,TBD,0,0-0,TBD,0,3-1,TBD,0,2-1,TBD,0,2-2,TBD,0,2-1,TBD,0,1-2,TBD,0,1-2,TBD,0,1-2,TBD,0,2-1,TBD,0
UgyfgP0l4p-bA8SSkop4AaABAg,@valentinkolev1,http://www.youtube.com/@valentinkolev1,2026-09-10T22:00:38Z,False,Valid,10,0,0,0,2-1,TBD,0,2-2,TBD,0,6-2,TBD,0,1-0,TBD,0,3-1,TBD,0,1-2,TBD,0,1-0,TBD,0,0-0,TBD,0,1-3,TBD,0,2-3,TBD,0
UgwI4ryzHos6IKJrXah4AaABAg,@Europe775,http://www.youtube.com/@Europe775,2026-09-10T22:00:13Z,False,Valid,10,0,0,0,1-1,TBD,0,3-2,TBD,0,0-1,TBD,0,3-1,TBD,0,2-1,TBD,0,4-3,TBD,0,1-3,TBD,0,1-4,TBD,0,3-4,TBD,0,2-1,TBD,0
UgwdyuS5aSuhhpySClV4AaABAg,@adoeseverything9834,http://www.youtube.com/@adoeseverything9834,2026-09-10T21:59:03Z,False,Valid,10,0,0,0,1-2,TBD,0,2-1,TBD,0,2-3,TBD,0,2-0,TBD,0,1-1,TBD,0,0-2,TBD,0,1-1,TBD,0,0-2,TBD,0,0-2,TBD,0,0-2,TBD,0
UgyxNqvyqRKjxTpQb6t4AaABAg,@theinformer499,http://www.youtube.com/@theinformer499,2026-09-10T21:54:36Z,False,Valid,10,0,0,0,1-1,TBD,0,2-2,TBD,0,2-2,TBD,0,1-2,TBD,0,2-0,TBD,0,1-1,TBD,0,0-2,TBD,0,0-3,TBD,0,1-1,TBD,0,2-2,TBD,0
UgyylZlWfm6-RLVln594AaABAg,@ammar56604,http://www.youtube.com/@ammar56604,2026-09-10T21:52:17Z,False,Valid,10,0,0,0,1-1,TBD,0,1-2,TBD,0,4-0,TBD,0,2-0,TBD,0,2-1,TBD,0,0-2,TBD,0,0-1,TBD,0,1-4,TBD,0,2-2,TBD,0,1-3,TBD,0
Ugz_j_qMRxWFutkzfjl4AaABAg,@JoeSmith-ef2zh,http://www.youtube.com/@JoeSmith-ef2zh,2026-09-10T21:50:41Z,False,Valid,10,0,0,0,2-1,TBD,0,2-4,TBD,0,4-0,TBD,0,3-1,TBD,0,5-1,TBD,0,2-3,TBD,0,0-3,TBD,0,1-0,TBD,0,3-3,TBD,0,3-0,TBD,0
UgwCbvPPS48kWeoAPM14AaABAg,@whatdahecko9328,http://www.youtube.com/@whatdahecko9328,2026-09-10T21:49:43Z,True,Disqualified (Comment was Edited),10,0,0,0,1-1,TBD,0,2-3,TBD,0,0-4,TBD,0,0-0,TBD,0,3-1,TBD,0,0-2,TBD,0,0-3,TBD,0,1-2,TBD,0,2-2,TBD,0,3-3,TBD,0
Ugx1haIDA6hs_cEbaLx4AaABAg,@A.Sharif.02,http://www.youtube.com/@A.Sharif.02,2026-09-10T21:46:27Z,False,Valid,10,0,0,0,1-0,TBD,0,1-1,TBD,0,4-0,TBD,0,1-1,TBD,0,4-1,TBD,0,2-1,TBD,0,0-1,TBD,0,1-1,TBD,0,2-2,TBD,0,2-2,TBD,0
Ugwd_nEjBiwgw9bRget4AaABAg,@DaleongL,http://www.youtube.com/@DaleongL,2026-09-10T21:41:35Z,False,Valid,10,0,0,0,1-1,TBD,0,2-2,TBD,0,4-0,TBD,0,3-1,TBD,0,4-1,TBD,0,1-1,TBD,0,0-1,TBD,0,0-2,TBD,0,1-2,TBD,0,2-2,TBD,0
UgwoALz1XXrEM7asCwF4AaABAg,@jcawa-23,http://www.youtube.com/@jcawa-23,2026-09-10T21:38:05Z,False,Valid,10,0,0,0,2-1,TBD,0,1-1,TBD,0,4-2,TBD,0,1-1,TBD,0,3-1,TBD,0,0-1,TBD,0,0-3,TBD,0,0-1,TBD,0,1-2,TBD,0,1-1,TBD,0
UgzAPELCxwRrCNncOWZ4AaABAg,@HiMyNameIsPip,http://www.youtube.com/@HiMyNameIsPip,2026-09-10T21:38:04Z,False,Valid,10,0,0,0,1-0,TBD,0,2-2,TBD,0,3-2,TBD,0,1-2,TBD,0,3-1,TBD,0,0-1,TBD,0,0-2,TBD,0,0-2,TBD,0,2-2,TBD,0,2-0,TBD,0
UgzIzk-PnoCR60AYlU54AaABAg,@neilmandimika6142,http://www.youtube.com/@neilmandimika6142,2026-09-10T21:34:05Z,False,Valid,9,0,0,0,2-1,TBD,0,1-1,TBD,0,3-1,TBD,0,2-1,TBD,0,2-2,TBD,0,1-2,TBD,0,1-1,TBD,0,N/A,TBD,0,2-0,TBD,0,2-1,TBD,0
UgxH2DtLqSDn6MilIMJ4AaABAg,@furkankilicaslan03,http://www.youtube.com/@furkankilicaslan03,2026-09-10T21:26:37Z,False,Valid,10,0,0,0,2-1,TBD,0,3-2,TBD,0,4-0,TBD,0,3-1,TBD,0,2-0,TBD,0,0-0,TBD,0,1-0,TBD,0,0-4,TBD,0,1-0,TBD,0,0-2,TBD,0
Ugxx_-DtVl1Ty5z0XWh4AaABAg,@Bbbraelyn,http://www.youtube.com/@Bbbraelyn,2026-09-10T21:25:15Z,False,Valid,10,0,0,0,0-2,TBD,0,1-3,TBD,0,0-3,TBD,0,2-2,TBD,0,3-1,TBD,0,1-1,TBD,0,1-1,TBD,0,0-2,TBD,0,2-1,TBD,0,0-0,TBD,0
UgygV-WXRGonHrvU2JV4AaABAg,@Pronce_5237,http://www.youtube.com/@Pronce_5237,2026-09-10T21:22:59Z,False,Valid,10,0,0,0,1-1,TBD,0,2-3,TBD,0,4-0,TBD,0,0-0,TBD,0,3-1,TBD,0,0-2,TBD,0,0-3,TBD,0,1-2,TBD,0,2-2,TBD,0,3-3,TBD,0
UgytsDlbxH1Trr9HR4F4AaABAg,@godofthegreatkurultaj4302,http://www.youtube.com/@godofthegreatkurultaj4302,2026-09-10T21:22:14Z,False,Valid,10,0,0,0,1-1,TBD,0,1-2,TBD,0,3-1,TBD,0,0-0,TBD,0,2-0,TBD,0,1-2,TBD,0,0-2,TBD,0,0-2,TBD,0,2-2,TBD,0,2-2,TBD,0
UgxAIX5aB8h0llBvt8N4AaABAg,@IvoTheGhouI,http://www.youtube.com/@IvoTheGhouI,2026-09-10T21:22:12Z,False,Valid,10,0,0,0,0-1,TBD,0,2-2,TBD,0,4-1,TBD,0,1-1,TBD,0,2-0,TBD,0,1-0,TBD,0,0-2,TBD,0,2-1,TBD,0,1-3,TBD,0,2-3,TBD,0
UgyrlqHjIVtSiFeOrmh4AaABAg,@olekklein27,http://www.youtube.com/@olekklein27,2026-09-10T21:19:37Z,False,Valid,10,0,0,0,1-1,TBD,0,1-2,TBD,0,2-0,TBD,0,1-1,TBD,0,3-2,TBD,0,0-1,TBD,0,0-0,TBD,0,2-2,TBD,0,0-2,TBD,0,3-3,TBD,0
Ugzuic3fO914A_QzMrZ4AaABAg,@Heelbaas,http://www.youtube.com/@Heelbaas,2026-09-10T21:15:29Z,False,Valid,9,0,0,0,N/A,TBD,0,2-2,TBD,0,5-2,TBD,0,1-0,TBD,0,4-1,TBD,0,1-0,TBD,0,1-3,TBD,0,2-2,TBD,0,1-3,TBD,0,0-1,TBD,0
UgzE6W7EJyFlKt0KN714AaABAg,@ManchesterUnited20fc,http://www.youtube.com/@ManchesterUnited20fc,2026-09-10T21:13:37Z,False,Valid,10,0,0,0,2-1,TBD,0,1-1,TBD,0,4-1,TBD,0,3-1,TBD,0,3-1,TBD,0,1-2,TBD,0,1-3,TBD,0,1-4,TBD,0,3-2,TBD,0,2-2,TBD,0
Ugw7cGt18IVuKXIjZid4AaABAg,@jonathanbnice6816,http://www.youtube.com/@jonathanbnice6816,2026-09-10T21:10:18Z,False,Valid,10,0,0,0,1-1,TBD,0,1-0,TBD,0,3-0,TBD,0,1-0,TBD,0,2-1,TBD,0,1-1,TBD,0,0-2,TBD,0,0-2,TBD,0,2-2,TBD,0,0-1,TBD,0
UgyANsY56H4g-TUcSYV4AaABAg,@TacticalTempo,http://www.youtube.com/@TacticalTempo,2026-09-10T21:08:55Z,False,Valid,10,0,0,0,1-2,TBD,0,2-1,TBD,0,4-2,TBD,0,1-1,TBD,0,3-1,TBD,0,1-1,TBD,0,1-2,TBD,0,1-3,TBD,0,1-3,TBD,0,1-2,TBD,0
UgyqYdp5ayo_s9SS7tt4AaABAg,@christianosmusicreviews7919,http://www.youtube.com/@christianosmusicreviews7919,2026-09-10T21:07:07Z,False,Valid,10,0,0,0,1-1,TBD,0,2-1,TBD,0,2-1,TBD,0,4-1,TBD,0,3-1,TBD,0,2-1,TBD,0,0-3,TBD,0,1-3,TBD,0,2-3,TBD,0,2-3,TBD,0
UgxVomCCMOoTPvaF5Ft4AaABAg,@dwumasarpong5996,http://www.youtube.com/@dwumasarpong5996,2026-09-10T21:06:48Z,False,Valid,10,0,0,0,1-2,TBD,0,2-1,TBD,0,3-1,TBD,0,2-1,TBD,0,3-1,TBD,0,1-1,TBD,0,0-2,TBD,0,1-1,TBD,0,3-2,TBD,0,1-0,TBD,0
UgwmT0jGuzDx45MQWpF4AaABAg,@captainvanisher988,http://www.youtube.com/@captainvanisher988,2026-09-10T21:06:33Z,False,Valid,10,0,0,0,1-2,TBD,0,0-2,TBD,0,0-1,TBD,0,0-2,TBD,0,3-1,TBD,0,1-0,TBD,0,0-2,TBD,0,1-3,TBD,0,1-2,TBD,0,1-0,TBD,0
UgxNuxpLUtj7KojqNsV4AaABAg,@SportsCardsCenter,http://www.youtube.com/@SportsCardsCenter,2026-09-10T21:06:28Z,False,Valid,10,0,0,0,1-0,TBD,0,1-1,TBD,0,3-0,TBD,0,1-0,TBD,0,3-0,TBD,0,0-1,TBD,0,0-2,TBD,0,0-2,TBD,0,2-1,TBD,0,2-0,TBD,0
UgzDsDAgpmpf_JC3lnF4AaABAg,@theofoster5008,http://www.youtube.com/@theofoster5008,2026-09-10T21:06:13Z,False,Valid,10,0,0,0,2-0,TBD,0,1-1,TBD,0,3-0,TBD,0,0-1,TBD,0,3-1,TBD,0,1-2,TBD,0,1-2,TBD,0,1-3,TBD,0,1-1,TBD,0,2-2,TBD,0
UgzQdlZ5RkBrDgJz1BR4AaABAg,@Lilleh__,http://www.youtube.com/@Lilleh__,2026-09-10T21:05:20Z,False,Valid,10,0,0,0,2-2,TBD,0,1-2,TBD,0,4-1,TBD,0,1-1,TBD,0,3-0,TBD,0,1-0,TBD,0,1-2,TBD,0,0-2,TBD,0,2-1,TBD,0,0-2,TBD,0
Ugx-T_KRuz8YQhONWWl4AaABAg,@anthonyvaladez2941,http://www.youtube.com/@anthonyvaladez2941,2026-09-10T21:00:43Z,False,Valid,10,0,0,0,0-2,TBD,0,2-2,TBD,0,1-1,TBD,0,3-2,TBD,0,4-0,TBD,0,0-1,TBD,0,0-3,TBD,0,2-2,TBD,0,2-2,TBD,0,1-2,TBD,0
UgwMmfd6FRPJDP8RK1F4AaABAg,@leozon100,http://www.youtube.com/@leozon100,2026-09-10T21:00:29Z,False,Valid,10,0,0,0,1-1,TBD,0,1-2,TBD,0,2-1,TBD,0,2-0,TBD,0,4-1,TBD,0,2-2,TBD,0,0-3,TBD,0,1-3,TBD,0,2-1,TBD,0,1-1,TBD,0
UgzL6CXve_tRRlnVwz94AaABAg,@pedroconceicao6700,http://www.youtube.com/@pedroconceicao6700,2026-09-10T20:56:50Z,False,Valid,10,0,0,0,1-0,TBD,0,2-2,TBD,0,1-0,TBD,0,1-1,TBD,0,3-1,TBD,0,1-1,TBD,0,0-2,TBD,0,1-2,TBD,0,3-2,TBD,0,2-1,TBD,0
UgzpGv0AParLvnow4294AaABAg,@jjbingham123,http://www.youtube.com/@jjbingham123,2026-09-10T20:54:50Z,False,Valid,10,0,0,0,1-2,TBD,0,2-2,TBD,0,4-1,TBD,0,1-1,TBD,0,3-0,TBD,0,2-1,TBD,0,0-2,TBD,0,0-3,TBD,0,2-1,TBD,0,2-2,TBD,0
UgyhKJAT13CsuGYiUl54AaABAg,@william1181_,http://www.youtube.com/@william1181_,2026-09-10T20:52:07Z,False,Valid,10,0,0,0,1-1,TBD,0,2-1,TBD,0,4-1,TBD,0,1-0,TBD,0,2-0,TBD,0,2-3,TBD,0,0-3,TBD,0,1-2,TBD,0,0-2,TBD,0,1-2,TBD,0
UgwcNQ0SfNL0CgASlgx4AaABAg,@franktheflamingo5466,http://www.youtube.com/@franktheflamingo5466,2026-09-10T20:51:08Z,False,Valid,10,0,0,0,2-2,TBD,0,4-2,TBD,0,1-1,TBD,0,1-0,TBD,0,3-2,TBD,0,1-2,TBD,0,1-2,TBD,0,1-2,TBD,0,2-2,TBD,0,3-1,TBD,0
UgzSSw81AUG-0tbrUFd4AaABAg,@grgech,http://www.youtube.com/@grgech,2026-09-10T20:51:05Z,False,Valid,10,0,0,0,2-1,TBD,0,2-2,TBD,0,3-1,TBD,0,2-1,TBD,0,2-1,TBD,0,2-0,TBD,0,0-0,TBD,0,0-1,TBD,0,0-2,TBD,0,1-0,TBD,0
UgxGL001YY5pghmTOJ14AaABAg,@aayankapoor1425,http://www.youtube.com/@aayankapoor1425,2026-09-10T20:50:27Z,False,Valid,10,0,0,0,2-1,TBD,0,0-2,TBD,0,0-0,TBD,0,2-2,TBD,0,3-0,TBD,0,1-1,TBD,0,0-1,TBD,0,0-3,TBD,0,1-2,TBD,0,0-1,TBD,0
Ugy-pnxmcJTlfmVMA0t4AaABAg,@QuietFox82,http://www.youtube.com/@QuietFox82,2026-09-10T20:49:16Z,False,Valid,10,0,0,0,2-0,TBD,0,3-2,TBD,0,1-1,TBD,0,3-0,TBD,0,2-0,TBD,0,2-2,TBD,0,0-1,TBD,0,0-5,TBD,0,2-1,TBD,0,1-0,TBD,0
UgyDV2xgTOnOkcOqloh4AaABAg,@vandy5113,http://www.youtube.com/@vandy5113,2026-09-10T20:48:33Z,False,Valid,9,0,0,0,1-0,TBD,0,N/A,TBD,0,4-2,TBD,0,3-1,TBD,0,3-1,TBD,0,1-2,TBD,0,0-2,TBD,0,1-3,TBD,0,2-3,TBD,0,1-2,TBD,0
UgzrpKgHRX1eheyNSHR4AaABAg,@TheShaun8109,http://www.youtube.com/@TheShaun8109,2026-09-10T20:47:30Z,False,Valid,10,0,0,0,2-1,TBD,0,2-2,TBD,0,5-1,TBD,0,2-1,TBD,0,3-1,TBD,0,1-2,TBD,0,1-3,TBD,0,1-3,TBD,0,2-2,TBD,0,2-1,TBD,0
UgwkAO2aryWUiTqyyq94AaABAg,@Knight4869-l9y,http://www.youtube.com/@Knight4869-l9y,2026-09-10T20:45:19Z,False,Valid,10,0,0,0,2-1,TBD,0,2-2,TBD,0,1-2,TBD,0,1-1,TBD,0,3-1,TBD,0,1-1,TBD,0,1-2,TBD,0,0-2,TBD,0,2-3,TBD,0,2-1,TBD,0
UgxS8OuZfem8XIP_b7J4AaABAg,@MrYeet-kv3wj,http://www.youtube.com/@MrYeet-kv3wj,2026-09-10T20:44:13Z,False,Valid,10,0,0,0,3-1,TBD,0,1-1,TBD,0,1-0,TBD,0,1-1,TBD,0,2-1,TBD,0,1-1,TBD,0,0-3,TBD,0,1-0,TBD,0,2-3,TBD,0,0-0,TBD,0
Ugzk2Uf09o71cSgPTdt4AaABAg,@mancmarcos,http://www.youtube.com/@mancmarcos,2026-09-10T20:44:11Z,False,Valid,10,0,0,0,2-1,TBD,0,1-1,TBD,0,2-0,TBD,0,3-1,TBD,0,5-1,TBD,0,1-2,TBD,0,0-3,TBD,0,1-3,TBD,0,1-3,TBD,0,2-3,TBD,0
Ugxhb1WlS2bFcw_xXYF4AaABAg,@brian.n7998,http://www.youtube.com/@brian.n7998,2026-09-10T20:41:01Z,False,Valid,10,0,0,0,2-1,TBD,0,1-1,TBD,0,3-1,TBD,0,2-0,TBD,0,2-1,TBD,0,0-1,TBD,0,0-2,TBD,0,1-1,TBD,0,1-2,TBD,0,1-1,TBD,0
Ugwg0jV8_5UV0SyOMqd4AaABAg,@Mak_Vintage,http://www.youtube.com/@Mak_Vintage,2026-09-10T20:40:28Z,False,Valid,10,0,0,0,2-1,TBD,0,1-1,TBD,0,3-0,TBD,0,2-0,TBD,0,3-1,TBD,0,2-1,TBD,0,0-3,TBD,0,0-2,TBD,0,1-2,TBD,0,1-2,TBD,0
UgzdpRBtKaBbbsFTeAN4AaABAg,@cinderluna,http://www.youtube.com/@cinderluna,2026-09-10T20:35:58Z,False,Valid,9,0,0,0,0-0,TBD,0,N/A,TBD,0,1-1,TBD,0,0-0,TBD,0,3-0,TBD,0,0-2,TBD,0,0-2,TBD,0,0-2,TBD,0,2-2,TBD,0,2-2,TBD,0
Ugzal_9jhu2PGbykRqB4AaABAg,@GMDPika,http://www.youtube.com/@GMDPika,2026-09-10T20:35:55Z,False,Valid,10,0,0,0,2-1,TBD,0,1-1,TBD,0,2-0,TBD,0,1-1,TBD,0,3-2,TBD,0,1-0,TBD,0,1-0,TBD,0,0-2,TBD,0,2-1,TBD,0,2-2,TBD,0
UgxXJiLfXN0DqD4XZBR4AaABAg,@GragothGames,http://www.youtube.com/@GragothGames,2026-09-10T20:34:15Z,False,Valid,10,0,0,0,1-0,TBD,0,1-1,TBD,0,2-1,TBD,0,1-0,TBD,0,2-0,TBD,0,1-3,TBD,0,0-2,TBD,0,0-4,TBD,0,2-1,TBD,0,1-0,TBD,0
UgyG4ZJD_8Yv3ZdemS94AaABAg,@Buschmumie,http://www.youtube.com/@Buschmumie,2026-09-10T20:31:05Z,False,Valid,10,0,0,0,2-0,TBD,0,2-2,TBD,0,3-1,TBD,0,1-0,TBD,0,3-1,TBD,0,1-1,TBD,0,0-6,TBD,0,2-1,TBD,0,1-3,TBD,0,1-1,TBD,0
UgzsHrhYMkUokeeKf2F4AaABAg,@conquer3539,http://www.youtube.com/@conquer3539,2026-09-10T20:29:51Z,False,Valid,10,0,0,0,1-1,TBD,0,2-1,TBD,0,2-2,TBD,0,1-2,TBD,0,4-1,TBD,0,0-2,TBD,0,0-2,TBD,0,1-2,TBD,0,1-2,TBD,0,2-2,TBD,0
UgydEW3vY2yreKy1g5t4AaABAg,@tantex1747,http://www.youtube.com/@tantex1747,2026-09-10T20:29:17Z,False,Valid,10,0,0,0,3-1,TBD,0,1-1,TBD,0,3-0,TBD,0,0-0,TBD,0,4-2,TBD,0,2-1,TBD,0,0-1,TBD,0,1-3,TBD,0,0-2,TBD,0,2-1,TBD,0
UgyXzxB3f_L61_3KD_N4AaABAg,@danielmcallahan,http://www.youtube.com/@danielmcallahan,2026-09-10T20:25:17Z,False,Valid,9,0,0,0,1-2,TBD,0,1-3,TBD,0,4-2,TBD,0,1-0,TBD,0,3-0,TBD,0,1-1,TBD,0,0-2,TBD,0,2-2,TBD,0,N/A,TBD,0,1-1,TBD,0
UgwcmGdooLXeHwzCjqd4AaABAg,@Fl0w_7625,http://www.youtube.com/@Fl0w_7625,2026-09-10T20:24:32Z,False,Valid,10,0,0,0,0-0,TBD,0,1-1,TBD,0,3-1,TBD,0,2-1,TBD,0,3-1,TBD,0,2-2,TBD,0,0-1,TBD,0,0-3,TBD,0,3-3,TBD,0,1-2,TBD,0
Ugwvn-jjGNERJLHwRZV4AaABAg,@CharlesColeman-k2f,http://www.youtube.com/@CharlesColeman-k2f,2026-09-10T20:23:37Z,False,Valid,10,0,0,0,2-1,TBD,0,3-2,TBD,0,3-1,TBD,0,1-1,TBD,0,4-0,TBD,0,1-1,TBD,0,1-2,TBD,0,0-2,TBD,0,1-1,TBD,0,0-0,TBD,0
Ugz0eRYETevUVlf72dR4AaABAg,@porfilopez5257,http://www.youtube.com/@porfilopez5257,2026-09-10T20:21:50Z,False,Valid,10,0,0,0,2-2,TBD,0,1-2,TBD,0,3-0,TBD,0,1-0,TBD,0,3-2,TBD,0,0-1,TBD,0,2-4,TBD,0,1-3,TBD,0,2-0,TBD,0,3-3,TBD,0
Ugw3NFs9YFpvPyM8dY14AaABAg,@Ruralsloth1,http://www.youtube.com/@Ruralsloth1,2026-09-10T20:21:39Z,False,Valid,10,0,0,0,1-1,TBD,0,1-2,TBD,0,3-0,TBD,0,2-0,TBD,0,3-1,TBD,0,1-1,TBD,0,0-3,TBD,0,0-2,TBD,0,1-2,TBD,0,1-1,TBD,0
UgwRK3w6EvinXO97HYJ4AaABAg,@aakivaan2238,http://www.youtube.com/@aakivaan2238,2026-09-10T20:16:52Z,False,Valid,10,0,0,0,2-1,TBD,0,2-1,TBD,0,2-2,TBD,0,1-0,TBD,0,4-1,TBD,0,0-1,TBD,0,1-3,TBD,0,1-3,TBD,0,2-3,TBD,0,2-3,TBD,0
Ugwy0WyEZzfovcgmB0p4AaABAg,@dressrosaRMCF,http://www.youtube.com/@dressrosaRMCF,2026-09-10T20:15:59Z,False,Valid,9,0,0,0,2-1,TBD,0,3-2,TBD,0,3-1,TBD,0,1-1,TBD,0,2-1,TBD,0,1-1,TBD,0,N/A,TBD,0,1-2,TBD,0,1-1,TBD,0,2-2,TBD,0
UgxzHDIOFrMD8NfjJeV4AaABAg,@psykosis_the_amatuer_animator,http://www.youtube.com/@psykosis_the_amatuer_animator,2026-09-10T20:05:54Z,False,Valid,10,0,0,0,1-0,TBD,0,1-1,TBD,0,5-0,TBD,0,1-2,TBD,0,1-2,TBD,0,0-3,TBD,0,1-1,TBD,0,0-3,TBD,0,1-0,TBD,0,2-2,TBD,0
Ugy3jGCQvacumug-yPd4AaABAg,@ahmadmobin6217,http://www.youtube.com/@ahmadmobin6217,2026-09-10T20:05:41Z,False,Valid,10,0,0,0,2-2,TBD,0,1-1,TBD,0,3-0,TBD,0,2-1,TBD,0,2-1,TBD,0,1-0,TBD,0,0-2,TBD,0,1-1,TBD,0,2-3,TBD,0,0-0,TBD,0
UgyPUv-XJrG9wHI1Y3B4AaABAg,@stephensixsmith,http://www.youtube.com/@stephensixsmith,2026-09-10T20:04:35Z,False,Valid,10,0,0,0,3-1,TBD,0,0-0,TBD,0,1-0,TBD,0,1-0,TBD,0,2-0,TBD,0,1-0,TBD,0,2-2,TBD,0,0-2,TBD,0,2-0,TBD,0,0-0,TBD,0
Ugxxd9eZo7PU0pdLlHp4AaABAg,@Mr_Scrisu,http://www.youtube.com/@Mr_Scrisu,2026-09-10T20:02:19Z,False,Valid,10,0,0,0,1-1,TBD,0,1-1,TBD,0,4-1,TBD,0,1-0,TBD,0,2-0,TBD,0,1-1,TBD,0,0-0,TBD,0,0-2,TBD,0,1-1,TBD,0,1-1,TBD,0
UgzoXzjSj6-XtScw6Ft4AaABAg,@Santiago-ct2rv,http://www.youtube.com/@Santiago-ct2rv,2026-09-10T20:01:53Z,False,Valid,9,0,0,0,2-1,TBD,0,N/A,TBD,0,4-1,TBD,0,2-1,TBD,0,1-1,TBD,0,0-0,TBD,0,0-2,TBD,0,1-1,TBD,0,1-2,TBD,0,2-1,TBD,0
UgyNYAdU2jG4Afz26bt4AaABAg,@Zjqb,http://www.youtube.com/@Zjqb,2026-09-10T20:01:02Z,False,Valid,10,0,0,0,1-1,TBD,0,2-1,TBD,0,3-2,TBD,0,1-0,TBD,0,4-0,TBD,0,2-2,TBD,0,2-1,TBD,0,1-0,TBD,0,1-2,TBD,0,3-0,TBD,0
UgwmB_mXux5Bcx1lMER4AaABAg,@theonesparrowhawk,http://www.youtube.com/@theonesparrowhawk,2026-09-10T20:00:21Z,False,Valid,10,0,0,0,2-1,TBD,0,2-1,TBD,0,1-1,TBD,0,1-1,TBD,0,3-0,TBD,0,1-2,TBD,0,0-2,TBD,0,0-2,TBD,0,3-2,TBD,0,2-2,TBD,0
UgzkeEcLnF_nODEfnj14AaABAg,@BraydenCoombe,http://www.youtube.com/@BraydenCoombe,2026-09-10T20:00:18Z,False,Valid,10,0,0,0,1-1,TBD,0,1-2,TBD,0,4-2,TBD,0,2-0,TBD,0,3-0,TBD,0,0-0,TBD,0,0-2,TBD,0,1-3,TBD,0,2-2,TBD,0,1-1,TBD,0
UgwC9mye43qQzGYBE214AaABAg,@KaidenAndu,http://www.youtube.com/@KaidenAndu,2026-09-10T19:59:15Z,False,Valid,10,0,0,0,0-0,TBD,0,1-2,TBD,0,2-1,TBD,0,3-1,TBD,0,3-1,TBD,0,0-2,TBD,0,1-2,TBD,0,0-4,TBD,0,3-3,TBD,0,1-1,TBD,0
Ugzj3JbiDflLpML6CIZ4AaABAg,@KABulletsFootballingChannel,http://www.youtube.com/@KABulletsFootballingChannel,2026-09-10T19:59:03Z,False,Valid,10,0,0,0,0-0,TBD,0,1-1,TBD,0,0-0,TBD,0,1-2,TBD,0,4-0,TBD,0,1-0,TBD,0,0-2,TBD,0,0-1,TBD,0,3-3,TBD,0,0-1,TBD,0
UgxC0mWqISpzjLYFzK94AaABAg,@TheDougOutFootballChannel,http://www.youtube.com/@TheDougOutFootballChannel,2026-09-10T19:58:02Z,False,Valid,10,0,0,0,2-0,TBD,0,1-1,TBD,0,3-1,TBD,0,2-1,TBD,0,4-0,TBD,0,0-1,TBD,0,1-1,TBD,0,2-1,TBD,0,2-1,TBD,0,3-2,TBD,0
UgxFHijSN_TPzuD-12Z4AaABAg,@jhiyu,http://www.youtube.com/@jhiyu,2026-09-10T19:56:40Z,False,Valid,10,0,0,0,0-1,TBD,0,2-2,TBD,0,2-1,TBD,0,1-0,TBD,0,4-0,TBD,0,0-1,TBD,0,1-1,TBD,0,0-2,TBD,0,1-3,TBD,0,1-2,TBD,0
Ugzj6Uj_6qHCmpbw-LF4AaABAg,@EddieMajola-j9g,http://www.youtube.com/@EddieMajola-j9g,2026-09-10T19:51:57Z,False,Valid,9,0,0,0,2-2,TBD,0,2-1,TBD,0,4-2,TBD,0,2-0,TBD,0,1-2,TBD,0,2-2,TBD,0,1-2,TBD,0,0-3,TBD,0,2-1,TBD,0,N/A,TBD,0
UgxikvQp3sTfPL1z2F14AaABAg,@BYH-19,http://www.youtube.com/@BYH-19,2026-09-10T19:46:03Z,True,Disqualified (Comment was Edited),10,0,0,0,1-1,TBD,0,2-2,TBD,0,0-0,TBD,0,2-1,TBD,0,3-1,TBD,0,1-2,TBD,0,0-3,TBD,0,1-2,TBD,0,2-2,TBD,0,2-2,TBD,0
Ugz-NAGaT6oQWtpw3i54AaABAg,@arthurhanley1536,http://www.youtube.com/@arthurhanley1536,2026-09-10T19:45:56Z,False,Valid,10,0,0,0,2-2,TBD,0,1-2,TBD,0,3-1,TBD,0,1-2,TBD,0,3-1,TBD,0,1-1,TBD,0,0-2,TBD,0,1-2,TBD,0,1-3,TBD,0,1-1,TBD,0
UgwbTk3-M6K__91JFTl4AaABAg,@muhdpeep,http://www.youtube.com/@muhdpeep,2026-09-10T19:43:35Z,False,Valid,10,0,0,0,0-1,TBD,0,0-2,TBD,0,0-0,TBD,0,1-3,TBD,0,2-3,TBD,0,0-1,TBD,0,1-3,TBD,0,1-0,TBD,0,2-4,TBD,0,3-3,TBD,0
Ugx5xO6MV8kGcGVn3mN4AaABAg,@charlietin5262,http://www.youtube.com/@charlietin5262,2026-09-10T19:42:16Z,False,Valid,10,0,0,0,2-1,TBD,0,1-1,TBD,0,2-0,TBD,0,2-1,TBD,0,3-0,TBD,0,1-1,TBD,0,0-2,TBD,0,0-2,TBD,0,2-1,TBD,0,1-1,TBD,0
UgwRR9JFgwqxdBqaK3d4AaABAg,@zhelyazkopetkov8211,http://www.youtube.com/@zhelyazkopetkov8211,2026-09-10T19:41:25Z,False,Valid,9,0,0,0,N/A,TBD,0,2-2,TBD,0,2-0,TBD,0,1-2,TBD,0,3-0,TBD,0,1-2,TBD,0,1-2,TBD,0,1-2,TBD,0,1-2,TBD,0,2-1,TBD,0
Ugw23xkrA3fx48d3DSN4AaABAg,@Mr_Desk,http://www.youtube.com/@Mr_Desk,2026-09-10T19:40:53Z,False,Valid,10,0,0,0,2-0,TBD,0,0-1,TBD,0,0-0,TBD,0,1-2,TBD,0,2-0,TBD,0,1-1,TBD,0,0-3,TBD,0,1-4,TBD,0,1-2,TBD,0,1-1,TBD,0
Ugx18TYerlKYwtmdRv94AaABAg,@LieutenantPulp,http://www.youtube.com/@LieutenantPulp,2026-09-10T19:39:54Z,False,Valid,10,0,0,0,2-1,TBD,0,0-0,TBD,0,3-1,TBD,0,1-1,TBD,0,2-0,TBD,0,1-2,TBD,0,0-3,TBD,0,0-2,TBD,0,1-3,TBD,0,2-1,TBD,0
UgyEZP1L1m73Zk7NHH54AaABAg,@ThatOneLutonFan,http://www.youtube.com/@ThatOneLutonFan,2026-09-10T19:39:31Z,False,Valid,10,0,0,0,0-0,TBD,0,1-1,TBD,0,3-1,TBD,0,0-0,TBD,0,2-0,TBD,0,1-0,TBD,0,1-3,TBD,0,2-0,TBD,0,1-1,TBD,0,2-1,TBD,0
Ugw2Oh27oIS3IJ-sf-J4AaABAg,@Drabori,http://www.youtube.com/@Drabori,2026-09-10T19:39:09Z,False,Valid,10,0,0,0,2-1,TBD,0,1-1,TBD,0,3-1,TBD,0,3-1,TBD,0,2-0,TBD,0,1-2,TBD,0,0-3,TBD,0,0-2,TBD,0,1-5,TBD,0,0-1,TBD,0
UgzGQ5pVKnypshlJcW54AaABAg,@HridaySen.,http://www.youtube.com/@HridaySen.,2026-09-10T19:38:06Z,False,Valid,10,0,0,0,2-2,TBD,0,1-2,TBD,0,3-1,TBD,0,2-3,TBD,0,2-0,TBD,0,1-2,TBD,0,0-3,TBD,0,1-2,TBD,0,2-1,TBD,0,1-3,TBD,0
UgyIMxyHZn_etTZ21K54AaABAg,@MikePollock-b1q,http://www.youtube.com/@MikePollock-b1q,2026-09-10T19:37:03Z,True,Disqualified (Comment was Edited),10,0,0,0,0-2,TBD,0,1-2,TBD,0,4-2,TBD,0,1-2,TBD,0,1-2,TBD,0,0-2,TBD,0,1-4,TBD,0,0-0,TBD,0,2-3,TBD,0,1-2,TBD,0
UgzVXQAToZiDy15k2Np4AaABAg,@Eminem-F1,http://www.youtube.com/@Eminem-F1,2026-09-10T19:35:35Z,False,Valid,10,0,0,0,2-2,TBD,0,1-1,TBD,0,3-0,TBD,0,2-1,TBD,0,1-0,TBD,0,2-4,TBD,0,1-1,TBD,0,2-3,TBD,0,3-1,TBD,0,1-1,TBD,0
UgwTXNWJuYDnlOvUyMB4AaABAg,@balinthejner465,http://www.youtube.com/@balinthejner465,2026-09-10T19:35:03Z,False,Valid,10,0,0,0,2-1,TBD,0,1-1,TBD,0,4-0,TBD,0,0-0,TBD,0,3-0,TBD,0,2-1,TBD,0,0-2,TBD,0,1-2,TBD,0,2-0,TBD,0,1-2,TBD,0
UgxNw0DE3XwRcO5HoZ94AaABAg,@Knowledge5eeker,http://www.youtube.com/@Knowledge5eeker,2026-09-10T19:33:43Z,False,Valid,10,0,0,0,2-1,TBD,0,1-2,TBD,0,3-2,TBD,0,3-0,TBD,0,2-0,TBD,0,0-1,TBD,0,0-2,TBD,0,0-3,TBD,0,1-3,TBD,0,2-2,TBD,0
UgxDZrejAFKGHs6mWRF4AaABAg,@leomccarron9133,http://www.youtube.com/@leomccarron9133,2026-09-10T19:32:45Z,False,Valid,9,0,0,0,1-2,TBD,0,N/A,TBD,0,2-1,TBD,0,2-1,TBD,0,3-1,TBD,0,1-1,TBD,0,0-4,TBD,0,1-3,TBD,0,1-1,TBD,0,1-2,TBD,0
UgyN2Os2yItyHMZ_0XN4AaABAg,@aaronbard4403,http://www.youtube.com/@aaronbard4403,2026-09-10T19:32:09Z,False,Valid,9,0,0,0,2-1,TBD,0,N/A,TBD,0,4-0,TBD,0,3-1,TBD,0,3-1,TBD,0,0-2,TBD,0,0-2,TBD,0,1-2,TBD,0,2-1,TBD,0,1-1,TBD,0
Ugz4vGmoFpZIDzI8itd4AaABAg,@txelmun,http://www.youtube.com/@txelmun,2026-09-10T19:31:31Z,False,Valid,10,0,0,0,1-0,TBD,0,2-2,TBD,0,3-1,TBD,0,1-1,TBD,0,2-1,TBD,0,1-0,TBD,0,1-2,TBD,0,0-2,TBD,0,2-2,TBD,0,3-2,TBD,0
UgxYu5gGREyQ_hBoExx4AaABAg,@hulk7402,http://www.youtube.com/@hulk7402,2026-09-10T19:31:08Z,False,Valid,10,0,0,0,1-1,TBD,0,1-3,TBD,0,2-0,TBD,0,0-1,TBD,0,2-2,TBD,0,0-2,TBD,0,0-3,TBD,0,1-4,TBD,0,1-1,TBD,0,1-0,TBD,0
UgxbcOKfoDeXOcYmfqx4AaABAg,@anmaroud9813,http://www.youtube.com/@anmaroud9813,2026-09-10T19:27:17Z,False,Valid,10,0,0,0,1-0,TBD,0,2-2,TBD,0,1-1,TBD,0,3-1,TBD,0,4-0,TBD,0,1-2,TBD,0,0-2,TBD,0,1-0,TBD,0,3-2,TBD,0,1-1,TBD,0
Ugzxqn0AFs7FDTT51D14AaABAg,@jfigueroaist,http://www.youtube.com/@jfigueroaist,2026-09-10T19:26:34Z,False,Valid,10,0,0,0,1-1,TBD,0,1-1,TBD,0,3-2,TBD,0,1-0,TBD,0,3-0,TBD,0,1-1,TBD,0,0-2,TBD,0,0-2,TBD,0,1-1,TBD,0,0-2,TBD,0
UgyTP6j9kRK08-d8owx4AaABAg,@TheDutchStarWarsGuy,http://www.youtube.com/@TheDutchStarWarsGuy,2026-09-10T19:23:16Z,False,Valid,10,0,0,0,1-1,TBD,0,2-1,TBD,0,1-1,TBD,0,2-1,TBD,0,3-2,TBD,0,1-1,TBD,0,0-2,TBD,0,1-3,TBD,0,2-2,TBD,0,2-1,TBD,0
Ugy8IzqTpUpor1Xq2J54AaABAg,@AriaWand-u9f,http://www.youtube.com/@AriaWand-u9f,2026-09-10T19:21:51Z,False,Valid,10,0,0,0,2-0,TBD,0,2-1,TBD,0,2-1,TBD,0,1-0,TBD,0,2-0,TBD,0,1-1,TBD,0,0-2,TBD,0,0-2,TBD,0,1-2,TBD,0,0-1,TBD,0
Ugx57GMwui8Zi58m4J14AaABAg,@achusworld102,http://www.youtube.com/@achusworld102,2026-09-10T19:21:24Z,False,Valid,10,0,0,0,0-0,TBD,0,2-3,TBD,0,2-0,TBD,0,1-0,TBD,0,3-2,TBD,0,2-2,TBD,0,1-2,TBD,0,1-2,TBD,0,2-1,TBD,0,2-2,TBD,0
UgyW18iJw3rVG47r2Id4AaABAg,@manguy3135,http://www.youtube.com/@manguy3135,2026-09-10T19:21:03Z,False,Valid,10,0,0,0,1-2,TBD,0,0-1,TBD,0,3-1,TBD,0,1-1,TBD,0,4-1,TBD,0,0-2,TBD,0,0-0,TBD,0,0-2,TBD,0,2-1,TBD,0,1-2,TBD,0
Ugz3bsc4DmN_tNDsyYd4AaABAg,@mikethegoatisgoat,http://www.youtube.com/@mikethegoatisgoat,2026-09-10T19:18:40Z,False,Valid,9,0,0,0,0-2,TBD,0,1-2,TBD,0,1-1,TBD,0,3-0,TBD,0,1-0,TBD,0,0-1,TBD,0,0-4,TBD,0,0-0,TBD,0,2-0,TBD,0,N/A,TBD,0
UgxfGMlUfux6vJU8LGF4AaABAg,@DJYungHank,http://www.youtube.com/@DJYungHank,2026-09-10T19:18:12Z,False,Valid,10,0,0,0,2-2,TBD,0,1-2,TBD,0,3-1,TBD,0,1-1,TBD,0,3-0,TBD,0,2-2,TBD,0,1-0,TBD,0,1-2,TBD,0,1-3,TBD,0,1-1,TBD,0
UgzvzovQt55PuQ4iS9R4AaABAg,@jacobdean6989,http://www.youtube.com/@jacobdean6989,2026-09-10T19:17:25Z,False,Valid,10,0,0,0,0-0,TBD,0,1-1,TBD,0,3-0,TBD,0,1-0,TBD,0,2-1,TBD,0,2-0,TBD,0,1-2,TBD,0,1-3,TBD,0,0-2,TBD,0,2-2,TBD,0
UgwA1bOlUsIfZAHCMUJ4AaABAg,@Therealkobbiemainoo,http://www.youtube.com/@Therealkobbiemainoo,2026-09-10T19:15:28Z,False,Valid,10,0,0,0,3-0,TBD,0,3-2,TBD,0,2-1,TBD,0,1-1,TBD,0,2-1,TBD,0,0-2,TBD,0,2-2,TBD,0,0-2,TBD,0,1-1,TBD,0,0-1,TBD,0
UgyYeN5oQprQDaBXLwZ4AaABAg,@lobstageorge,http://www.youtube.com/@lobstageorge,2026-09-10T19:14:49Z,False,Valid,10,0,0,0,1-2,TBD,0,1-3,TBD,0,1-1,TBD,0,2-0,TBD,0,2-0,TBD,0,0-0,TBD,0,0-2,TBD,0,0-2,TBD,0,1-3,TBD,0,0-1,TBD,0
UgyppU1Eb9yFHNGnodJ4AaABAg,@yaboietan_6430,http://www.youtube.com/@yaboietan_6430,2026-09-10T19:14:22Z,False,Valid,10,0,0,0,0-0,TBD,0,1-3,TBD,0,3-2,TBD,0,1-2,TBD,0,3-1,TBD,0,1-0,TBD,0,0-3,TBD,0,0-0,TBD,0,1-1,TBD,0,2-1,TBD,0
UgyM2ejNQ5eOMZW-Otx4AaABAg,@Myšutr_cz,http://www.youtube.com/@My%C5%A1utr_cz,2026-09-10T19:13:39Z,False,Valid,9,0,0,0,1-0,TBD,0,1-1,TBD,0,N/A,TBD,0,2-0,TBD,0,2-1,TBD,0,1-0,TBD,0,0-2,TBD,0,0-0,TBD,0,2-2,TBD,0,0-2,TBD,0
UgzzX_CtzA0YzxF6H6J4AaABAg,@GeeklyVideos,http://www.youtube.com/@GeeklyVideos,2026-09-10T19:13:36Z,False,Valid,10,0,0,0,2-1,TBD,0,2-2,TBD,0,5-1,TBD,0,1-1,TBD,0,4-2,TBD,0,1-0,TBD,0,0-2,TBD,0,1-4,TBD,0,1-1,TBD,0,1-2,TBD,0
Ugwd49v1IMHwvzopL0R4AaABAg,@djsmeguk,http://www.youtube.com/@djsmeguk,2026-09-10T19:09:48Z,False,Valid,1,0,0,0,N/A,TBD,0,N/A,TBD,0,7-2,TBD,0,N/A,TBD,0,N/A,TBD,0,N/A,TBD,0,N/A,TBD,0,N/A,TBD,0,N/A,TBD,0,N/A,TBD,0
Ugz0nXlsELQhBO7Fkf14AaABAg,@ElizabethPopplewell6234,http://www.youtube.com/@ElizabethPopplewell6234,2026-09-10T19:09:32Z,False,Valid,10,0,0,0,2-2,TBD,0,1-2,TBD,0,1-1,TBD,0,4-1,TBD,0,3-0,TBD,0,0-2,TBD,0,1-2,TBD,0,1-3,TBD,0,0-2,TBD,0,2-0,TBD,0
UgwsOEUrFS38mlQAK9B4AaABAg,@ricardoblayer9537,http://www.youtube.com/@ricardoblayer9537,2026-09-10T19:07:08Z,False,Valid,9,0,0,0,N/A,TBD,0,2-2,TBD,0,2-0,TBD,0,1-1,TBD,0,3-1,TBD,0,0-1,TBD,0,0-1,TBD,0,0-2,TBD,0,2-4,TBD,0,1-1,TBD,0
Ugw053VWKlhkzixl3E14AaABAg,@thubelihlembonane2674,http://www.youtube.com/@thubelihlembonane2674,2026-09-10T19:05:08Z,False,Valid,10,0,0,0,1-1,TBD,0,1-2,TBD,0,2-1,TBD,0,2-1,TBD,0,2-2,TBD,0,1-1,TBD,0,0-1,TBD,0,1-2,TBD,0,1-1,TBD,0,2-2,TBD,0
Ugz-PGUcbSAc3uNdKyV4AaABAg,@lewismacdonald7776,http://www.youtube.com/@lewismacdonald7776,2026-09-10T19:05:07Z,False,Valid,8,0,0,0,1-1,TBD,0,2-3,TBD,0,2-2,TBD,0,1-2,TBD,0,2-2,TBD,0,0-2,TBD,0,0-1,TBD,0,1-2,TBD,0,N/A,TBD,0,N/A,TBD,0
UgzL0T9UgXwWBISby8t4AaABAg,@owainflemig972,http://www.youtube.com/@owainflemig972,2026-09-10T19:03:19Z,False,Valid,9,0,0,0,2-1,TBD,0,N/A,TBD,0,0-1,TBD,0,2-0,TBD,0,3-0,TBD,0,0-2,TBD,0,0-4,TBD,0,1-3,TBD,0,2-1,TBD,0,1-1,TBD,0
UgzUqMxS6_JzmjGIscB4AaABAg,@Pando1773,http://www.youtube.com/@Pando1773,2026-09-10T19:02:49Z,False,Valid,10,0,0,0,1-1,TBD,0,2-2,TBD,0,3-1,TBD,0,1-2,TBD,0,4-1,TBD,0,0-1,TBD,0,0-3,TBD,0,1-3,TBD,0,2-2,TBD,0,2-1,TBD,0
Ugwk_4DmT9pZuMQLkp54AaABAg,@itschris2628,http://www.youtube.com/@itschris2628,2026-09-10T19:02:19Z,False,Valid,9,0,0,0,1-1,TBD,0,2-3,TBD,0,4-0,TBD,0,1-1,TBD,0,2-0,TBD,0,1-0,TBD,0,0-3,TBD,0,0-2,TBD,0,N/A,TBD,0,0-0,TBD,0
UgwXgoLS4h85n49Sf-F4AaABAg,@chelsea4life307,http://www.youtube.com/@chelsea4life307,2026-09-10T19:01:58Z,False,Valid,10,0,0,0,1-1,TBD,0,2-1,TBD,0,3-1,TBD,0,1-0,TBD,0,2-0,TBD,0,2-1,TBD,0,0-2,TBD,0,2-1,TBD,0,2-1,TBD,0,2-1,TBD,0
UgwHNtcUECkHBKzMgn94AaABAg,@jimmyhurt,http://www.youtube.com/@jimmyhurt,2026-09-10T19:01:46Z,False,Valid,10,0,0,0,2-1,TBD,0,1-2,TBD,0,4-2,TBD,0,1-2,TBD,0,3-1,TBD,0,1-2,TBD,0,1-3,TBD,0,1-2,TBD,0,2-1,TBD,0,1-2,TBD,0
UgzmUEHJU4NXHTQAT8p4AaABAg,@cuthbertmcvane9159,http://www.youtube.com/@cuthbertmcvane9159,2026-09-10T19:00:57Z,False,Valid,10,0,0,0,2-1,TBD,0,2-2,TBD,0,3-1,TBD,0,2-0,TBD,0,2-1,TBD,0,2-2,TBD,0,0-2,TBD,0,1-3,TBD,0,2-2,TBD,0,1-2,TBD,0
UgyuVdxyBsRjHjDDAbZ4AaABAg,@O_z_a_e,http://www.youtube.com/@O_z_a_e,2026-09-10T18:59:26Z,False,Valid,10,0,0,0,2-2,TBD,0,1-1,TBD,0,4-0,TBD,0,1-1,TBD,0,2-0,TBD,0,1-2,TBD,0,0-3,TBD,0,0-2,TBD,0,3-1,TBD,0,2-2,TBD,0
UgxVJ0T8BnHRBChqS4R4AaABAg,@hemangpai1140,http://www.youtube.com/@hemangpai1140,2026-09-10T18:59:23Z,False,Valid,10,0,0,0,1-1,TBD,0,1-1,TBD,0,4-1,TBD,0,2-1,TBD,0,3-1,TBD,0,0-0,TBD,0,1-3,TBD,0,1-2,TBD,0,2-2,TBD,0,1-1,TBD,0
UgzNP5vxaBVB5WoA9eZ4AaABAg,@Omar_18AFC,http://www.youtube.com/@Omar_18AFC,2026-09-10T18:59:06Z,False,Valid,8,0,0,0,N/A,TBD,0,1-1,TBD,0,N/A,TBD,0,2-1,TBD,0,4-0,TBD,0,2-1,TBD,0,0-2,TBD,0,0-2,TBD,0,1-2,TBD,0,2-2,TBD,0
UgxAB7uXZabb-qxfIGR4AaABAg,@amanbelani3518,http://www.youtube.com/@amanbelani3518,2026-09-10T18:58:57Z,False,Valid,10,0,0,0,1-0,TBD,0,1-1,TBD,0,3-1,TBD,0,2-1,TBD,0,3-0,TBD,0,2-1,TBD,0,0-2,TBD,0,0-2,TBD,0,2-3,TBD,0,1-2,TBD,0
UgzmoclGDKWK7zJym4F4AaABAg,@lucozadelover8186,http://www.youtube.com/@lucozadelover8186,2026-09-10T18:55:04Z,False,Valid,10,0,0,0,2-1,TBD,0,1-1,TBD,0,4-0,TBD,0,3-1,TBD,0,3-1,TBD,0,1-1,TBD,0,0-3,TBD,0,1-2,TBD,0,2-1,TBD,0,2-2,TBD,0
UgzBE4b4P2wTiJsColp4AaABAg,@leobarnes4593,http://www.youtube.com/@leobarnes4593,2026-09-10T18:54:58Z,False,Valid,10,0,0,0,2-1,TBD,0,1-1,TBD,0,5-2,TBD,0,2-2,TBD,0,4-1,TBD,0,1-2,TBD,0,0-3,TBD,0,2-3,TBD,0,3-3,TBD,0,2-2,TBD,0
UgyFaDdL77Z-7VUNv614AaABAg,@TheKing0fToot,http://www.youtube.com/@TheKing0fToot,2026-09-10T18:53:54Z,False,Valid,10,0,0,0,2-1,TBD,0,2-1,TBD,0,1-0,TBD,0,1-0,TBD,0,3-0,TBD,0,1-1,TBD,0,0-1,TBD,0,0-1,TBD,0,1-2,TBD,0,1-2,TBD,0
UgzfIgsLp4LUhNrVYY94AaABAg,@TheSkinnerBrothers1,http://www.youtube.com/@TheSkinnerBrothers1,2026-09-10T18:52:46Z,False,Valid,10,0,0,0,2-0,TBD,0,1-2,TBD,0,4-0,TBD,0,2-0,TBD,0,1-1,TBD,0,1-0,TBD,0,0-2,TBD,0,2-1,TBD,0,1-3,TBD,0,2-1,TBD,0
Ugx10zEOBMEp165eBDl4AaABAg,@Reaper5514,http://www.youtube.com/@Reaper5514,2026-09-10T18:52:02Z,False,Valid,10,0,0,0,2-0,TBD,0,1-1,TBD,0,3-1,TBD,0,2-0,TBD,0,3-0,TBD,0,1-2,TBD,0,0-1,TBD,0,1-0,TBD,0,2-2,TBD,0,0-1,TBD,0
Ugzf2y-LqL8UUdOa8Qt4AaABAg,@colossalbrawl,http://www.youtube.com/@colossalbrawl,2026-09-10T18:51:36Z,False,Valid,10,0,0,0,1-2,TBD,0,0-2,TBD,0,2-1,TBD,0,3-1,TBD,0,2-0,TBD,0,1-1,TBD,0,0-0,TBD,0,0-2,TBD,0,2-1,TBD,0,1-1,TBD,0
UgyvfkoZimS3KmopX3B4AaABAg,@lorenzomosca5655,http://www.youtube.com/@lorenzomosca5655,2026-09-10T18:51:19Z,False,Valid,9,0,0,0,2-1,TBD,0,1-1,TBD,0,2-0,TBD,0,3-0,TBD,0,3-0,TBD,0,N/A,TBD,0,0-3,TBD,0,0-2,TBD,0,1-2,TBD,0,1-0,TBD,0
UgzSfqu2Ky2Mnmx_Ekp4AaABAg,@robstar20011,http://www.youtube.com/@robstar20011,2026-09-10T18:49:40Z,True,Disqualified (Comment was Edited),10,0,0,0,2-1,TBD,0,1-1,TBD,0,3-0,TBD,0,2-0,TBD,0,2-0,TBD,0,1-1,TBD,0,0-2,TBD,0,0-2,TBD,0,1-2,TBD,0,0-2,TBD,0
UgwmoQ1UcMxbk-u7ROR4AaABAg,@ymAtaraxia,http://www.youtube.com/@ymAtaraxia,2026-09-10T18:49:16Z,False,Valid,10,0,0,0,1-0,TBD,0,2-3,TBD,0,1-0,TBD,0,1-1,TBD,0,4-1,TBD,0,0-0,TBD,0,0-2,TBD,0,1-3,TBD,0,1-2,TBD,0,2-2,TBD,0
UgzehdioJxqIDmgP8jl4AaABAg,@heathenwolf9847,http://www.youtube.com/@heathenwolf9847,2026-09-10T18:47:05Z,False,Valid,9,0,0,0,3-1,TBD,0,1-1,TBD,0,0-2,TBD,0,2-1,TBD,0,N/A,TBD,0,1-2,TBD,0,0-2,TBD,0,0-1,TBD,0,1-2,TBD,0,1-2,TBD,0
UgyWI3RSc4_KyDNqjwN4AaABAg,@chrisstocks7137,http://www.youtube.com/@chrisstocks7137,2026-09-10T18:46:54Z,False,Valid,10,0,0,0,1-1,TBD,0,1-1,TBD,0,5-0,TBD,0,3-1,TBD,0,4-1,TBD,0,1-1,TBD,0,0-2,TBD,0,0-2,TBD,0,2-3,TBD,0,2-2,TBD,0
UgwPdk5p3JdZlGv2STd4AaABAg,@Number-wq3fq,http://www.youtube.com/@Number-wq3fq,2026-09-10T18:46:05Z,False,Valid,10,0,0,0,3-1,TBD,0,2-0,TBD,0,2-1,TBD,0,2-0,TBD,0,3-0,TBD,0,1-2,TBD,0,0-3,TBD,0,0-2,TBD,0,2-1,TBD,0,1-3,TBD,0
Ugx899xLYqrc0Betp1R4AaABAg,@Filip_games_real,http://www.youtube.com/@Filip_games_real,2026-09-10T18:45:15Z,False,Valid,10,0,0,0,2-1,TBD,0,1-2,TBD,0,3-0,TBD,0,3-1,TBD,0,3-1,TBD,0,1-2,TBD,0,0-1,TBD,0,1-3,TBD,0,1-2,TBD,0,3-2,TBD,0
UgwzAjmUI38kFDuK1gF4AaABAg,@memoelrey13,http://www.youtube.com/@memoelrey13,2026-09-10T18:44:54Z,False,Valid,10,0,0,0,1-1,TBD,0,2-1,TBD,0,3-1,TBD,0,2-1,TBD,0,2-1,TBD,0,1-2,TBD,0,0-1,TBD,0,1-1,TBD,0,1-2,TBD,0,1-0,TBD,0
UgyU-AKRZJk73gbfL2Z4AaABAg,@ZeroComments7,http://www.youtube.com/@ZeroComments7,2026-09-10T18:42:45Z,False,Valid,9,0,0,0,N/A,TBD,0,1-3,TBD,0,4-1,TBD,0,2-1,TBD,0,3-1,TBD,0,0-2,TBD,0,1-3,TBD,0,2-1,TBD,0,1-2,TBD,0,0-2,TBD,0
UgxtqcCodfFGMlF5a094AaABAg,@proachievementhunter8201,http://www.youtube.com/@proachievementhunter8201,2026-09-10T18:42:27Z,False,Valid,9,0,0,0,1-1,TBD,0,N/A,TBD,0,2-0,TBD,0,2-1,TBD,0,3-1,TBD,0,1-1,TBD,0,0-1,TBD,0,2-4,TBD,0,1-1,TBD,0,1-2,TBD,0
Ugw6KhPLpxb6yJR92nR4AaABAg,@jakelong2893,http://www.youtube.com/@jakelong2893,2026-09-10T18:41:25Z,False,Valid,10,0,0,0,1-1,TBD,0,2-3,TBD,0,2-1,TBD,0,1-2,TBD,0,3-1,TBD,0,1-1,TBD,0,0-2,TBD,0,0-3,TBD,0,1-2,TBD,0,2-2,TBD,0
UgwLmCQ9GqmN5zKyyV54AaABAg,@Nathan._.0403,http://www.youtube.com/@Nathan._.0403,2026-09-10T18:40:08Z,False,Valid,10,0,0,0,1-1,TBD,0,1-2,TBD,0,3-0,TBD,0,2-2,TBD,0,4-1,TBD,0,2-0,TBD,0,0-1,TBD,0,1-3,TBD,0,1-2,TBD,0,1-1,TBD,0
Ugzj6bGKQJ3M4882rVh4AaABAg,@EuanHaldane,http://www.youtube.com/@EuanHaldane,2026-09-10T18:39:54Z,False,Valid,10,0,0,0,1-1,TBD,0,2-3,TBD,0,1-0,TBD,0,2-0,TBD,0,3-1,TBD,0,0-1,TBD,0,0-2,TBD,0,2-0,TBD,0,3-2,TBD,0,1-1,TBD,0
UgxB5ksnLrc_W3fJEKl4AaABAg,@DomKnight-r4i,http://www.youtube.com/@DomKnight-r4i,2026-09-10T18:39:51Z,False,Valid,10,0,0,0,1-0,TBD,0,0-0,TBD,0,3-0,TBD,0,2-0,TBD,0,2-0,TBD,0,1-0,TBD,0,0-2,TBD,0,2-2,TBD,0,1-3,TBD,0,2-0,TBD,0
UgwQcXygjaQyP8gYxzR4AaABAg,@nyendwakabayi3323,http://www.youtube.com/@nyendwakabayi3323,2026-09-10T18:39:37Z,False,Valid,10,0,0,0,1-1,TBD,0,0-2,TBD,0,4-0,TBD,0,2-1,TBD,0,3-0,TBD,0,1-0,TBD,0,1-3,TBD,0,0-2,TBD,0,4-2,TBD,0,0-0,TBD,0
Ugx3LN6F_ralJr8xBEN4AaABAg,@williamhawkridge6613,http://www.youtube.com/@williamhawkridge6613,2026-09-10T18:38:15Z,True,Disqualified (Comment was Edited),10,0,0,0,1-2,TBD,0,1-1,TBD,0,3-0,TBD,0,1-1,TBD,0,3-1,TBD,0,0-1,TBD,0,0-2,TBD,0,0-1,TBD,0,2-2,TBD,0,1-1,TBD,0
UgwoNK6i9k4DCiDns-x4AaABAg,@reecetheblack8901,http://www.youtube.com/@reecetheblack8901,2026-09-10T18:38:03Z,False,Valid,10,0,0,0,1-1,TBD,0,1-2,TBD,0,3-0,TBD,0,2-0,TBD,0,2-0,TBD,0,1-2,TBD,0,0-3,TBD,0,0-1,TBD,0,1-4,TBD,0,1-2,TBD,0
UgzBLT60GeGqVUWG0uB4AaABAg,@dominictyler1766,http://www.youtube.com/@dominictyler1766,2026-09-10T18:37:46Z,False,Valid,10,0,0,0,1-1,TBD,0,2-1,TBD,0,3-0,TBD,0,0-0,TBD,0,4-1,TBD,0,0-1,TBD,0,0-2,TBD,0,0-3,TBD,0,1-2,TBD,0,1-1,TBD,0
Ugwg4iBPBF2rzkGpNA14AaABAg,@AJD45,http://www.youtube.com/@AJD45,2026-09-10T18:37:40Z,False,Valid,10,0,0,0,2-2,TBD,0,1-1,TBD,0,3-1,TBD,0,2-1,TBD,0,3-1,TBD,0,1-1,TBD,0,0-2,TBD,0,1-3,TBD,0,3-1,TBD,0,1-2,TBD,0
Ugwu1hxK5OVjBR9mDKh4AaABAg,@SilverCapybara94,http://www.youtube.com/@SilverCapybara94,2026-09-10T18:37:10Z,False,Valid,10,0,0,0,3-2,TBD,0,2-2,TBD,0,2-0,TBD,0,3-1,TBD,0,2-1,TBD,0,1-3,TBD,0,1-2,TBD,0,0-4,TBD,0,2-1,TBD,0,3-2,TBD,0
UgzkFkQAthiIrAyTIpJ4AaABAg,@dracotempest4053,http://www.youtube.com/@dracotempest4053,2026-09-10T18:37:05Z,False,Valid,10,0,0,0,2-0,TBD,0,0-3,TBD,0,3-1,TBD,0,2-1,TBD,0,2-0,TBD,0,1-1,TBD,0,0-2,TBD,0,1-3,TBD,0,2-1,TBD,0,2-3,TBD,0
UgzoYkpF43P3LmV0n0N4AaABAg,@raineroooo4553,http://www.youtube.com/@raineroooo4553,2026-09-10T18:36:25Z,False,Valid,9,0,0,0,3-1,TBD,0,N/A,TBD,0,0-1,TBD,0,3-0,TBD,0,3-2,TBD,0,3-1,TBD,0,1-3,TBD,0,1-4,TBD,0,2-0,TBD,0,1-1,TBD,0
UgwK61_RTbTAE5UU7kl4AaABAg,@ramii0_0,http://www.youtube.com/@ramii0_0,2026-09-10T18:34:35Z,False,Valid,10,0,0,0,1-1,TBD,0,2-1,TBD,0,2-0,TBD,0,1-2,TBD,0,2-0,TBD,0,1-1,TBD,0,0-2,TBD,0,1-3,TBD,0,0-2,TBD,0,2-1,TBD,0
Ugx_TLpqgon7ZP5mhDx4AaABAg,@kamaujohn6303,http://www.youtube.com/@kamaujohn6303,2026-09-10T18:34:14Z,False,Valid,10,0,0,0,2-1,TBD,0,1-1,TBD,0,2-1,TBD,0,2-1,TBD,0,3-1,TBD,0,2-1,TBD,0,0-3,TBD,0,1-2,TBD,0,0-1,TBD,0,1-3,TBD,0
Ugx6JQg6vgjSaaQBexB4AaABAg,@benwest3929,http://www.youtube.com/@benwest3929,2026-09-10T18:33:40Z,False,Valid,10,0,0,0,2-1,TBD,0,1-1,TBD,0,1-1,TBD,0,3-2,TBD,0,5-0,TBD,0,1-3,TBD,0,0-2,TBD,0,1-0,TBD,0,2-2,TBD,0,1-1,TBD,0
UgwAi-8y14iOKV9B8Rl4AaABAg,@danielrogers3070,http://www.youtube.com/@danielrogers3070,2026-09-10T18:33:35Z,False,Valid,9,0,0,0,2-0,TBD,0,2-1,TBD,0,3-1,TBD,0,1-1,TBD,0,4-0,TBD,0,2-1,TBD,0,0-2,TBD,0,N/A,TBD,0,3-1,TBD,0,2-1,TBD,0
UgwFMd1ZsSU6LdlGprV4AaABAg,@Wondersoc,http://www.youtube.com/@Wondersoc,2026-09-10T18:33:28Z,False,Valid,10,0,0,0,2-2,TBD,0,1-2,TBD,0,4-2,TBD,0,1-1,TBD,0,2-0,TBD,0,2-1,TBD,0,0-2,TBD,0,0-1,TBD,0,2-2,TBD,0,2-1,TBD,0
UgytZsECz3tDlOLV_X94AaABAg,@ConnorPenfold,http://www.youtube.com/@ConnorPenfold,2026-09-10T18:32:44Z,False,Valid,10,0,0,0,1-1,TBD,0,2-2,TBD,0,3-1,TBD,0,1-1,TBD,0,2-1,TBD,0,1-1,TBD,0,1-2,TBD,0,1-2,TBD,0,1-1,TBD,0,2-2,TBD,0
UgwpW-0qTLXmeh9LueN4AaABAg,@EmenussGOamazing,http://www.youtube.com/@EmenussGOamazing,2026-09-10T18:32:26Z,False,Valid,9,0,0,0,1-0,TBD,0,N/A,TBD,0,4-0,TBD,0,1-0,TBD,0,3-1,TBD,0,1-2,TBD,0,0-3,TBD,0,0-3,TBD,0,1-1,TBD,0,0-2,TBD,0
UgwWivUMvrXv2bge3jd4AaABAg,@12tentacao,http://www.youtube.com/@12tentacao,2026-09-10T18:31:44Z,False,Valid,10,0,0,0,1-2,TBD,0,2-2,TBD,0,3-2,TBD,0,1-2,TBD,0,3-0,TBD,0,1-0,TBD,0,0-2,TBD,0,1-1,TBD,0,2-0,TBD,0,0-1,TBD,0
UgzAYN2AlLz6urQKH6Z4AaABAg,@lukecummins4403,http://www.youtube.com/@lukecummins4403,2026-09-10T18:31:07Z,False,Valid,10,0,0,0,2-1,TBD,0,2-2,TBD,0,3-1,TBD,0,2-0,TBD,0,2-1,TBD,0,2-1,TBD,0,0-2,TBD,0,0-3,TBD,0,2-1,TBD,0,2-0,TBD,0
Ugz5HMcG4oShz70TfTx4AaABAg,@paulhardy8710,http://www.youtube.com/@paulhardy8710,2026-09-10T18:31:05Z,False,Valid,10,0,0,0,1-1,TBD,0,1-2,TBD,0,4-1,TBD,0,1-1,TBD,0,3-0,TBD,0,0-1,TBD,0,0-2,TBD,0,0-3,TBD,0,1-2,TBD,0,2-2,TBD,0
Ugx_w7_4V4e56nqctjh4AaABAg,@lorenzomartinez8543,http://www.youtube.com/@lorenzomartinez8543,2026-09-10T18:30:49Z,False,Valid,10,0,0,0,1-2,TBD,0,2-2,TBD,0,2-0,TBD,0,1-0,TBD,0,2-0,TBD,0,1-1,TBD,0,1-2,TBD,0,0-4,TBD,0,1-3,TBD,0,0-1,TBD,0
Ugz4gpvVY09O7ODgYM54AaABAg,@A_k_a_r_i_i,http://www.youtube.com/@A_k_a_r_i_i,2026-09-10T18:29:54Z,False,Valid,9,0,0,0,1-3,TBD,0,N/A,TBD,0,4-2,TBD,0,2-0,TBD,0,4-1,TBD,0,3-1,TBD,0,0-1,TBD,0,0-3,TBD,0,1-3,TBD,0,3-2,TBD,0
UgyvaIowuk-5EPHXM9F4AaABAg,@willharvison3898,http://www.youtube.com/@willharvison3898,2026-09-10T18:29:04Z,False,Valid,10,0,0,0,2-1,TBD,0,2-2,TBD,0,4-1,TBD,0,3-0,TBD,0,3-0,TBD,0,1-1,TBD,0,0-2,TBD,0,0-2,TBD,0,2-3,TBD,0,1-2,TBD,0
UgzqSLnoQdvZQ4VdVgx4AaABAg,@pinkgoose989,http://www.youtube.com/@pinkgoose989,2026-09-10T18:28:21Z,False,Valid,10,0,0,0,2-1,TBD,0,2-2,TBD,0,3-1,TBD,0,0-0,TBD,0,3-0,TBD,0,1-0,TBD,0,0-2,TBD,0,0-2,TBD,0,2-1,TBD,0,1-2,TBD,0
UgzQ9ki3OPrPG9iWah94AaABAg,@TGold7,http://www.youtube.com/@TGold7,2026-09-10T18:28:15Z,False,Valid,10,0,0,0,0-1,TBD,0,1-3,TBD,0,4-2,TBD,0,2-2,TBD,0,2-0,TBD,0,0-1,TBD,0,0-1,TBD,0,1-3,TBD,0,1-3,TBD,0,2-2,TBD,0
UgwkMrJ-Zd1sZsZLbdN4AaABAg,@toko429,http://www.youtube.com/@toko429,2026-09-10T18:27:21Z,False,Valid,9,0,0,0,N/A,TBD,0,0-2,TBD,0,3-1,TBD,0,1-1,TBD,0,3-0,TBD,0,1-0,TBD,0,0-0,TBD,0,1-2,TBD,0,1-2,TBD,0,2-4,TBD,0
UgwDEwKGWSJQ-iC2_eN4AaABAg,@Darko_Milosevski03,http://www.youtube.com/@Darko_Milosevski03,2026-09-10T18:27:18Z,False,Valid,10,0,0,0,2-1,TBD,0,1-2,TBD,0,3-1,TBD,0,2-1,TBD,0,3-1,TBD,0,2-1,TBD,0,0-1,TBD,0,1-3,TBD,0,1-2,TBD,0,2-2,TBD,0
Ugwj0qdqiBBwdsL0uCV4AaABAg,@Kaltyre,http://www.youtube.com/@Kaltyre,2026-09-10T18:26:45Z,False,Valid,9,0,0,0,1-0,TBD,0,1-2,TBD,0,3-1,TBD,0,2-1,TBD,0,N/A,TBD,0,1-2,TBD,0,0-2,TBD,0,1-1,TBD,0,2-3,TBD,0,1-2,TBD,0
Ugyc6_H4M2ElHdqRCeB4AaABAg,@georgewells4136,http://www.youtube.com/@georgewells4136,2026-09-10T18:25:45Z,False,Valid,10,0,0,0,2-2,TBD,0,1-2,TBD,0,5-0,TBD,0,2-1,TBD,0,4-1,TBD,0,1-1,TBD,0,0-2,TBD,0,1-2,TBD,0,1-3,TBD,0,2-2,TBD,0
UgwFeaf3qclhCc6NsKl4AaABAg,@lilpeth67,http://www.youtube.com/@lilpeth67,2026-09-10T18:25:30Z,False,Valid,10,0,0,0,3-1,TBD,0,1-1,TBD,0,3-0,TBD,0,0-0,TBD,0,4-1,TBD,0,2-2,TBD,0,0-2,TBD,0,2-1,TBD,0,3-2,TBD,0,0-1,TBD,0
Ugy8Tels7m9ttqBOnZB4AaABAg,@ryandarbyshire5046,http://www.youtube.com/@ryandarbyshire5046,2026-09-10T18:23:41Z,False,Valid,10,0,0,0,1-1,TBD,0,2-2,TBD,0,2-1,TBD,0,2-0,TBD,0,3-1,TBD,0,1-1,TBD,0,1-2,TBD,0,1-1,TBD,0,1-3,TBD,0,2-0,TBD,0
UgzZOM8KoAQmNNV41Ml4AaABAg,@LibanAbdi-n5l,http://www.youtube.com/@LibanAbdi-n5l,2026-09-10T18:22:27Z,False,Valid,10,0,0,0,2-1,TBD,0,1-3,TBD,0,3-1,TBD,0,2-0,TBD,0,2-0,TBD,0,1-0,TBD,0,1-3,TBD,0,1-4,TBD,0,2-2,TBD,0,0-2,TBD,0
Ugyu5fEYZ0-zIo_ScPB4AaABAg,@CharlieMogg-zl4wl,http://www.youtube.com/@CharlieMogg-zl4wl,2026-09-10T18:22:21Z,False,Valid,10,0,0,0,1-0,TBD,0,1-2,TBD,0,2-1,TBD,0,1-0,TBD,0,3-0,TBD,0,1-1,TBD,0,0-2,TBD,0,1-1,TBD,0,0-0,TBD,0,0-1,TBD,0
UgyfcDUeFnsplyLSY394AaABAg,@TheFinalHoss,http://www.youtube.com/@TheFinalHoss,2026-09-10T18:22:11Z,False,Valid,10,0,0,0,2-1,TBD,0,1-0,TBD,0,3-1,TBD,0,1-0,TBD,0,2-1,TBD,0,0-2,TBD,0,0-1,TBD,0,1-3,TBD,0,2-2,TBD,0,1-1,TBD,0
Ugzoxv03FxpJpzJ07Dp4AaABAg,@charlienotcharles4137,http://www.youtube.com/@charlienotcharles4137,2026-09-10T18:21:37Z,False,Valid,10,0,0,0,2-0,TBD,0,1-2,TBD,0,4-1,TBD,0,1-0,TBD,0,2-0,TBD,0,2-2,TBD,0,1-2,TBD,0,1-1,TBD,0,2-1,TBD,0,1-1,TBD,0
UgxCplXq3tTNvme3TlJ4AaABAg,@abhedyaagarwal5054,http://www.youtube.com/@abhedyaagarwal5054,2026-09-10T18:20:37Z,False,Valid,10,0,0,0,0-2,TBD,0,1-2,TBD,0,4-2,TBD,0,0-1,TBD,0,3-0,TBD,0,2-2,TBD,0,0-2,TBD,0,0-4,TBD,0,2-2,TBD,0,1-2,TBD,0
UgzR-5T-RVi8n1PaSi14AaABAg,@eliashaugenberg5879,http://www.youtube.com/@eliashaugenberg5879,2026-09-10T18:20:33Z,False,Valid,8,0,0,0,1-1,TBD,0,N/A,TBD,0,1-0,TBD,0,2-0,TBD,0,2-0,TBD,0,2-2,TBD,0,1-3,TBD,0,0-2,TBD,0,2-2,TBD,0,N/A,TBD,0
UgyTbtK-lKtJCQm3XQJ4AaABAg,@ghostdavid4838,http://www.youtube.com/@ghostdavid4838,2026-09-10T18:20:12Z,False,Valid,10,0,0,0,1-1,TBD,0,1-1,TBD,0,4-0,TBD,0,3-2,TBD,0,2-2,TBD,0,1-2,TBD,0,0-0,TBD,0,0-1,TBD,0,0-2,TBD,0,0-0,TBD,0
UgyYX8vrV_EuX829qCh4AaABAg,@AyushSharma-qy2si,http://www.youtube.com/@AyushSharma-qy2si,2026-09-10T18:20:04Z,False,Valid,10,0,0,0,2-2,TBD,0,2-1,TBD,0,3-1,TBD,0,2-1,TBD,0,2-0,TBD,0,2-1,TBD,0,1-2,TBD,0,1-0,TBD,0,3-2,TBD,0,0-0,TBD,0
UgyGb1nyyJO8rmGTOG94AaABAg,@strikeyz,http://www.youtube.com/@strikeyz,2026-09-10T18:19:38Z,False,Valid,10,0,0,0,0-1,TBD,0,0-3,TBD,0,1-1,TBD,0,2-1,TBD,0,2-3,TBD,0,0-2,TBD,0,1-3,TBD,0,1-0,TBD,0,2-2,TBD,0,0-0,TBD,0
Ugwbkht4zj3vVi1aUst4AaABAg,@Porto5452,http://www.youtube.com/@Porto5452,2026-09-10T18:18:48Z,False,Valid,10,0,0,0,2-1,TBD,0,1-1,TBD,0,3-2,TBD,0,2-1,TBD,0,3-0,TBD,0,0-1,TBD,0,0-2,TBD,0,0-1,TBD,0,1-2,TBD,0,2-2,TBD,0
UgwtSxdq8v0llM8D5C94AaABAg,@gainzwithglenn,http://www.youtube.com/@gainzwithglenn,2026-09-10T18:18:17Z,False,Valid,10,0,0,0,2-2,TBD,0,2-1,TBD,0,4-1,TBD,0,2-0,TBD,0,3-1,TBD,0,1-0,TBD,0,1-2,TBD,0,1-1,TBD,0,0-2,TBD,0,2-1,TBD,0
UgyfYOB4irXMDcLQm3Z4AaABAg,@adcid93,http://www.youtube.com/@adcid93,2026-09-10T18:15:52Z,False,Valid,10,0,0,0,1-1,TBD,0,0-2,TBD,0,4-1,TBD,0,2-0,TBD,0,2-1,TBD,0,1-2,TBD,0,0-2,TBD,0,0-1,TBD,0,1-2,TBD,0,0-0,TBD,0
UgxlAh8-4cSiLwr0Lqt4AaABAg,@Kingcuba137,http://www.youtube.com/@Kingcuba137,2026-09-10T18:15:30Z,True,Disqualified (Comment was Edited),10,0,0,0,2-2,TBD,0,1-2,TBD,0,3-0,TBD,0,1-1,TBD,0,3-1,TBD,0,1-2,TBD,0,2-2,TBD,0,1-3,TBD,0,3-2,TBD,0,2-1,TBD,0
Ugz80eAR3NWwt7VcMCV4AaABAg,@electro6767,http://www.youtube.com/@electro6767,2026-09-10T18:15:23Z,False,Valid,10,0,0,0,1-1,TBD,0,2-1,TBD,0,3-1,TBD,0,3-1,TBD,0,2-0,TBD,0,1-2,TBD,0,1-1,TBD,0,0-3,TBD,0,2-2,TBD,0,1-1,TBD,0
Ugzoe8IaDOJ2r61M_zN4AaABAg,@Manof0talents,http://www.youtube.com/@Manof0talents,2026-09-10T18:15:19Z,False,Valid,10,0,0,0,1-1,TBD,0,1-2,TBD,0,2-1,TBD,0,1-2,TBD,0,3-1,TBD,0,0-1,TBD,0,1-2,TBD,0,1-1,TBD,0,1-1,TBD,0,2-1,TBD,0
UgxZbuB7RYpnHwoeQFR4AaABAg,@aaronparker111,http://www.youtube.com/@aaronparker111,2026-09-10T18:15:15Z,False,Valid,10,0,0,0,1-1,TBD,0,2-2,TBD,0,3-0,TBD,0,2-1,TBD,0,3-1,TBD,0,1-1,TBD,0,1-4,TBD,0,0-2,TBD,0,2-3,TBD,0,1-1,TBD,0
Ugx-nA8Tv3e7caI2D3R4AaABAg,@ExoticalOfficial,http://www.youtube.com/@ExoticalOfficial,2026-09-10T18:14:40Z,False,Valid,9,0,0,0,0-1,TBD,0,1-1,TBD,0,3-1,TBD,0,0-2,TBD,0,N/A,TBD,0,0-2,TBD,0,0-2,TBD,0,0-3,TBD,0,1-2,TBD,0,1-0,TBD,0
UgwrKsq_-MQEBEoocNd4AaABAg,@keelanduffy6024,http://www.youtube.com/@keelanduffy6024,2026-09-10T18:14:15Z,False,Valid,10,0,0,0,1-1,TBD,0,1-2,TBD,0,4-0,TBD,0,3-1,TBD,0,3-1,TBD,0,1-1,TBD,0,0-1,TBD,0,2-2,TBD,0,2-2,TBD,0,1-0,TBD,0
Ugzz86tcBERupBI4I_p4AaABAg,@missleafeatheleafeon2593,http://www.youtube.com/@missleafeatheleafeon2593,2026-09-10T18:14:07Z,False,Valid,7,0,0,0,8-2,TBD,0,7-8,TBD,0,1-18,TBD,0,N/A,TBD,0,1-6,TBD,0,N/A,TBD,0,17-17,TBD,0,0-3,TBD,0,N/A,TBD,0,8-1,TBD,0
UgwSKLf1QcyMvap1-IJ4AaABAg,@jiken220,http://www.youtube.com/@jiken220,2026-09-10T18:13:51Z,False,Valid,10,0,0,0,1-2,TBD,0,2-1,TBD,0,2-1,TBD,0,1-1,TBD,0,3-1,TBD,0,0-1,TBD,0,0-3,TBD,0,0-4,TBD,0,1-3,TBD,0,1-3,TBD,0
UgzX2E-aME0-IEmbl5N4AaABAg,@kylere2k9,http://www.youtube.com/@kylere2k9,2026-09-10T18:13:20Z,False,Valid,10,0,0,0,2-1,TBD,0,1-1,TBD,0,1-1,TBD,0,3-1,TBD,0,2-0,TBD,0,1-2,TBD,0,0-1,TBD,0,1-1,TBD,0,3-2,TBD,0,1-3,TBD,0
UgyJCNfE8SIkaUtm2vx4AaABAg,@cianmatthews3723,http://www.youtube.com/@cianmatthews3723,2026-09-10T18:13:17Z,False,Valid,9,0,0,0,2-1,TBD,0,2-1,TBD,0,3-0,TBD,0,1-0,TBD,0,3-0,TBD,0,1-0,TBD,0,0-2,TBD,0,1-3,TBD,0,N/A,TBD,0,1-1,TBD,0
UgzIM-23Qtv4fDKu-qd4AaABAg,@jameskelvin9360,http://www.youtube.com/@jameskelvin9360,2026-09-10T18:12:55Z,True,Disqualified (Comment was Edited),10,0,0,0,2-0,TBD,0,1-2,TBD,0,4-1,TBD,0,2-0,TBD,0,3-0,TBD,0,0-1,TBD,0,0-0,TBD,0,0-1,TBD,0,3-2,TBD,0,2-2,TBD,0
Ugw1rZKeZQaU1ACQtFN4AaABAg,@mogus581,http://www.youtube.com/@mogus581,2026-09-10T18:10:40Z,False,Valid,10,0,0,0,0-0,TBD,0,2-1,TBD,0,3-0,TBD,0,0-2,TBD,0,2-1,TBD,0,3-2,TBD,0,0-2,TBD,0,1-1,TBD,0,3-2,TBD,0,0-0,TBD,0
Ugzlw57Ng9FYOjI3dDl4AaABAg,@coveisyes,http://www.youtube.com/@coveisyes,2026-09-10T18:10:30Z,False,Valid,10,0,0,0,0-1,TBD,0,1-1,TBD,0,0-0,TBD,0,2-0,TBD,0,2-1,TBD,0,0-1,TBD,0,0-2,TBD,0,1-1,TBD,0,1-2,TBD,0,2-2,TBD,0
Ugwmk9sPHP8gwvLiLhp4AaABAg,@blackbirdieyt,http://www.youtube.com/@blackbirdieyt,2026-09-10T18:10:17Z,False,Valid,10,0,0,0,0-1,TBD,0,1-1,TBD,0,3-0,TBD,0,3-1,TBD,0,3-0,TBD,0,2-0,TBD,0,0-1,TBD,0,2-2,TBD,0,0-2,TBD,0,1-2,TBD,0
UgyvuqYUEp4ChW2X8lN4AaABAg,@kaushaltank3305,http://www.youtube.com/@kaushaltank3305,2026-09-10T18:09:41Z,False,Valid,9,0,0,0,1-0,TBD,0,N/A,TBD,0,3-1,TBD,0,2-1,TBD,0,3-1,TBD,0,1-1,TBD,0,1-3,TBD,0,1-1,TBD,0,1-1,TBD,0,2-2,TBD,0
Ugy5Bu1jMoyPqFvOjpB4AaABAg,@m4cle4n30,http://www.youtube.com/@m4cle4n30,2026-09-10T18:09:40Z,False,Valid,9,0,0,0,2-0,TBD,0,1-0,TBD,0,2-0,TBD,0,3-2,TBD,0,1-0,TBD,0,2-0,TBD,0,1-2,TBD,0,2-2,TBD,0,1-1,TBD,0,N/A,TBD,0
UgxalKZ-gDyY2GFrZtV4AaABAg,@Omer-v1y9x,http://www.youtube.com/@Omer-v1y9x,2026-09-10T18:08:23Z,False,Valid,10,0,0,0,1-1,TBD,0,2-1,TBD,0,4-1,TBD,0,2-1,TBD,0,2-0,TBD,0,1-2,TBD,0,0-3,TBD,0,1-3,TBD,0,2-1,TBD,0,2-3,TBD,0
UgxYdq5VAagMqJBlxdN4AaABAg,@davidord2934,http://www.youtube.com/@davidord2934,2026-09-10T18:08:19Z,False,Valid,10,0,0,0,1-1,TBD,0,0-2,TBD,0,2-2,TBD,0,2-2,TBD,0,3-2,TBD,0,0-2,TBD,0,1-1,TBD,0,1-1,TBD,0,0-3,TBD,0,2-3,TBD,0
Ugz_QbWS7E24FBgYE-V4AaABAg,@aakashagarwal6184,http://www.youtube.com/@aakashagarwal6184,2026-09-10T18:07:39Z,False,Valid,9,0,0,0,2-1,TBD,0,N/A,TBD,0,2-1,TBD,0,2-2,TBD,0,3-2,TBD,0,1-1,TBD,0,1-2,TBD,0,1-2,TBD,0,1-2,TBD,0,1-2,TBD,0
UgzgjSGI0aP7u4l5bk54AaABAg,@mrgreenmario64,http://www.youtube.com/@mrgreenmario64,2026-09-10T18:07:14Z,False,Valid,10,0,0,0,1-2,TBD,0,2-0,TBD,0,2-2,TBD,0,3-1,TBD,0,4-1,TBD,0,1-2,TBD,0,1-1,TBD,0,1-3,TBD,0,2-2,TBD,0,2-1,TBD,0
UgwS6u8yVH83ENeDkFJ4AaABAg,@nonstoptown6461,http://www.youtube.com/@nonstoptown6461,2026-09-10T18:06:17Z,False,Valid,10,0,0,0,1-1,TBD,0,0-2,TBD,0,3-2,TBD,0,2-2,TBD,0,3-1,TBD,0,0-2,TBD,0,0-1,TBD,0,1-2,TBD,0,0-3,TBD,0,3-3,TBD,0
UgzOgGGsf5Lo_VB_LFl4AaABAg,@thehamyton4700,http://www.youtube.com/@thehamyton4700,2026-09-10T18:06:13Z,False,Valid,10,0,0,0,1-1,TBD,0,2-2,TBD,0,0-1,TBD,0,1-2,TBD,0,3-1,TBD,0,1-3,TBD,0,1-4,TBD,0,1-3,TBD,0,2-4,TBD,0,2-2,TBD,0
UgyFmPYakMlQp3AIALl4AaABAg,@hopjoshkins,http://www.youtube.com/@hopjoshkins,2026-09-10T18:04:22Z,False,Valid,10,0,0,0,0-2,TBD,0,0-1,TBD,0,4-2,TBD,0,1-1,TBD,0,2-1,TBD,0,1-1,TBD,0,0-2,TBD,0,1-2,TBD,0,0-3,TBD,0,2-2,TBD,0
UgwcSUIsyb7rCBhm5Mx4AaABAg,@NatalieMeow1,http://www.youtube.com/@NatalieMeow1,2026-09-10T18:03:59Z,False,Valid,10,0,0,0,2-1,TBD,0,1-1,TBD,0,0-0,TBD,0,2-0,TBD,0,3-1,TBD,0,1-1,TBD,0,0-3,TBD,0,0-2,TBD,0,1-2,TBD,0,1-1,TBD,0
Ugxhywn6C_nEhg6mE4B4AaABAg,@NZ_COYS_SPURS,http://www.youtube.com/@NZ_COYS_SPURS,2026-09-10T18:03:54Z,False,Valid,8,0,0,0,1-1,TBD,0,2-2,TBD,0,2-1,TBD,0,1-2,TBD,0,2-1,TBD,0,2-1,TBD,0,N/A,TBD,0,N/A,TBD,0,2-3,TBD,0,2-1,TBD,0
UgyCiRd4lB1AY-71I2B4AaABAg,@aakashezhilan4520,http://www.youtube.com/@aakashezhilan4520,2026-09-10T18:03:24Z,False,Valid,10,0,0,0,1-2,TBD,0,2-1,TBD,0,2-0,TBD,0,1-0,TBD,0,3-1,TBD,0,1-2,TBD,0,0-3,TBD,0,0-2,TBD,0,1-3,TBD,0,1-2,TBD,0
UgyHqP5C_aYBoJOLOv54AaABAg,@zavock,http://www.youtube.com/@zavock,2026-09-10T18:02:54Z,False,Valid,10,0,0,0,2-2,TBD,0,1-3,TBD,0,4-0,TBD,0,2-0,TBD,0,2-1,TBD,0,0-1,TBD,0,0-1,TBD,0,1-1,TBD,0,1-3,TBD,0,1-1,TBD,0
Ugym28iyv6DqHekR4Yt4AaABAg,@FootyFever-m3s,http://www.youtube.com/@FootyFever-m3s,2026-09-10T18:02:37Z,False,Valid,9,0,0,0,2-0,TBD,0,N/A,TBD,0,1-0,TBD,0,2-1,TBD,0,3-1,TBD,0,0-0,TBD,0,1-1,TBD,0,1-1,TBD,0,2-1,TBD,0,2-1,TBD,0
UgyNSNT3rnoIrcuO3ZZ4AaABAg,@SomeGuyWhoSupportsManCity,http://www.youtube.com/@SomeGuyWhoSupportsManCity,2026-09-10T18:02:31Z,False,Valid,9,0,0,0,2-3,TBD,0,2-1,TBD,0,3-0,TBD,0,0-0,TBD,0,4-2,TBD,0,1-2,TBD,0,1-2,TBD,0,1-4,TBD,0,N/A,TBD,0,2-2,TBD,0
Ugy9_RhfbW2OfSPGAsN4AaABAg,@brynjar843,http://www.youtube.com/@brynjar843,2026-09-10T18:01:32Z,False,Valid,10,0,0,0,1-1,TBD,0,1-2,TBD,0,1-0,TBD,0,3-1,TBD,0,4-2,TBD,0,2-1,TBD,0,0-2,TBD,0,1-2,TBD,0,1-1,TBD,0,1-0,TBD,0
Ugw-xV-Ue2JtqgI61k94AaABAg,@daynerichards5292,http://www.youtube.com/@daynerichards5292,2026-09-10T18:00:16Z,False,Valid,10,0,0,0,1-2,TBD,0,1-1,TBD,0,2-1,TBD,0,2-1,TBD,0,3-1,TBD,0,1-2,TBD,0,0-3,TBD,0,0-2,TBD,0,2-1,TBD,0,1-2,TBD,0
UgwdWcZfuAAHtDuIBsV4AaABAg,@CosminsssAlex,http://www.youtube.com/@CosminsssAlex,2026-09-10T18:00:04Z,False,Valid,10,0,0,0,2-1,TBD,0,2-0,TBD,0,3-0,TBD,0,1-1,TBD,0,3-1,TBD,0,2-1,TBD,0,0-1,TBD,0,0-2,TBD,0,1-1,TBD,0,3-2,TBD,0
UgzJw93fzq5qkolBOHt4AaABAg,@Everything-LiverpoolFC,http://www.youtube.com/@Everything-LiverpoolFC,2026-09-10T17:59:52Z,False,Valid,10,0,0,0,2-1,TBD,0,1-2,TBD,0,2-0,TBD,0,2-1,TBD,0,3-1,TBD,0,1-1,TBD,0,0-1,TBD,0,0-3,TBD,0,2-3,TBD,0,2-2,TBD,0
UgwOwpUrDHQvFVx8uPN4AaABAg,@Madcam647,http://www.youtube.com/@Madcam647,2026-09-10T17:59:48Z,False,Valid,10,0,0,0,1-1,TBD,0,1-2,TBD,0,2-1,TBD,0,1-0,TBD,0,2-0,TBD,0,2-2,TBD,0,1-3,TBD,0,0-3,TBD,0,1-2,TBD,0,2-3,TBD,0
UgwT1qUku2O1hZx2pjR4AaABAg,@kevinnaves2277,http://www.youtube.com/@kevinnaves2277,2026-09-10T17:58:38Z,False,Valid,10,0,0,0,1-1,TBD,0,0-2,TBD,0,3-2,TBD,0,1-1,TBD,0,2-0,TBD,0,0-1,TBD,0,0-2,TBD,0,0-2,TBD,0,1-2,TBD,0,2-1,TBD,0
Ugx_hr_9deEc69Uz4wp4AaABAg,@EthanDolan6,http://www.youtube.com/@EthanDolan6,2026-09-10T17:56:11Z,False,Valid,9,0,0,0,1-1,TBD,0,1-1,TBD,0,2-0,TBD,0,2-1,TBD,0,2-0,TBD,0,0-1,TBD,0,1-3,TBD,0,1-2,TBD,0,3-1,TBD,0,N/A,TBD,0
Ugz_mLbhtOi_w7TWycR4AaABAg,@FrontrunnerMotorsport,http://www.youtube.com/@FrontrunnerMotorsport,2026-09-10T17:55:18Z,False,Valid,10,0,0,0,3-1,TBD,0,2-1,TBD,0,2-0,TBD,0,2-2,TBD,0,3-2,TBD,0,1-2,TBD,0,0-2,TBD,0,2-2,TBD,0,1-5,TBD,0,2-3,TBD,0
UgyKuB7mxuW4gsOQ_1h4AaABAg,@th3ropy406,http://www.youtube.com/@th3ropy406,2026-09-10T17:53:25Z,False,Valid,10,0,0,0,1-2,TBD,0,1-1,TBD,0,2-0,TBD,0,2-1,TBD,0,4-0,TBD,0,0-1,TBD,0,1-3,TBD,0,0-2,TBD,0,1-3,TBD,0,1-1,TBD,0
Ugww3IALP7EFSUu_KqJ4AaABAg,@brandonmarlo69,http://www.youtube.com/@brandonmarlo69,2026-09-10T17:51:29Z,False,Valid,10,0,0,0,3-0,TBD,0,1-1,TBD,0,4-1,TBD,0,1-0,TBD,0,2-0,TBD,0,1-0,TBD,0,1-4,TBD,0,0-2,TBD,0,2-3,TBD,0,2-1,TBD,0
UgzJ7M-G6vQ-jl5olEd4AaABAg,@RyanH2005,http://www.youtube.com/@RyanH2005,2026-09-10T17:50:44Z,False,Valid,10,0,0,0,2-1,TBD,0,1-1,TBD,0,3-1,TBD,0,2-0,TBD,0,3-1,TBD,0,1-1,TBD,0,0-2,TBD,0,1-2,TBD,0,1-2,TBD,0,1-2,TBD,0
